{
    "forks_count": 20,
    "forkers": [
        "hotelzululima",
        "PurpleIStheNewBLACK",
        "wisdark",
        "zc-githubs",
        "V1rtu0l",
        "fckoo",
        "blueDeath3301",
        "An0nUD4Y",
        "killvxk",
        "nanaao",
        "hakbyte",
        "edermi",
        "dkstar11q",
        "gmh5225",
        "ASkyeye",
        "necx512",
        "cossinadevil2k",
        "cvlabsio",
        "mukarramkhalid",
        "emdnaia"
    ],
    "stargazers_count": 142,
    "stargazers": [
        "fhlip0",
        "itaymigdal",
        "grim3",
        "MuzukashiMkJin",
        "1N73LL1G3NC3x",
        "Irate-Walrus",
        "hastalamuerte",
        "TTP-Xtian",
        "xrkk",
        "famasoon",
        "natesubra",
        "yeshuibo",
        "m3rcer",
        "mukarramkhalid",
        "Aetsu",
        "int3hh",
        "RalphDesmangles",
        "Mrhax0rr",
        "sh1xo",
        "fiercebrute",
        "zblurx",
        "MahanRajabi80",
        "cossinadevil2k",
        "hoaazz",
        "boringthegod",
        "Hello-xBugs",
        "nanderh",
        "habib26-14",
        "odzhan",
        "byt3bl33d3r",
        "Jaxii",
        "eladyesh",
        "Logan-Elliott",
        "pqcfox",
        "S3lrius",
        "steepcloud",
        "shrek3n",
        "Kr0ff",
        "d0gkiller87",
        "luxcupitor",
        "exord66",
        "hudjefa",
        "gmh5225",
        "cmjlove1",
        "qsdj",
        "BabelQwerty",
        "bridge-four",
        "zerdnem",
        "dust-life",
        "yandek16",
        "BGE-faith",
        "DeepzUa",
        "edermi",
        "Donovoi",
        "come2darkside",
        "kyjybx",
        "oakkaya",
        "heavyscan",
        "yamakadi",
        "boh",
        "SanjP97",
        "gh-fml",
        "g0h4n",
        "YDHCUI",
        "BorjaMerino",
        "HelloYmf",
        "RockyBukake",
        "byt3exec",
        "tylerrobinson",
        "cmprmsd",
        "Lz1y",
        "gr0s4b1",
        "mssky9527",
        "moohax",
        "cnyllou",
        "HToTH",
        "romansko",
        "moonflowersl",
        "thelittlefireman",
        "marcoheijkoop",
        "gi0cann",
        "moon2l",
        "iccugs",
        "aleenzz",
        "p4yl0ad",
        "cocoonkid",
        "fdx-xdf",
        "dsturge01",
        "TomTom18-eng",
        "OffensiveBrute",
        "epichoxha",
        "GerhardBotha97",
        "kernel-sanders",
        "hyperware1337",
        "n0n5m1l3",
        "Keramas",
        "nanaao",
        "wuppp",
        "mmioimm",
        "c3pain",
        "Ridter",
        "Ptkatz",
        "pr0b3r7",
        "zmkeh",
        "killvxk",
        "zibo2019",
        "fkasler",
        "N0Wall",
        "blueDeath3301",
        "snovvcrash",
        "DrorDvash",
        "werdhaihai",
        "assarbad",
        "Ghost53574",
        "fckoo",
        "bannsec",
        "alpaca121",
        "slemire",
        "Atsika",
        "0xASTRA",
        "sdhornet",
        "bcdlbgm",
        "a7t0fwa7",
        "wisdark",
        "K3rnel-Dev",
        "doctorPrinz",
        "dinosn",
        "Taius",
        "Teach2Breach",
        "gitgotgitgotit",
        "cn-kali-team",
        "nclv",
        "Prepouce",
        "iliopoul",
        "lkys37en",
        "just4anut",
        "Mayter",
        "Dx3One",
        "EgeBalci",
        "swagkarna",
        "Auskren",
        "wrkeagle"
    ],
    "watchers_count": 142,
    "watchers": [
        "fhlip0",
        "itaymigdal",
        "grim3",
        "MuzukashiMkJin",
        "1N73LL1G3NC3x",
        "Irate-Walrus",
        "hastalamuerte",
        "TTP-Xtian",
        "xrkk",
        "famasoon",
        "natesubra",
        "yeshuibo",
        "m3rcer",
        "mukarramkhalid",
        "Aetsu",
        "int3hh",
        "RalphDesmangles",
        "Mrhax0rr",
        "sh1xo",
        "fiercebrute",
        "zblurx",
        "MahanRajabi80",
        "cossinadevil2k",
        "hoaazz",
        "boringthegod",
        "Hello-xBugs",
        "nanderh",
        "habib26-14",
        "odzhan",
        "byt3bl33d3r",
        "Jaxii",
        "eladyesh",
        "Logan-Elliott",
        "pqcfox",
        "S3lrius",
        "steepcloud",
        "shrek3n",
        "Kr0ff",
        "d0gkiller87",
        "luxcupitor",
        "exord66",
        "hudjefa",
        "gmh5225",
        "cmjlove1",
        "qsdj",
        "BabelQwerty",
        "bridge-four",
        "zerdnem",
        "dust-life",
        "yandek16",
        "BGE-faith",
        "DeepzUa",
        "edermi",
        "Donovoi",
        "come2darkside",
        "kyjybx",
        "oakkaya",
        "heavyscan",
        "yamakadi",
        "boh",
        "SanjP97",
        "gh-fml",
        "g0h4n",
        "YDHCUI",
        "BorjaMerino",
        "HelloYmf",
        "RockyBukake",
        "byt3exec",
        "tylerrobinson",
        "cmprmsd",
        "Lz1y",
        "gr0s4b1",
        "mssky9527",
        "moohax",
        "cnyllou",
        "HToTH",
        "romansko",
        "moonflowersl",
        "thelittlefireman",
        "marcoheijkoop",
        "gi0cann",
        "moon2l",
        "iccugs",
        "aleenzz",
        "p4yl0ad",
        "cocoonkid",
        "fdx-xdf",
        "dsturge01",
        "TomTom18-eng",
        "OffensiveBrute",
        "epichoxha",
        "GerhardBotha97",
        "kernel-sanders",
        "hyperware1337",
        "n0n5m1l3",
        "Keramas",
        "nanaao",
        "wuppp",
        "mmioimm",
        "c3pain",
        "Ridter",
        "Ptkatz",
        "pr0b3r7",
        "zmkeh",
        "killvxk",
        "zibo2019",
        "fkasler",
        "N0Wall",
        "blueDeath3301",
        "snovvcrash",
        "DrorDvash",
        "werdhaihai",
        "assarbad",
        "Ghost53574",
        "fckoo",
        "bannsec",
        "alpaca121",
        "slemire",
        "Atsika",
        "0xASTRA",
        "sdhornet",
        "bcdlbgm",
        "a7t0fwa7",
        "wisdark",
        "K3rnel-Dev",
        "doctorPrinz",
        "dinosn",
        "Taius",
        "Teach2Breach",
        "gitgotgitgotit",
        "cn-kali-team",
        "nclv",
        "Prepouce",
        "iliopoul",
        "lkys37en",
        "just4anut",
        "Mayter",
        "Dx3One",
        "EgeBalci",
        "swagkarna",
        "Auskren",
        "wrkeagle"
    ],
    "contributor_count": 1,
    "contributors": [
        "BlackSnufkin"
    ],
    "open_pull_request_count": 0,
    "open_pull_requests": [],
    "label_count": 9,
    "labels": [
        "bug",
        "documentation",
        "duplicate",
        "enhancement",
        "good first issue",
        "help wanted",
        "invalid",
        "question",
        "wontfix"
    ],
    "subscribers": [
        "BlackSnufkin"
    ],
    "subscribers_count": 1,
    "committers": [
        "BlackSnufkin",
        "BlackSnufkin",
        "BlackSnufkin",
        "BlackSnufkin",
        "BlackSnufkin",
        "BlackSnufkin",
        "BlackSnufkin",
        "BlackSnufkin",
        "BlackSnufkin",
        "BlackSnufkin",
        "BlackSnufkin",
        "BlackSnufkin",
        "BlackSnufkin",
        "BlackSnufkin",
        "web-flow",
        "BlackSnufkin",
        "web-flow",
        "web-flow",
        "web-flow",
        "web-flow",
        "BlackSnufkin",
        "BlackSnufkin",
        "web-flow",
        "web-flow",
        "web-flow",
        "BlackSnufkin",
        "BlackSnufkin",
        "BlackSnufkin",
        "BlackSnufkin",
        "BlackSnufkin",
        "BlackSnufkin",
        "BlackSnufkin",
        "BlackSnufkin",
        "web-flow"
    ],
    "committers_count": 2,
    "committers_emails": [
        "blacksnufkin42@gmail.com",
        "blacksnufkin42@gmail.com",
        "blacksnufkin42@gmail.com",
        "blacksnufkin42@gmail.com",
        "blacksnufkin42@gmail.com",
        "blacksnufkin42@gmail.com",
        "blacksnufkin42@gmail.com",
        "blacksnufkin42@gmail.com",
        "blacksnufkin42@gmail.com",
        "blacksnufkin42@gmail.com",
        "blacksnufkin42@gmail.com",
        "blacksnufkin42@gmail.com",
        "blacksnufkin42@gmail.com",
        "blacksnufkin42@gmail.com",
        "61916899+BlackSnufkin@users.noreply.github.com",
        "blacksnufkin42@gmail.com",
        "61916899+BlackSnufkin@users.noreply.github.com",
        "61916899+BlackSnufkin@users.noreply.github.com",
        "61916899+BlackSnufkin@users.noreply.github.com",
        "61916899+BlackSnufkin@users.noreply.github.com",
        "blacksnufkin42@gmail.com",
        "blacksnufkin42@gmail.com",
        "61916899+BlackSnufkin@users.noreply.github.com",
        "61916899+BlackSnufkin@users.noreply.github.com",
        "61916899+BlackSnufkin@users.noreply.github.com",
        "blacksnufkin42@gmail.com",
        "blacksnufkin42@gmail.com",
        "blacksnufkin42@gmail.com",
        "blacksnufkin42@gmail.com",
        "blacksnufkin42@gmail.com",
        "blacksnufkin42@gmail.com",
        "blacksnufkin42@gmail.com",
        "blacksnufkin42@gmail.com",
        "61916899+BlackSnufkin@users.noreply.github.com"
    ],
    "committers_emails_count": 2,
    "assignees": [
        "BlackSnufkin"
    ],
    "assignees_count": 1
}