{"forks_count":7,"forkers":["0xAJStrike","DrCyb3rr","carylhxaviellyetti","Tobey123","Hdys0vn","xtenex","timb-machine-mirrors"],"stargazers_count":82,"stargazers":["HaydoW-NS","Taius","d3f0x0","korang","kegwell","n00py","m0nk336","zwned","nickhakkz","FreeZeroDays","a7t0fwa7","Leon0pteryx","fullspectrumdev","BlackDiverX","samdeviron","Kr0ff","incendiary","C0axx","ongyuann","bond00","000pp","th3k3ymak3r","Dharani-sanjaiy","evildrummer","VictorZuyev","Thauza","fnpial","matthewomccorkle","Cyb3r-Monk","manesec","MrGuidedVengeance","jacy1101","cyb3rjerry","MohamedAzyzChayeb","composerjson","PowerPress","MatAMel","jimdi","dactix","darmado","ik5","BertMueller18","hirak0","xKore123","edermi","naksyn","Hdys0vn","danti1988","SokratisUNI","klezVirus","nclv","Adminxe","aN0mad","helloyw","alecclyde","evilashz","cmjlove1","ch-fun","zmkeh","0x516A","healtheedom","factoffer66","gr0s4b1","zyenai","Nuoyancv","mr-pmillz","CoS666-666","yueyeah","ayaz-z","TheLosingEdge","password-reset","Mayter","UIWP0","hamb0n-3","pr3sbere","KlinKlinKlin","xsxz","chunnni","jamie-netspi","dogasantos","hastalamuerte","0x15k"],"watchers_count":82,"watchers":["HaydoW-NS","Taius","d3f0x0","korang","kegwell","n00py","m0nk336","zwned","nickhakkz","FreeZeroDays","a7t0fwa7","Leon0pteryx","fullspectrumdev","BlackDiverX","samdeviron","Kr0ff","incendiary","C0axx","ongyuann","bond00","000pp","th3k3ymak3r","Dharani-sanjaiy","evildrummer","VictorZuyev","Thauza","fnpial","matthewomccorkle","Cyb3r-Monk","manesec","MrGuidedVengeance","jacy1101","cyb3rjerry","MohamedAzyzChayeb","composerjson","PowerPress","MatAMel","jimdi","dactix","darmado","ik5","BertMueller18","hirak0","xKore123","edermi","naksyn","Hdys0vn","danti1988","SokratisUNI","klezVirus","nclv","Adminxe","aN0mad","helloyw","alecclyde","evilashz","cmjlove1","ch-fun","zmkeh","0x516A","healtheedom","factoffer66","gr0s4b1","zyenai","Nuoyancv","mr-pmillz","CoS666-666","yueyeah","ayaz-z","TheLosingEdge","password-reset","Mayter","UIWP0","hamb0n-3","pr3sbere","KlinKlinKlin","xsxz","chunnni","jamie-netspi","dogasantos","hastalamuerte","0x15k"],"contributor_count":1,"contributors":["danti1988"],"open_pull_request_count":0,"open_pull_requests":[],"label_count":9,"labels":["bug","documentation","duplicate","enhancement","good first issue","help wanted","invalid","question","wontfix"],"subscribers":["danti1988","SokratisUNI"],"subscribers_count":2,"committers":["web-flow","web-flow","web-flow","web-flow","web-flow","web-flow","web-flow","web-flow","web-flow","web-flow","web-flow","web-flow","web-flow","web-flow","web-flow","web-flow","web-flow","web-flow","web-flow","web-flow","web-flow","web-flow","web-flow","web-flow","web-flow","web-flow","web-flow"],"committers_count":1,"committers_emails":["91211347+danti1988@users.noreply.github.com","91211347+danti1988@users.noreply.github.com","91211347+danti1988@users.noreply.github.com","91211347+danti1988@users.noreply.github.com","91211347+danti1988@users.noreply.github.com","91211347+danti1988@users.noreply.github.com","91211347+danti1988@users.noreply.github.com","91211347+danti1988@users.noreply.github.com","91211347+danti1988@users.noreply.github.com","91211347+danti1988@users.noreply.github.com","91211347+danti1988@users.noreply.github.com","91211347+danti1988@users.noreply.github.com","91211347+danti1988@users.noreply.github.com","91211347+danti1988@users.noreply.github.com","91211347+danti1988@users.noreply.github.com","91211347+danti1988@users.noreply.github.com","91211347+danti1988@users.noreply.github.com","91211347+danti1988@users.noreply.github.com","91211347+danti1988@users.noreply.github.com","91211347+danti1988@users.noreply.github.com","91211347+danti1988@users.noreply.github.com","91211347+danti1988@users.noreply.github.com","91211347+danti1988@users.noreply.github.com","91211347+danti1988@users.noreply.github.com","91211347+danti1988@users.noreply.github.com","91211347+danti1988@users.noreply.github.com","91211347+danti1988@users.noreply.github.com"],"committers_emails_count":1,"authors":["danti1988","danti1988","danti1988","danti1988","danti1988","danti1988","danti1988","danti1988","danti1988","danti1988","danti1988","danti1988","danti1988","danti1988","danti1988","danti1988","danti1988","danti1988","danti1988","danti1988","danti1988","danti1988","danti1988","danti1988","danti1988","danti1988","danti1988"],"authors_count":1,"assignees":["danti1988"],"assignees_count":1}