{"forks_count":12,"forkers":["v4nyl","RedTeams","killvxk","gmh5225","gavz","0xSojalSec","Yeah9782","Swifto0","mukarramkhalid","Sec-Fork","emdnaia","ASkyeye"],"stargazers_count":75,"stargazers":["voidvxvt","fckoo","FatCyclone","icyguider","0xcobaltlad","FZKiritsugu","S3lrius","moonflowersl","bravery9","zhzyker","mssky9527","xzxxzzzz000","TomTom18-eng","INotGreen","tdsbs","2867a0","mukarramkhalid","famasoon","xrkk","kleiton0x00","H1ghC0ntr4sT","paranoidrookie","Yeah9782","d0gkiller87","sh4hin","Hello-xBugs","W0rldSeeker","denji","nclv","HudsonSeiler","user23333","luxcupitor","th3k3ymak3r","kernel-sanders","Cr4sh","NoobCat2000","OffensiveBrute","S4CH","pracsec","4l3x777","0xvm","a7t0fwa7","JeremyNGalloway","bluej0k3r","aleenzz","Conan924","DeEpinGh0st","din4e","Swifto0","V1rtu0l","zabuzazabuya","d0ub1ec0d3","naksyn","sodinokibi","kapiushion","Taius","TheGreatestGgoat","killvxk","zmkeh","assqingt","linkinpark320","hucheat","mepher","Mrhax0rr","assarbad","chr0n1k","chryzsh","edermi","mlkjjkclsdcsd","hirak0","RalphDesmangles","st3rven","branoodle","v4nyl","yan16-DZ"],"watchers_count":75,"watchers":["voidvxvt","fckoo","FatCyclone","icyguider","0xcobaltlad","FZKiritsugu","S3lrius","moonflowersl","bravery9","zhzyker","mssky9527","xzxxzzzz000","TomTom18-eng","INotGreen","tdsbs","2867a0","mukarramkhalid","famasoon","xrkk","kleiton0x00","H1ghC0ntr4sT","paranoidrookie","Yeah9782","d0gkiller87","sh4hin","Hello-xBugs","W0rldSeeker","denji","nclv","HudsonSeiler","user23333","luxcupitor","th3k3ymak3r","kernel-sanders","Cr4sh","NoobCat2000","OffensiveBrute","S4CH","pracsec","4l3x777","0xvm","a7t0fwa7","JeremyNGalloway","bluej0k3r","aleenzz","Conan924","DeEpinGh0st","din4e","Swifto0","V1rtu0l","zabuzazabuya","d0ub1ec0d3","naksyn","sodinokibi","kapiushion","Taius","TheGreatestGgoat","killvxk","zmkeh","assqingt","linkinpark320","hucheat","mepher","Mrhax0rr","assarbad","chr0n1k","chryzsh","edermi","mlkjjkclsdcsd","hirak0","RalphDesmangles","st3rven","branoodle","v4nyl","yan16-DZ"],"contributor_count":1,"contributors":["NtDallas"],"open_pull_request_count":0,"open_pull_requests":[],"label_count":9,"labels":["bug","documentation","duplicate","enhancement","good first issue","help wanted","invalid","question","wontfix"],"subscribers":["NtDallas"],"subscribers_count":1,"committers":["web-flow","web-flow","web-flow","NtDallas","NtDallas"],"committers_count":2,"committers_emails":["187520562+NtDallas@users.noreply.github.com","187520562+NtDallas@users.noreply.github.com","187520562+NtDallas@users.noreply.github.com","187520562+NtDallas@users.noreply.github.com","187520562+NtDallas@users.noreply.github.com"],"committers_emails_count":1,"authors":["NtDallas","NtDallas","NtDallas","NtDallas","NtDallas"],"authors_count":1,"assignees":["NtDallas"],"assignees_count":1}