{"forks_count":38,"forkers":["killvxk","X-TFrk","RakhithJK","RedTeams","dkstar11q","dingi3","baldpiglet","vurayman","primody","jorik041","fadinglr","gavz","AntonDellua","jora535","onesorzer0es","BreachAssume","INCOD3","C0C0red","Teutades","Sec-Fork","w1nds","UnbreakableMJ","cd9e","aptattack","shonker","SoloDefend","gmh5225","chrismeistre","zoombegod","test1213145","Neo-347","c0de-sin","opensesamedoors","Nyx2022","freeide","gabyavra","hackingco","dmore","analyticsearch","dannymas","curtishoughton","ASkyeye"],"stargazers_count":270,"stargazers":["gsmith257-cyber","catpipeless","tais9","moonflowersl","lemonfugu","th3k3ymak3r","WeissCatWithHat","0gr3n1nj4","0xsyr0","itaymigdal","MaorSabag","heiye007","SandeepSinghSethi","aancw","fnpial","koztkozt","laznotlazy","curtishoughton","anerdwithaknife","ongyuann","Fruk0","AnkurYogi","Ivan-Markovic","habib26-14","petarbojic","a7t0fwa7","gabyavra","rahigeramifar","8l1NKY","VoldeSec","evildrummer","JacksonStonee","CausticKirbyZ","1N73LL1G3NC3x","Prajwal1975","exorcize","embargod","kpa1on","saint033","d3f0x0","Shli1337","cdn415","stultitiophobia","sirrushoo","reveng007","FZKiritsugu","Jec00","Pascal-0x90","xrkk","k3nundrum","ligHthoUse-951","Ptkatz","Nyx2022","EZiskpsy05","sscoconutree","Jaxii","nonnil","cdxiaodong","EwanSunn","go-spider","Klearcc","user23333","an0x03e8","fiercebrute","hastalamuerte","AssassinUKG","80r1ng","your3cho","boringthegod","AdrienIT","0x11DFE","EpicTia93","pvfOliveira","KeyStrOke95","Adamkadaban","Rodrigo-Hr25","Cer3s-k","jisanlong","ik5","MrGuidedVengeance","RedByte1337","gelven4sec","tAnarchist","MvdZande","BlackNurse","int3hh","SophosRobert","byinarie","ZeMooX","paritybitllc","Jerr279","Neo-347","ShinobiHanzo","tdr130","invokethreatguy","kernel-sanders","killvxk","xss517","zmkeh","nickcno","nanaao","sodinokibi","Taius","tailvpn","FacePalmFury","aweMinchoo","mepher","ROHAN11292","lewiswigmore","egeldenhuys","SolomonSklash","sh4hin","kplei","joaoviictorti","uknowsec","Ridter","xnianq","uber6","BlackTrace","lck0","dust-life","getcode2git","Iamgublin","Lengso","asman1337","BGE-faith","passwa11","GitttttBottttt","StarkChristmas","vcarus","edermi","Patrick-DE","BlaiseOfGlory","Hello-xBugs","cn6u9","winterknife","S1SYPHOS","orociic","alpaca121","br3ign","aqiMMM","nex121","Spambustas","zhzyker","abdallahheidar","paran0ids0ul","sdhornet","paranoidrookie","JeremyNGalloway","zpaav","SwampSec","zavke","sneerx","Imanfeng","MikJagger","winezer0","7Shad0w","test-for-play","TH3P1T","deeexcee-io","C0C0red","helo86","newsoft","davehardy20","mwatkins-leviathan","cr0nyx","xbucd","T0D0DEKU","factoffer66","sheepdog0x3e","honorxux","rb-x","BreachAssume","kazumasec","Trevorkutto","mukarramkhalid","Reijaff","jivoi","onesorzer0es","DeepzUa","nclv","0A7V9A","leonardotw","come2darkside","bidhata","austin-cs","hulto","RCStep","cmprmsd","Kr0ff","its0x08","dottorvenom","Dcreo","hangrum","BlueSharkPartners","opexxx","UuF4bY","0xm0","hirak0","Incisive","Tripse","jimdi","shashinma","AntonDellua","gi3mos","geliuz","pranavirabatti","lenxy-ea","Miscf","ghsty1","Lz1y","pcgoodboy","tkmikan","vaguue","ceclin","fadinglr","Vith0r","assarbad","bridge-four","yueyeah","chryzsh","f0calorm","d47zm3","xXyouknowxX","Codekies","RonnieSalomonsen","navaneeth-dev","0xArsene","knowlezi","iojymbo","ryanbaxendale","imrajat55","EclipseX270","0xDECEA5ED","cx-4","gja89p45utau84","secureman","Warren-Jace","baldpiglet","xXxsomebodyoncetoldmexXx","paulina351","TheLosingEdge","radiaku","HORKimhab","R00tedbrain","EricoPawn","Saltinbank-SyS","zhangding222","murfcam","Martins-chu","frereit","niaojin","KlinKlinKlin","mossdinger","zero77","oldkingcone","MuzukashiMkJin","mubarizkyc","AZEC0x00","baocaisheng","Mrhax0rr","jaboss216","D4rkSh1ft","cmndcntrlcyber","voidvxvt","kepler404","mlkjjkclsdcsd","malc0des","g0h4n","BenjiTrapp"],"watchers_count":270,"watchers":["gsmith257-cyber","catpipeless","tais9","moonflowersl","lemonfugu","th3k3ymak3r","WeissCatWithHat","0gr3n1nj4","0xsyr0","itaymigdal","MaorSabag","heiye007","SandeepSinghSethi","aancw","fnpial","koztkozt","laznotlazy","curtishoughton","anerdwithaknife","ongyuann","Fruk0","AnkurYogi","Ivan-Markovic","habib26-14","petarbojic","a7t0fwa7","gabyavra","rahigeramifar","8l1NKY","VoldeSec","evildrummer","JacksonStonee","CausticKirbyZ","1N73LL1G3NC3x","Prajwal1975","exorcize","embargod","kpa1on","saint033","d3f0x0","Shli1337","cdn415","stultitiophobia","sirrushoo","reveng007","FZKiritsugu","Jec00","Pascal-0x90","xrkk","k3nundrum","ligHthoUse-951","Ptkatz","Nyx2022","EZiskpsy05","sscoconutree","Jaxii","nonnil","cdxiaodong","EwanSunn","go-spider","Klearcc","user23333","an0x03e8","fiercebrute","hastalamuerte","AssassinUKG","80r1ng","your3cho","boringthegod","AdrienIT","0x11DFE","EpicTia93","pvfOliveira","KeyStrOke95","Adamkadaban","Rodrigo-Hr25","Cer3s-k","jisanlong","ik5","MrGuidedVengeance","RedByte1337","gelven4sec","tAnarchist","MvdZande","BlackNurse","int3hh","SophosRobert","byinarie","ZeMooX","paritybitllc","Jerr279","Neo-347","ShinobiHanzo","tdr130","invokethreatguy","kernel-sanders","killvxk","xss517","zmkeh","nickcno","nanaao","sodinokibi","Taius","tailvpn","FacePalmFury","aweMinchoo","mepher","ROHAN11292","lewiswigmore","egeldenhuys","SolomonSklash","sh4hin","kplei","joaoviictorti","uknowsec","Ridter","xnianq","uber6","BlackTrace","lck0","dust-life","getcode2git","Iamgublin","Lengso","asman1337","BGE-faith","passwa11","GitttttBottttt","StarkChristmas","vcarus","edermi","Patrick-DE","BlaiseOfGlory","Hello-xBugs","cn6u9","winterknife","S1SYPHOS","orociic","alpaca121","br3ign","aqiMMM","nex121","Spambustas","zhzyker","abdallahheidar","paran0ids0ul","sdhornet","paranoidrookie","JeremyNGalloway","zpaav","SwampSec","zavke","sneerx","Imanfeng","MikJagger","winezer0","7Shad0w","test-for-play","TH3P1T","deeexcee-io","C0C0red","helo86","newsoft","davehardy20","mwatkins-leviathan","cr0nyx","xbucd","T0D0DEKU","factoffer66","sheepdog0x3e","honorxux","rb-x","BreachAssume","kazumasec","Trevorkutto","mukarramkhalid","Reijaff","jivoi","onesorzer0es","DeepzUa","nclv","0A7V9A","leonardotw","come2darkside","bidhata","austin-cs","hulto","RCStep","cmprmsd","Kr0ff","its0x08","dottorvenom","Dcreo","hangrum","BlueSharkPartners","opexxx","UuF4bY","0xm0","hirak0","Incisive","Tripse","jimdi","shashinma","AntonDellua","gi3mos","geliuz","pranavirabatti","lenxy-ea","Miscf","ghsty1","Lz1y","pcgoodboy","tkmikan","vaguue","ceclin","fadinglr","Vith0r","assarbad","bridge-four","yueyeah","chryzsh","f0calorm","d47zm3","xXyouknowxX","Codekies","RonnieSalomonsen","navaneeth-dev","0xArsene","knowlezi","iojymbo","ryanbaxendale","imrajat55","EclipseX270","0xDECEA5ED","cx-4","gja89p45utau84","secureman","Warren-Jace","baldpiglet","xXxsomebodyoncetoldmexXx","paulina351","TheLosingEdge","radiaku","HORKimhab","R00tedbrain","EricoPawn","Saltinbank-SyS","zhangding222","murfcam","Martins-chu","frereit","niaojin","KlinKlinKlin","mossdinger","zero77","oldkingcone","MuzukashiMkJin","mubarizkyc","AZEC0x00","baocaisheng","Mrhax0rr","jaboss216","D4rkSh1ft","cmndcntrlcyber","voidvxvt","kepler404","mlkjjkclsdcsd","malc0des","g0h4n","BenjiTrapp"],"contributor_count":1,"contributors":["BlackSnufkin"],"open_pull_request_count":0,"open_pull_requests":[],"label_count":9,"labels":["bug","documentation","duplicate","enhancement","good first issue","help wanted","invalid","question","wontfix"],"subscribers":["BlackSnufkin","reket99","solidrocks","eemailme","baldpiglet"],"subscribers_count":5,"committers":["web-flow","web-flow","web-flow","web-flow","web-flow","web-flow","BlackSnufkin","BlackSnufkin","web-flow","web-flow","web-flow","web-flow","web-flow","web-flow","web-flow","web-flow","web-flow","web-flow","web-flow"],"committers_count":2,"committers_emails":["61916899+BlackSnufkin@users.noreply.github.com","61916899+BlackSnufkin@users.noreply.github.com","61916899+BlackSnufkin@users.noreply.github.com","61916899+BlackSnufkin@users.noreply.github.com","61916899+BlackSnufkin@users.noreply.github.com","61916899+BlackSnufkin@users.noreply.github.com","blacksnufkin42@gmail.com","blacksnufkin42@gmail.com","61916899+BlackSnufkin@users.noreply.github.com","61916899+BlackSnufkin@users.noreply.github.com","61916899+BlackSnufkin@users.noreply.github.com","61916899+BlackSnufkin@users.noreply.github.com","61916899+BlackSnufkin@users.noreply.github.com","61916899+BlackSnufkin@users.noreply.github.com","61916899+BlackSnufkin@users.noreply.github.com","61916899+BlackSnufkin@users.noreply.github.com","61916899+BlackSnufkin@users.noreply.github.com","61916899+BlackSnufkin@users.noreply.github.com","61916899+BlackSnufkin@users.noreply.github.com"],"committers_emails_count":2,"authors":["BlackSnufkin","BlackSnufkin","BlackSnufkin","BlackSnufkin","BlackSnufkin","BlackSnufkin","BlackSnufkin","BlackSnufkin","BlackSnufkin","BlackSnufkin","BlackSnufkin","BlackSnufkin","BlackSnufkin","BlackSnufkin","BlackSnufkin","BlackSnufkin","BlackSnufkin","BlackSnufkin","BlackSnufkin"],"authors_count":1,"assignees":["BlackSnufkin"],"assignees_count":1}