{
    "forks_count": 8,
    "forkers": [
        "jayaram-yalla",
        "fckoo",
        "rvrsh3ll",
        "Sec-Fork",
        "0xSojalSec",
        "emdnaia",
        "dmore",
        "zha0"
    ],
    "stargazers_count": 54,
    "stargazers": [
        "beerandgin",
        "davehardy20",
        "6t2",
        "itaymigdal",
        "tact1c1an",
        "5y5tem5",
        "VasilisKosto",
        "icheernoom",
        "gr00T0x",
        "nitre",
        "famasoon",
        "OffensiveBrute",
        "aleenzz",
        "loecho-sec",
        "chr0n1k",
        "xrkk",
        "xzxxzzzz000",
        "m0s30",
        "DummyKitty",
        "ekko-zhao",
        "SeeNanshaneisurely",
        "0xsyr0",
        "duqqqq",
        "carlesreig",
        "mutugorou",
        "zjicmDarkWing",
        "ro0kie3",
        "zhzyker",
        "kaIIsyms",
        "hacks2learn",
        "wyatt727",
        "Twizzt3d",
        "admvateam",
        "ulises2k",
        "bannsec",
        "NoobCat2000",
        "mmilleror",
        "dottorvenom",
        "mukarramkhalid",
        "hirak0",
        "iccugs",
        "fckoo",
        "Lz1y",
        "iliopoul",
        "sodinokibi",
        "kapiushion",
        "MattiaCossu",
        "JimSycurity",
        "Mag1cByt3s",
        "DarkInnocence",
        "neilmcmeechan",
        "jimmysax",
        "mjsln",
        "keeganparr1"
    ],
    "watchers_count": 54,
    "watchers": [
        "beerandgin",
        "davehardy20",
        "6t2",
        "itaymigdal",
        "tact1c1an",
        "5y5tem5",
        "VasilisKosto",
        "icheernoom",
        "gr00T0x",
        "nitre",
        "famasoon",
        "OffensiveBrute",
        "aleenzz",
        "loecho-sec",
        "chr0n1k",
        "xrkk",
        "xzxxzzzz000",
        "m0s30",
        "DummyKitty",
        "ekko-zhao",
        "SeeNanshaneisurely",
        "0xsyr0",
        "duqqqq",
        "carlesreig",
        "mutugorou",
        "zjicmDarkWing",
        "ro0kie3",
        "zhzyker",
        "kaIIsyms",
        "hacks2learn",
        "wyatt727",
        "Twizzt3d",
        "admvateam",
        "ulises2k",
        "bannsec",
        "NoobCat2000",
        "mmilleror",
        "dottorvenom",
        "mukarramkhalid",
        "hirak0",
        "iccugs",
        "fckoo",
        "Lz1y",
        "iliopoul",
        "sodinokibi",
        "kapiushion",
        "MattiaCossu",
        "JimSycurity",
        "Mag1cByt3s",
        "DarkInnocence",
        "neilmcmeechan",
        "jimmysax",
        "mjsln",
        "keeganparr1"
    ],
    "contributor_count": 1,
    "contributors": [
        "Leo4j"
    ],
    "open_pull_request_count": 0,
    "open_pull_requests": [],
    "label_count": 9,
    "labels": [
        "bug",
        "documentation",
        "duplicate",
        "enhancement",
        "good first issue",
        "help wanted",
        "invalid",
        "question",
        "wontfix"
    ],
    "subscribers": [
        "Leo4j"
    ],
    "subscribers_count": 1,
    "committers": [
        "web-flow",
        "web-flow",
        "web-flow"
    ],
    "committers_count": 1,
    "committers_emails": [
        "61951374+Leo4j@users.noreply.github.com",
        "61951374+Leo4j@users.noreply.github.com",
        "61951374+Leo4j@users.noreply.github.com"
    ],
    "committers_emails_count": 1,
    "assignees": [
        "Leo4j"
    ],
    "assignees_count": 1
}