{
    "forks_count": 34,
    "forkers": [
        "marklove5102",
        "dingi3",
        "solaHans",
        "fathallahblh",
        "tuxmi",
        "webstorage119",
        "fengjixuchui",
        "testitok",
        "lee-sh827",
        "xkroot",
        "UnT7",
        "vaginessa",
        "gmh5225",
        "killvxk",
        "primody",
        "mynameisjimmy",
        "breachlabs-org",
        "rajivraj",
        "christofersimbar",
        "ScriptIdiot",
        "Empty2081",
        "Tobey123",
        "MsF-NTDLL",
        "Wuen1",
        "freeide",
        "Jec00",
        "xcalibure2",
        "analyticsearch",
        "C0C0red",
        "ongyuann",
        "skellyb0n3s",
        "c0de-sin",
        "a7t0fwa7",
        "hxlxmj"
    ],
    "stargazers_count": 158,
    "stargazers": [
        "brosck",
        "MatheuZSecurity",
        "guilhermesob",
        "sh4hin",
        "a7t0fwa7",
        "KeyStrOke95",
        "jimmy-ly00",
        "itaymigdal",
        "0A7V9A",
        "ongyuann",
        "5y5tem5",
        "Subxpl0it",
        "Manouweb",
        "gaurav-gogia",
        "yubsy",
        "Jec00",
        "radman404",
        "C0C0red",
        "Tx0actical",
        "reveng007",
        "neuralquant",
        "marcoheijkoop",
        "aancw",
        "petarbojic",
        "yesiamdollar",
        "user23333",
        "LewisSarcasm",
        "91tim",
        "0x023",
        "clod81",
        "oakkaya",
        "xrkk",
        "neomafo88",
        "xzxxzzzz000",
        "danill123",
        "veath1",
        "TouchstoneTheDev",
        "Faru0",
        "hoangbeard",
        "UIWP0",
        "tais9",
        "itsallpretend",
        "seangcs27",
        "Axactt",
        "DirWangK",
        "Empty2081",
        "theomcx",
        "BlaiseOfGlory",
        "ityeti",
        "ScriptIdiot",
        "Cyb3r-Monk",
        "AdrienZog",
        "SV-ZeroOne",
        "S3lrius",
        "po3nyo",
        "darmado",
        "Tripse",
        "rajivraj",
        "jisanlong",
        "stephan-lopes",
        "breachlabs-org",
        "J1BAR0",
        "nclv",
        "seamustuohy",
        "soffensive",
        "chrisbward",
        "Zeerg",
        "hirak0",
        "shrek3n",
        "c3pain",
        "Indianx41",
        "killvxk",
        "FZKiritsugu",
        "ll11l1lIllIl1lll",
        "icls1337",
        "zmkeh",
        "un4ckn0wl3z",
        "vaginessa",
        "0xEva",
        "Zab-an",
        "luxcupitor",
        "nonnil",
        "youcannotseemeagain",
        "lck0",
        "eliabir",
        "hid3rx",
        "Ptkatz",
        "iccugs",
        "faisalfs10x",
        "UnT7",
        "PatrickStarWow",
        "xkroot",
        "yangfan6888",
        "maph420",
        "titian2019",
        "Miscf",
        "BlackNurse",
        "NoobCat2000",
        "assarbad",
        "idanmaman2",
        "yueyeah",
        "chryzsh",
        "RonnieSalomonsen",
        "heavyscan",
        "deltaRed1a",
        "Benny8314",
        "brianbaliat",
        "0xDECEA5ED",
        "Wonkspele",
        "Cherno-x",
        "bl13pbl03p",
        "yeshuibo",
        "Saltinbank-SyS",
        "famasoon",
        "Bingoyyj",
        "XaFF-XaFF",
        "zerdnem",
        "Taius",
        "Cingozr",
        "0xsyr0",
        "0xvm",
        "invokethreatguy",
        "kernel-sanders",
        "CicadaMikoto",
        "startagain2016",
        "ElNiak",
        "natesubra",
        "gelven4sec",
        "zero77",
        "matthew-mcateer",
        "swagkarna",
        "apogiatzis",
        "verydeveloper-byte",
        "DrTableBasse",
        "m-hatta",
        "DimSystem",
        "ares-ns",
        "omar-akermi",
        "Avmonkey1",
        "githubuser7355",
        "hastalamuerte",
        "jakydibe",
        "blackh00d",
        "Hide067",
        "zagrosbingol",
        "marklove5102",
        "GabrielConforto",
        "blackJack2k",
        "florianamette",
        "Spez77777",
        "HyQxz",
        "pikpikcu",
        "tr88th",
        "Hardsheet",
        "NilsM1l",
        "ParadoxBraka",
        "matsukur",
        "dalerkd"
    ],
    "watchers_count": 158,
    "watchers": [
        "brosck",
        "MatheuZSecurity",
        "guilhermesob",
        "sh4hin",
        "a7t0fwa7",
        "KeyStrOke95",
        "jimmy-ly00",
        "itaymigdal",
        "0A7V9A",
        "ongyuann",
        "5y5tem5",
        "Subxpl0it",
        "Manouweb",
        "gaurav-gogia",
        "yubsy",
        "Jec00",
        "radman404",
        "C0C0red",
        "Tx0actical",
        "reveng007",
        "neuralquant",
        "marcoheijkoop",
        "aancw",
        "petarbojic",
        "yesiamdollar",
        "user23333",
        "LewisSarcasm",
        "91tim",
        "0x023",
        "clod81",
        "oakkaya",
        "xrkk",
        "neomafo88",
        "xzxxzzzz000",
        "danill123",
        "veath1",
        "TouchstoneTheDev",
        "Faru0",
        "hoangbeard",
        "UIWP0",
        "tais9",
        "itsallpretend",
        "seangcs27",
        "Axactt",
        "DirWangK",
        "Empty2081",
        "theomcx",
        "BlaiseOfGlory",
        "ityeti",
        "ScriptIdiot",
        "Cyb3r-Monk",
        "AdrienZog",
        "SV-ZeroOne",
        "S3lrius",
        "po3nyo",
        "darmado",
        "Tripse",
        "rajivraj",
        "jisanlong",
        "stephan-lopes",
        "breachlabs-org",
        "J1BAR0",
        "nclv",
        "seamustuohy",
        "soffensive",
        "chrisbward",
        "Zeerg",
        "hirak0",
        "shrek3n",
        "c3pain",
        "Indianx41",
        "killvxk",
        "FZKiritsugu",
        "ll11l1lIllIl1lll",
        "icls1337",
        "zmkeh",
        "un4ckn0wl3z",
        "vaginessa",
        "0xEva",
        "Zab-an",
        "luxcupitor",
        "nonnil",
        "youcannotseemeagain",
        "lck0",
        "eliabir",
        "hid3rx",
        "Ptkatz",
        "iccugs",
        "faisalfs10x",
        "UnT7",
        "PatrickStarWow",
        "xkroot",
        "yangfan6888",
        "maph420",
        "titian2019",
        "Miscf",
        "BlackNurse",
        "NoobCat2000",
        "assarbad",
        "idanmaman2",
        "yueyeah",
        "chryzsh",
        "RonnieSalomonsen",
        "heavyscan",
        "deltaRed1a",
        "Benny8314",
        "brianbaliat",
        "0xDECEA5ED",
        "Wonkspele",
        "Cherno-x",
        "bl13pbl03p",
        "yeshuibo",
        "Saltinbank-SyS",
        "famasoon",
        "Bingoyyj",
        "XaFF-XaFF",
        "zerdnem",
        "Taius",
        "Cingozr",
        "0xsyr0",
        "0xvm",
        "invokethreatguy",
        "kernel-sanders",
        "CicadaMikoto",
        "startagain2016",
        "ElNiak",
        "natesubra",
        "gelven4sec",
        "zero77",
        "matthew-mcateer",
        "swagkarna",
        "apogiatzis",
        "verydeveloper-byte",
        "DrTableBasse",
        "m-hatta",
        "DimSystem",
        "ares-ns",
        "omar-akermi",
        "Avmonkey1",
        "githubuser7355",
        "hastalamuerte",
        "jakydibe",
        "blackh00d",
        "Hide067",
        "zagrosbingol",
        "marklove5102",
        "GabrielConforto",
        "blackJack2k",
        "florianamette",
        "Spez77777",
        "HyQxz",
        "pikpikcu",
        "tr88th",
        "Hardsheet",
        "NilsM1l",
        "ParadoxBraka",
        "matsukur",
        "dalerkd"
    ],
    "contributor_count": 1,
    "contributors": [
        "brosck"
    ],
    "open_pull_request_count": 0,
    "open_pull_requests": [],
    "label_count": 9,
    "labels": [
        "bug",
        "documentation",
        "duplicate",
        "enhancement",
        "good first issue",
        "help wanted",
        "invalid",
        "question",
        "wontfix"
    ],
    "subscribers": [
        "brosck",
        "eemailme",
        "xkroot",
        "fengjixuchui",
        "marklove5102"
    ],
    "subscribers_count": 5,
    "committers": [
        "web-flow",
        "web-flow",
        "web-flow",
        "web-flow",
        "web-flow",
        "web-flow",
        "web-flow",
        "web-flow",
        "web-flow",
        "web-flow",
        "web-flow",
        "web-flow",
        "web-flow",
        "web-flow",
        "web-flow",
        "web-flow",
        "web-flow",
        "web-flow",
        "web-flow",
        "web-flow",
        "web-flow",
        "web-flow",
        "web-flow",
        "web-flow",
        "web-flow",
        "web-flow",
        "web-flow"
    ],
    "committers_count": 1,
    "committers_emails": [
        "71796063+brosck@users.noreply.github.com",
        "71796063+brosck@users.noreply.github.com",
        "71796063+brosck@users.noreply.github.com",
        "71796063+MrEmpy@users.noreply.github.com",
        "71796063+MrEmpy@users.noreply.github.com",
        "71796063+MrEmpy@users.noreply.github.com",
        "71796063+MrEmpy@users.noreply.github.com",
        "71796063+MrEmpy@users.noreply.github.com",
        "71796063+MrEmpy@users.noreply.github.com",
        "71796063+MrEmpy@users.noreply.github.com",
        "71796063+MrEmpy@users.noreply.github.com",
        "71796063+MrEmpy@users.noreply.github.com",
        "71796063+MrEmpy@users.noreply.github.com",
        "71796063+MrEmpy@users.noreply.github.com",
        "71796063+MrEmpy@users.noreply.github.com",
        "71796063+MrEmpy@users.noreply.github.com",
        "71796063+MrEmpy@users.noreply.github.com",
        "71796063+MrEmpy@users.noreply.github.com",
        "71796063+MrEmpy@users.noreply.github.com",
        "71796063+MrEmpy@users.noreply.github.com",
        "71796063+MrEmpy@users.noreply.github.com",
        "71796063+MrEmpy@users.noreply.github.com",
        "71796063+MrEmpy@users.noreply.github.com",
        "71796063+MrEmpy@users.noreply.github.com",
        "71796063+MrEmpy@users.noreply.github.com",
        "71796063+MrEmpy@users.noreply.github.com",
        "71796063+MrEmpy@users.noreply.github.com"
    ],
    "committers_emails_count": 2,
    "authors": [
        "brosck",
        "brosck",
        "brosck",
        "brosck",
        "brosck",
        "brosck",
        "brosck",
        "brosck",
        "brosck",
        "brosck",
        "brosck",
        "brosck",
        "brosck",
        "brosck",
        "brosck",
        "brosck",
        "brosck",
        "brosck",
        "brosck",
        "brosck",
        "brosck",
        "brosck",
        "brosck",
        "brosck",
        "brosck",
        "brosck",
        "brosck"
    ],
    "authors_count": 1,
    "assignees": [
        "brosck"
    ],
    "assignees_count": 1
}