{"forks_count":29,"forkers":["dmore","zha0","v1ru6","CalciumD","9Insomnie","xsnizer","Red-infosec","kddco","rogdooley","0xflagplz","offsoc","filipesam","breachlabs-org","Tobey123","virgilcj","Khatcode","0xAJStrike","JinBaiWansec","byinarie","s3ancascadia","wagneroliveira2000","rickhenderson","mukarramkhalid","ASkyeye","an0x03e8","ld1856","ScriptIdiot","gmh5225"],"stargazers_count":169,"stargazers":["ATAschert","dsokoler","shrek3n","j0nh4t","IOKernel","moonflowersl","jwillyamz","tagsou","chr0n1k","AnalystM","xrkk","jeffmcjunkin","jaschadub","six2dez","boringthegod","fuzzlove","No-Github","GerhardBotha97","kernel-sanders","handshake21","TTP-Xtian","panosdimitrellos","0xvm","icyguider","BlackSnufkin","k3nundrum","Taius","S3lrius","SolomonSklash","d154573r-4v3r73d","wsummerhill","killvxk","hudjefa","clod81","naksyn","nanderh","ScriptIdiot","hackximus","ld1856","Darktortue","natesubra","ice-wzl","erik123ponti","an0x03e8","l16by","0xbad53c","come2darkside","mukarramkhalid","zimnyaa","scareing","beerandgin","Kibouo","luxcupitor","rickhenderson","paran0ids0ul","iccugs","chuck2909","Lz1y","PaulzePirate","1Gould","qwqdanchun","TomTom18-eng","FZKiritsugu","sorabug","cghdev","ShellUnease","davehardy20","adamsvoboda","hastalamuerte","byinarie","LongWayHomie","Ringx3","0x0ff537","S3cur3Th1sSh1t","FreeZeroDays","zblurx","zerdnem","funnybananas","0xsyr0","edermi","Mortimus","JinBaiWansec","dan-bolsun","jwardsmith","lefayjey","Nero22k","4l3x777","Khatcode","n0n5m1l3","Bendjinymous","cxm437","MohamedAzyzChayeb","frickasso","virgilcj","maxStirner1","BambiZombie","lapolis","climax0x","cyraxe","dzinkovskyi","bakabakaba","naliferopoulos","FatCyclone","kekaroi","changheluor007","zmkeh","filipesam","kensh1ro","Hello-xBugs","blackhat-t","L1nkd34d","BlackNurse","Saltinbank-SyS","KlinKlinKlin","kernsm-bsi","Seceventspen","husnain-ce","MHaggis","LUCIF3RX","lezer0","tiantianshizhege","riskydissonance","macc1989","cmndcntrlcyber","florianamette","BlasterXiao","NakNak669","d47secc","lck0","syntr1bos","5y5tem5","AliMalekli","famasoon","cowbe0x004","d3f0x0","joshualouden","corrupt3k","pard0p","ELMERIKH","danzek","nclv","Zab-an","raulm0429","berryalen02","Mrhax0rr","WowOnWall","MattiaCossu","ParadoxBraka","6661620a","django-88","D3STY","jasoneterry","helloyw","hazardousphoenix","budia-cyber","victoni","CalciumD","jdrala","v1ru6","matthewomccorkle","JavierOlmedo","dmore","hyperware1337","wikijm","yan16-DZ","warthogtk","gman0x00","icheernoom","hightopfade"],"watchers_count":169,"watchers":["ATAschert","dsokoler","shrek3n","j0nh4t","IOKernel","moonflowersl","jwillyamz","tagsou","chr0n1k","AnalystM","xrkk","jeffmcjunkin","jaschadub","six2dez","boringthegod","fuzzlove","No-Github","GerhardBotha97","kernel-sanders","handshake21","TTP-Xtian","panosdimitrellos","0xvm","icyguider","BlackSnufkin","k3nundrum","Taius","S3lrius","SolomonSklash","d154573r-4v3r73d","wsummerhill","killvxk","hudjefa","clod81","naksyn","nanderh","ScriptIdiot","hackximus","ld1856","Darktortue","natesubra","ice-wzl","erik123ponti","an0x03e8","l16by","0xbad53c","come2darkside","mukarramkhalid","zimnyaa","scareing","beerandgin","Kibouo","luxcupitor","rickhenderson","paran0ids0ul","iccugs","chuck2909","Lz1y","PaulzePirate","1Gould","qwqdanchun","TomTom18-eng","FZKiritsugu","sorabug","cghdev","ShellUnease","davehardy20","adamsvoboda","hastalamuerte","byinarie","LongWayHomie","Ringx3","0x0ff537","S3cur3Th1sSh1t","FreeZeroDays","zblurx","zerdnem","funnybananas","0xsyr0","edermi","Mortimus","JinBaiWansec","dan-bolsun","jwardsmith","lefayjey","Nero22k","4l3x777","Khatcode","n0n5m1l3","Bendjinymous","cxm437","MohamedAzyzChayeb","frickasso","virgilcj","maxStirner1","BambiZombie","lapolis","climax0x","cyraxe","dzinkovskyi","bakabakaba","naliferopoulos","FatCyclone","kekaroi","changheluor007","zmkeh","filipesam","kensh1ro","Hello-xBugs","blackhat-t","L1nkd34d","BlackNurse","Saltinbank-SyS","KlinKlinKlin","kernsm-bsi","Seceventspen","husnain-ce","MHaggis","LUCIF3RX","lezer0","tiantianshizhege","riskydissonance","macc1989","cmndcntrlcyber","florianamette","BlasterXiao","NakNak669","d47secc","lck0","syntr1bos","5y5tem5","AliMalekli","famasoon","cowbe0x004","d3f0x0","joshualouden","corrupt3k","pard0p","ELMERIKH","danzek","nclv","Zab-an","raulm0429","berryalen02","Mrhax0rr","WowOnWall","MattiaCossu","ParadoxBraka","6661620a","django-88","D3STY","jasoneterry","helloyw","hazardousphoenix","budia-cyber","victoni","CalciumD","jdrala","v1ru6","matthewomccorkle","JavierOlmedo","dmore","hyperware1337","wikijm","yan16-DZ","warthogtk","gman0x00","icheernoom","hightopfade"],"contributor_count":1,"contributors":["ZERODETECTION"],"open_pull_request_count":0,"open_pull_requests":[],"label_count":9,"labels":["bug","documentation","duplicate","enhancement","good first issue","help wanted","invalid","question","wontfix"],"subscribers":["ZERODETECTION"],"subscribers_count":1,"committers":["web-flow","web-flow","web-flow","web-flow","web-flow","web-flow","web-flow","web-flow","web-flow","web-flow"],"committers_count":1,"committers_emails":["164315679+ZERODETECTION@users.noreply.github.com","164315679+ZERODETECTION@users.noreply.github.com","164315679+ZERODETECTION@users.noreply.github.com","164315679+ZERODETECTION@users.noreply.github.com","164315679+ZERODETECTION@users.noreply.github.com","164315679+ZERODETECTION@users.noreply.github.com","164315679+ZERODETECTION@users.noreply.github.com","164315679+ZERODETECTION@users.noreply.github.com","164315679+ZERODETECTION@users.noreply.github.com","164315679+ZERODETECTION@users.noreply.github.com"],"committers_emails_count":1,"authors":["ZERODETECTION","ZERODETECTION","ZERODETECTION","ZERODETECTION","ZERODETECTION","ZERODETECTION","ZERODETECTION","ZERODETECTION","ZERODETECTION","ZERODETECTION"],"authors_count":1,"assignees":["ZERODETECTION"],"assignees_count":1}