{
    "forks_count": 30,
    "forkers": [
        "xr0r",
        "axeriumi",
        "Totobarjo",
        "percioandrade",
        "AshwinX95",
        "xcalibure2",
        "Vulnpire",
        "LeeChingHeang",
        "a1k-ghaz1",
        "nak000",
        "Jawad-Saqib",
        "rajivraj",
        "seqrity",
        "dingi3",
        "ramonsousap",
        "tester-byte",
        "HU-MA",
        "Gok26",
        "imsroot",
        "nischalbijukchhe",
        "PushkraJ99",
        "khushi8080",
        "logansensei",
        "0xSojalSec",
        "blaze-xp",
        "jarek-bir",
        "Dandy101x",
        "dkstar11q",
        "emdnaia",
        "UzUm4K01"
    ],
    "stargazers_count": 112,
    "stargazers": [
        "Nishantbhagat57",
        "mzhrisec",
        "ahamedrujhan",
        "samidunimsara",
        "shuvo5cis",
        "MuzukashiMkJin",
        "superuser5",
        "kyjybx",
        "ArunHAtter",
        "Mahmoud-Samir-123",
        "Houtaro001",
        "gdft2112",
        "weebi",
        "nazmul-ethi",
        "ObiMaruKenobi",
        "D4RKTIG3R0",
        "gongchengcheng",
        "maximum-black",
        "PushkraJ99",
        "Steiner-254",
        "luntaroo",
        "cybrly",
        "famasoon",
        "TTP-Xtian",
        "4D7220426C7565",
        "hastalamuerte",
        "heavyscan",
        "Emperorx3m",
        "BirdsAreFlyingCameras",
        "Igr1s-red",
        "threatpointer",
        "tylerrobinson",
        "fnpial",
        "ph03nixdev",
        "EclipseX270",
        "blackhat-t",
        "0xbloody",
        "Ephrimgnanam",
        "XZ00Z",
        "habib26-14",
        "securegh",
        "kyotometus",
        "jeckylanonhyde",
        "Priyankghuntala",
        "Alekseylekontsev",
        "YoruYagami",
        "ICE550",
        "marcushs",
        "Teicu",
        "asloma1984",
        "TheHermione",
        "zhifana",
        "Drago-VM",
        "M1cr0wave",
        "Matrixx18",
        "tracure1337",
        "achabi-ismail",
        "thibaultchatiron",
        "wrsm19",
        "rakesh0x7",
        "nickopaijo",
        "DHANYAV20",
        "Varp0s",
        "C0C0red",
        "Ham38za",
        "0xCenter",
        "MrWhiteDon",
        "vandaimer",
        "GloStarRx1",
        "hiyaabai",
        "Yajnesh302",
        "gulersec",
        "Neo314dw",
        "pushkarhax",
        "Gh0stAn0n",
        "0xB16D4ddy",
        "gabyavra",
        "7he7hief",
        "uchihamrx",
        "cornerbrooke",
        "ElNiak",
        "a1baradi",
        "503301",
        "n0x1u5",
        "feliciawing",
        "tmcr00ze",
        "z3r0b47",
        "FuaerCN",
        "axr00t",
        "AZEC0x00",
        "2Mammon2",
        "hoang12122",
        "LeeChingHeang",
        "Ark402",
        "Vulnpire",
        "kentslaves",
        "hackersden09",
        "xcalibure2",
        "TheMadCyborg",
        "Abirhasankas143",
        "whiskerside",
        "mohammadsec",
        "Vu1canR",
        "progprnv",
        "h-shawon",
        "Isecyber",
        "axeriumi",
        "Adolf16",
        "0x1337xyz",
        "Tasfiul-Hedayet",
        "hirak0",
        "Karthik-HR0"
    ],
    "watchers_count": 112,
    "watchers": [
        "Nishantbhagat57",
        "mzhrisec",
        "ahamedrujhan",
        "samidunimsara",
        "shuvo5cis",
        "MuzukashiMkJin",
        "superuser5",
        "kyjybx",
        "ArunHAtter",
        "Mahmoud-Samir-123",
        "Houtaro001",
        "gdft2112",
        "weebi",
        "nazmul-ethi",
        "ObiMaruKenobi",
        "D4RKTIG3R0",
        "gongchengcheng",
        "maximum-black",
        "PushkraJ99",
        "Steiner-254",
        "luntaroo",
        "cybrly",
        "famasoon",
        "TTP-Xtian",
        "4D7220426C7565",
        "hastalamuerte",
        "heavyscan",
        "Emperorx3m",
        "BirdsAreFlyingCameras",
        "Igr1s-red",
        "threatpointer",
        "tylerrobinson",
        "fnpial",
        "ph03nixdev",
        "EclipseX270",
        "blackhat-t",
        "0xbloody",
        "Ephrimgnanam",
        "XZ00Z",
        "habib26-14",
        "securegh",
        "kyotometus",
        "jeckylanonhyde",
        "Priyankghuntala",
        "Alekseylekontsev",
        "YoruYagami",
        "ICE550",
        "marcushs",
        "Teicu",
        "asloma1984",
        "TheHermione",
        "zhifana",
        "Drago-VM",
        "M1cr0wave",
        "Matrixx18",
        "tracure1337",
        "achabi-ismail",
        "thibaultchatiron",
        "wrsm19",
        "rakesh0x7",
        "nickopaijo",
        "DHANYAV20",
        "Varp0s",
        "C0C0red",
        "Ham38za",
        "0xCenter",
        "MrWhiteDon",
        "vandaimer",
        "GloStarRx1",
        "hiyaabai",
        "Yajnesh302",
        "gulersec",
        "Neo314dw",
        "pushkarhax",
        "Gh0stAn0n",
        "0xB16D4ddy",
        "gabyavra",
        "7he7hief",
        "uchihamrx",
        "cornerbrooke",
        "ElNiak",
        "a1baradi",
        "503301",
        "n0x1u5",
        "feliciawing",
        "tmcr00ze",
        "z3r0b47",
        "FuaerCN",
        "axr00t",
        "AZEC0x00",
        "2Mammon2",
        "hoang12122",
        "LeeChingHeang",
        "Ark402",
        "Vulnpire",
        "kentslaves",
        "hackersden09",
        "xcalibure2",
        "TheMadCyborg",
        "Abirhasankas143",
        "whiskerside",
        "mohammadsec",
        "Vu1canR",
        "progprnv",
        "h-shawon",
        "Isecyber",
        "axeriumi",
        "Adolf16",
        "0x1337xyz",
        "Tasfiul-Hedayet",
        "hirak0",
        "Karthik-HR0"
    ],
    "contributor_count": 2,
    "contributors": [
        "ifconfig-me",
        "PushkraJ99"
    ],
    "open_pull_request_count": 0,
    "open_pull_requests": [],
    "label_count": 9,
    "labels": [
        "bug",
        "documentation",
        "duplicate",
        "enhancement",
        "good first issue",
        "help wanted",
        "invalid",
        "question",
        "wontfix"
    ],
    "subscribers": [
        "ifconfig-me"
    ],
    "subscribers_count": 1,
    "committers": [
        "web-flow",
        "web-flow",
        "web-flow",
        "web-flow",
        "web-flow",
        "web-flow",
        "web-flow",
        "web-flow",
        "web-flow",
        "web-flow",
        "web-flow",
        "web-flow",
        "web-flow"
    ],
    "committers_count": 1,
    "committers_emails": [
        "ifconfig-me@users.noreply.github.com",
        "ifconfig-me@users.noreply.github.com",
        "ifconfig-me@users.noreply.github.com",
        "ifconfig-me@users.noreply.github.com",
        "ifconfig-me@users.noreply.github.com",
        "ifconfig-me@users.noreply.github.com",
        "ifconfig-me@users.noreply.github.com",
        "104222808+PushkraJ99@users.noreply.github.com",
        "ifconfig-me@users.noreply.github.com",
        "ifconfig-me@users.noreply.github.com",
        "ifconfig-me@users.noreply.github.com",
        "ifconfig-me@users.noreply.github.com",
        "ifconfig-me@users.noreply.github.com"
    ],
    "committers_emails_count": 2,
    "authors": [
        "ifconfig-me",
        "ifconfig-me",
        "ifconfig-me",
        "ifconfig-me",
        "ifconfig-me",
        "ifconfig-me",
        "ifconfig-me",
        "PushkraJ99",
        "ifconfig-me",
        "ifconfig-me",
        "ifconfig-me",
        "ifconfig-me",
        "ifconfig-me"
    ],
    "authors_count": 2,
    "assignees": [
        "ifconfig-me"
    ],
    "assignees_count": 1
}