{"forks_count":46,"forkers":["NilangaPerera","killvxk","cmndcntrlcyber","naplegs6","mattman059","cd9e","SkysNotes","Dodo4242","KeyStrOke95","MuminjonGuru","0xshaft03","slytechroot","cyperdev","theomilan3","sikhol","offsoc","liamdavis1990","peddipedderu","M0hex","jermainlaforce","nick0lass","dn9uy3n","Chronoss3","fengjixuchui","r1az4r","Starla2u","dev0x41","vhdtogo","gent79reid","NoTsPepino","k4mu5","c0de-sin","t3hbb","fren3tic","b34c0n5","marcoshat","cutff","s3ancascadia","mskky","YbSgCm","ASkyeye","NtksCnZV","shantanu561993","zha0","Heyholiday067","jhnmthw","Fr4nzisko","gavz","jcvikl"],"stargazers_count":282,"stargazers":["koztkozt","1N73LL1G3NC3x","embargod","Bishopf7","jivoi","abduIaziz","r00tb1t","JerryLinLinLin","ilyasKerbal","lefayjey","AzizKpln","n0ts0cial","Karpyurii","ahrixia","MiSERYYYYY","KeyStrOke95","tarekxxx","Xtraverageoperator","reveng007","lap1nou","tothemoon08","clod81","kapiushion","rohan836","dottorvenom","boh","gh-fml","BlackNurse","Elohim22","Hacshar","MahanRajabi80","mucahitkaradag","kzuna","Ak74-577","panghu-boss","itaymigdal","ninj4c0d3r","dust-life","detrixVR","shantanu561993","teebow1e","lVUSALl","LatentPirate","aancw","skyleronken","Codekies","pwnmeow","katvvisdom","tdr130","Mouhib-hero","TTP-Xtian","LaRancion","Ashifcoder","canc3s","habib26-14","n0n5m1l3","DrTableBasse","5hidobu","0xPrimo","presianbg","unbaiat","gitgotgitgotit","an0x03e8","bravery9","mwatkins-leviathan","ayukawa-madoka","cutff","GitPlaya","NoobCat2000","ibaderx7","them1k","0xvm","a7t0fwa7","khalil0191","AssassinUKG","gitdurandal","jimmy-ly00","0xapt","Mag1cByt3s","rez4sadi","NoTsPepino","x0rium","lsr00ter","supadumb","Kr0ff","Munna6999","0xmaximus","theLSA","ELMERIKH","Snowden-AQ","3v4Si0N","six2dez","c3pain","rn0ch4","Vith0r","0x61616161","JackJuly","d3c0d3d","twseptian","furax124","ares-ns","Renyidudumen","thomhughes","J1ezds","okitry","0x0F1x","MaoriSmurf238","1ec","ObsiFlame","B3MK0","unkvolism","hirak0","Saltinbank-SyS","suszczyk","JeremyNGalloway","chutuananh2k","sh4hin","Faisal-Alfaifi","hastalamuerte","behneyh","yzy666699","Oni-kuki","anir0y","yueyeah","just4anut","nikkoenggaliano","cakebomb999","CooperMoffatt","nclv","idafchev","Grivel-l","alexblom102","4sakenGol3m","fuzzingboy","col-1002","mmutj","INotGreen","BambiZombie","wivd","CybrLake","reall0c","nezha0583","manishavalecha","m1nhn","cwinfosec","andersonhsporto","matheuslaidler","SpadesA99","luxcupitor","0x20c","AVISIX","sorabug","cambosa","theomilan3","OffensiveBrute","RobertoMMM","vhdtogo","Taius","paranoidrookie","est15","lw8192","mahmoudkandeel","ZeroCrypt0","ekremcakmak","florylsk","alexporcar","erik123ponti","Ptkatz","bluej0k3r","aqartah","sinfulz","0xhades","sahruldotid","AZEC0x00","Mrhax0rr","dave5623","rootisareservedword","MuminjonGuru","Robbin1998s","v4resk","tonystarkTK","UnknownSilicon","V3ntus","C0llect0r","HenryChanDC","CalfCrusher","hitenkoku","beerisgood","Coding4Coffee","invokethreatguy","faraoman","moliberga","Rysess","itsonlym3","phulelouch","odzhan","ghoulsec","je5442804","x55029","ddtoshio","hubert3","askme765cs","secfb","ArielBujan","notb9","duqqqq","neomafo88","rafifdna","lifa123","bhaswanthc","silvestrue","MelForze","RockyBukake","brmkit","frereit","LifeTimeScriptKiddie","ewilded","evildrummer","gunzf0x","rb-x","middorri","gfctam","cmprmsd","adisetiawan","evilsynner","nikakharebava","0xfiction","EclipseX270","nfl-corywatson","jamai12","icheernoom","Slazee","jonafk555","KriyosArcane","mattman059","n000b3r","marcinguy","The-Viper-One","emredavut","vincentcox","0xSebin","V1rtu0l","mlkjjkclsdcsd","tur11ng","inetbowser","Graphite-Rod","santikzz","lthon09","TH3CR4CK3R0","smnkrgr","manoselva","cmndcntrlcyber","ROBOT-X-cyber","charlyestay","FlowerWitch","opabravo","famasoon","N1etzsche0","Esonhugh","LazyTitan33","KaiNahrgang","IsolationsKey","ByOrderOfJpGays","nodauf","forestfoxx","XiMountain","Tower450","caef11","fatmeat","timosarkar","florianamette","Symphonium","andrewmamdouh122","sttlr","JuyLang","g0h4n","ianauri","BenjiTrapp","nonepork","franckferman","binarytrails","dcollaoa"],"watchers_count":282,"watchers":["koztkozt","1N73LL1G3NC3x","embargod","Bishopf7","jivoi","abduIaziz","r00tb1t","JerryLinLinLin","ilyasKerbal","lefayjey","AzizKpln","n0ts0cial","Karpyurii","ahrixia","MiSERYYYYY","KeyStrOke95","tarekxxx","Xtraverageoperator","reveng007","lap1nou","tothemoon08","clod81","kapiushion","rohan836","dottorvenom","boh","gh-fml","BlackNurse","Elohim22","Hacshar","MahanRajabi80","mucahitkaradag","kzuna","Ak74-577","panghu-boss","itaymigdal","ninj4c0d3r","dust-life","detrixVR","shantanu561993","teebow1e","lVUSALl","LatentPirate","aancw","skyleronken","Codekies","pwnmeow","katvvisdom","tdr130","Mouhib-hero","TTP-Xtian","LaRancion","Ashifcoder","canc3s","habib26-14","n0n5m1l3","DrTableBasse","5hidobu","0xPrimo","presianbg","unbaiat","gitgotgitgotit","an0x03e8","bravery9","mwatkins-leviathan","ayukawa-madoka","cutff","GitPlaya","NoobCat2000","ibaderx7","them1k","0xvm","a7t0fwa7","khalil0191","AssassinUKG","gitdurandal","jimmy-ly00","0xapt","Mag1cByt3s","rez4sadi","NoTsPepino","x0rium","lsr00ter","supadumb","Kr0ff","Munna6999","0xmaximus","theLSA","ELMERIKH","Snowden-AQ","3v4Si0N","six2dez","c3pain","rn0ch4","Vith0r","0x61616161","JackJuly","d3c0d3d","twseptian","furax124","ares-ns","Renyidudumen","thomhughes","J1ezds","okitry","0x0F1x","MaoriSmurf238","1ec","ObsiFlame","B3MK0","unkvolism","hirak0","Saltinbank-SyS","suszczyk","JeremyNGalloway","chutuananh2k","sh4hin","Faisal-Alfaifi","hastalamuerte","behneyh","yzy666699","Oni-kuki","anir0y","yueyeah","just4anut","nikkoenggaliano","cakebomb999","CooperMoffatt","nclv","idafchev","Grivel-l","alexblom102","4sakenGol3m","fuzzingboy","col-1002","mmutj","INotGreen","BambiZombie","wivd","CybrLake","reall0c","nezha0583","manishavalecha","m1nhn","cwinfosec","andersonhsporto","matheuslaidler","SpadesA99","luxcupitor","0x20c","AVISIX","sorabug","cambosa","theomilan3","OffensiveBrute","RobertoMMM","vhdtogo","Taius","paranoidrookie","est15","lw8192","mahmoudkandeel","ZeroCrypt0","ekremcakmak","florylsk","alexporcar","erik123ponti","Ptkatz","bluej0k3r","aqartah","sinfulz","0xhades","sahruldotid","AZEC0x00","Mrhax0rr","dave5623","rootisareservedword","MuminjonGuru","Robbin1998s","v4resk","tonystarkTK","UnknownSilicon","V3ntus","C0llect0r","HenryChanDC","CalfCrusher","hitenkoku","beerisgood","Coding4Coffee","invokethreatguy","faraoman","moliberga","Rysess","itsonlym3","phulelouch","odzhan","ghoulsec","je5442804","x55029","ddtoshio","hubert3","askme765cs","secfb","ArielBujan","notb9","duqqqq","neomafo88","rafifdna","lifa123","bhaswanthc","silvestrue","MelForze","RockyBukake","brmkit","frereit","LifeTimeScriptKiddie","ewilded","evildrummer","gunzf0x","rb-x","middorri","gfctam","cmprmsd","adisetiawan","evilsynner","nikakharebava","0xfiction","EclipseX270","nfl-corywatson","jamai12","icheernoom","Slazee","jonafk555","KriyosArcane","mattman059","n000b3r","marcinguy","The-Viper-One","emredavut","vincentcox","0xSebin","V1rtu0l","mlkjjkclsdcsd","tur11ng","inetbowser","Graphite-Rod","santikzz","lthon09","TH3CR4CK3R0","smnkrgr","manoselva","cmndcntrlcyber","ROBOT-X-cyber","charlyestay","FlowerWitch","opabravo","famasoon","N1etzsche0","Esonhugh","LazyTitan33","KaiNahrgang","IsolationsKey","ByOrderOfJpGays","nodauf","forestfoxx","XiMountain","Tower450","caef11","fatmeat","timosarkar","florianamette","Symphonium","andrewmamdouh122","sttlr","JuyLang","g0h4n","ianauri","BenjiTrapp","nonepork","franckferman","binarytrails","dcollaoa"],"contributor_count":1,"contributors":["V-i-x-x"],"open_pull_request_count":0,"open_pull_requests":[],"label_count":9,"labels":["bug","documentation","duplicate","enhancement","good first issue","help wanted","invalid","question","wontfix"],"subscribers":["V-i-x-x","cutff","eemailme","fengjixuchui","hubert3"],"subscribers_count":5,"committers":["web-flow","web-flow","web-flow","web-flow","web-flow","web-flow","web-flow","V-i-x-x","V-i-x-x","V-i-x-x","web-flow","V-i-x-x","V-i-x-x","V-i-x-x","web-flow","web-flow","V-i-x-x","V-i-x-x","web-flow","web-flow","web-flow","web-flow","V-i-x-x","web-flow"],"committers_count":2,"committers_emails":["21037679+V-i-x-x@users.noreply.github.com","21037679+V-i-x-x@users.noreply.github.com","21037679+V-i-x-x@users.noreply.github.com","21037679+V-i-x-x@users.noreply.github.com","21037679+V-i-x-x@users.noreply.github.com","21037679+V-i-x-x@users.noreply.github.com","21037679+V-i-x-x@users.noreply.github.com","21037679+V-i-x-x@users.noreply.github.com","21037679+V-i-x-x@users.noreply.github.com","21037679+V-i-x-x@users.noreply.github.com","21037679+V-i-x-x@users.noreply.github.com","21037679+V-i-x-x@users.noreply.github.com","21037679+V-i-x-x@users.noreply.github.com","21037679+V-i-x-x@users.noreply.github.com","21037679+V-i-x-x@users.noreply.github.com","21037679+V-i-x-x@users.noreply.github.com","21037679+V-i-x-x@users.noreply.github.com","21037679+V-i-x-x@users.noreply.github.com","21037679+V-i-x-x@users.noreply.github.com","21037679+V-i-x-x@users.noreply.github.com","21037679+V-i-x-x@users.noreply.github.com","21037679+V-i-x-x@users.noreply.github.com","21037679+V-i-x-x@users.noreply.github.com","21037679+V-i-x-x@users.noreply.github.com"],"committers_emails_count":1,"authors":["V-i-x-x","V-i-x-x","V-i-x-x","V-i-x-x","V-i-x-x","V-i-x-x","V-i-x-x","V-i-x-x","V-i-x-x","V-i-x-x","V-i-x-x","V-i-x-x","V-i-x-x","V-i-x-x","V-i-x-x","V-i-x-x","V-i-x-x","V-i-x-x","V-i-x-x","V-i-x-x","V-i-x-x","V-i-x-x","V-i-x-x","V-i-x-x"],"authors_count":1,"assignees":["V-i-x-x"],"assignees_count":1}