{"forks_count":21,"forkers":["SamErde","irshad2025","rajivraj","DarkChariot","dmore","timb-machine-mirrors","ekizengue007","jabdy86","xcalibure2","cmjlove1","nick0lass","zoa8","gmh5225","zha0","EmadYaY","mdiqbalahmad","humanaoffsec","Sec-Fork","cvlabsio","Hdys0vn","jonz-secops"],"stargazers_count":228,"stargazers":["SamErde","6t2","petarbojic","lemonfugu","handshake21","frankwiersma","jeffmcjunkin","chr0n1k","JimSycurity","Mr3ch0","spyr0-sec","HiroNewf","saberzaid","TTP-Xtian","rebelinux","famasoon","htinlinkaung","behneyh","carlesreig","Syst2m","rn0ch4","5y5tem5","ehmiiz","hamannju","mehmethafif","kernel-sanders","pr0b3r7","Taius","0xDECEA5ED","m4lv0id","ktur","Hdys0vn","RalphDesmangles","paranoidrookie","BertMueller18","nszaveri","mjsln","th3k3ymak3r","alexmags","shanksfigarland","stultitiophobia","Spicy-Toaster","OlivierLaflamme","nickhakkz","icheernoom","Saltinbank-SyS","SanjP97","Thauza","pkrupicka","WeissCatWithHat","zhzyker","ahnospell44","OffensiveBrute","Tripse","hirak0","b1n4ryj4n","n0pe13","HockeyInJune","nclv","Marshall-Hallenbeck","christian-korneck","zwned","srodriguez1357","juanjolli","aN0mad","cybrly","dinosn","15U12U","xrkk","nitre","bond00","WellKnitTech","LAB-XI","SecurityAddicted","gr00T0x","mwatkins-leviathan","corsch","BowenBrenton","MuadDib1969","blindtk","Javierop20","pop36","bl13pbl03p","0xsyr0","VasilisKosto","unililium","joserru","ruppde","fuzzy3k","douglasludens","jgoosey","Logan-Elliott","uselesspwn","MohamedAzyzChayeb","cmjlove1","gokupwn","n4txo","ix111","pbuffolino","natesubra","ewilded","bastienperez","Ilyesdhiaeddine","nickel-w","xcalibure2","mikeman","kimsyversen","aslak","PretaPistola","n3tsurge","rlvilla","sahruldotid","joshbartley","elisandro","jwillyamz","albert-widjaja","RobertMiranda","Korving-F","miqueet","TheAbyssalOne","matteofranceschini","cwidhelm","al-mitchell","nrojas","neeemu","unknownFalleN","danzek","fiercebrute","Coontzy1","tact1c1an","lefayjey","lalaP4S4","wirepuca","koolhand","ddf420","blackhat-t","Digisilient","seanblake","jabdy86","mochabyte0x","Spacial","Colisian","cozadk","silverskyvicto","SeeNanshaneisurely","cornerbrooke","kyjybx","mukarramkhalid","gato-n0ir","Zamanry","florianamette","chudamax","hubkae","jakehildreth","pminnebach","davehardy20","jakuta-tech","WalterHackwell","tracure1337","OneOnOneOff","cmacd88","moonflowersl","SirDuckly","skrghosh","anth0nyj","zuphzuph","superswan","jonathanbourke","cbyt3","0xblank","Codekies","Donasaurus","goofsec","0xvm","nostromosec","cyb3n3tic","secjo","jvarnesen","mgeeky","charlyestay","b4sm","Kr0ff","moon2l","gromedev","xzxxzzzz000","supadumb","pie-rs","vinegrep","michaelnachname","devjohndoe","Riprock","xxeCTF","sttlr","S0mb3RHaunt","Maleick","workgroupengineering","risasi","unkafunka","rcowcka","rampantspark","aaginost","kapsiR","thecybermafia","dunderhay","F4V0R1TE","peterhaberl","n0zk1","jeffwfestus","gripebomb","manintheboxz","Business1sg00d","DarkInnocence","topazyo","koztkozt","m4lwhere","adomin1000","Arugasabi","jlawhon","austinnknight","letskeepgoing","code1997","FiReLoRd44","slashwq","mike-rozco","lalomorales22","Kitsune-Sec","DerryRedjeki","iam-tnecula"],"watchers_count":228,"watchers":["SamErde","6t2","petarbojic","lemonfugu","handshake21","frankwiersma","jeffmcjunkin","chr0n1k","JimSycurity","Mr3ch0","spyr0-sec","HiroNewf","saberzaid","TTP-Xtian","rebelinux","famasoon","htinlinkaung","behneyh","carlesreig","Syst2m","rn0ch4","5y5tem5","ehmiiz","hamannju","mehmethafif","kernel-sanders","pr0b3r7","Taius","0xDECEA5ED","m4lv0id","ktur","Hdys0vn","RalphDesmangles","paranoidrookie","BertMueller18","nszaveri","mjsln","th3k3ymak3r","alexmags","shanksfigarland","stultitiophobia","Spicy-Toaster","OlivierLaflamme","nickhakkz","icheernoom","Saltinbank-SyS","SanjP97","Thauza","pkrupicka","WeissCatWithHat","zhzyker","ahnospell44","OffensiveBrute","Tripse","hirak0","b1n4ryj4n","n0pe13","HockeyInJune","nclv","Marshall-Hallenbeck","christian-korneck","zwned","srodriguez1357","juanjolli","aN0mad","cybrly","dinosn","15U12U","xrkk","nitre","bond00","WellKnitTech","LAB-XI","SecurityAddicted","gr00T0x","mwatkins-leviathan","corsch","BowenBrenton","MuadDib1969","blindtk","Javierop20","pop36","bl13pbl03p","0xsyr0","VasilisKosto","unililium","joserru","ruppde","fuzzy3k","douglasludens","jgoosey","Logan-Elliott","uselesspwn","MohamedAzyzChayeb","cmjlove1","gokupwn","n4txo","ix111","pbuffolino","natesubra","ewilded","bastienperez","Ilyesdhiaeddine","nickel-w","xcalibure2","mikeman","kimsyversen","aslak","PretaPistola","n3tsurge","rlvilla","sahruldotid","joshbartley","elisandro","jwillyamz","albert-widjaja","RobertMiranda","Korving-F","miqueet","TheAbyssalOne","matteofranceschini","cwidhelm","al-mitchell","nrojas","neeemu","unknownFalleN","danzek","fiercebrute","Coontzy1","tact1c1an","lefayjey","lalaP4S4","wirepuca","koolhand","ddf420","blackhat-t","Digisilient","seanblake","jabdy86","mochabyte0x","Spacial","Colisian","cozadk","silverskyvicto","SeeNanshaneisurely","cornerbrooke","kyjybx","mukarramkhalid","gato-n0ir","Zamanry","florianamette","chudamax","hubkae","jakehildreth","pminnebach","davehardy20","jakuta-tech","WalterHackwell","tracure1337","OneOnOneOff","cmacd88","moonflowersl","SirDuckly","skrghosh","anth0nyj","zuphzuph","superswan","jonathanbourke","cbyt3","0xblank","Codekies","Donasaurus","goofsec","0xvm","nostromosec","cyb3n3tic","secjo","jvarnesen","mgeeky","charlyestay","b4sm","Kr0ff","moon2l","gromedev","xzxxzzzz000","supadumb","pie-rs","vinegrep","michaelnachname","devjohndoe","Riprock","xxeCTF","sttlr","S0mb3RHaunt","Maleick","workgroupengineering","risasi","unkafunka","rcowcka","rampantspark","aaginost","kapsiR","thecybermafia","dunderhay","F4V0R1TE","peterhaberl","n0zk1","jeffwfestus","gripebomb","manintheboxz","Business1sg00d","DarkInnocence","topazyo","koztkozt","m4lwhere","adomin1000","Arugasabi","jlawhon","austinnknight","letskeepgoing","code1997","FiReLoRd44","slashwq","mike-rozco","lalomorales22","Kitsune-Sec","DerryRedjeki","iam-tnecula"],"contributor_count":2,"contributors":["techspence","jakehildreth"],"open_pull_request_count":0,"open_pull_requests":[],"label_count":9,"labels":["bug","documentation","duplicate","enhancement","good first issue","help wanted","invalid","question","wontfix"],"subscribers":["techspence","rebelinux","eemailme","cybereagle2001"],"subscribers_count":4,"committers":["web-flow","web-flow","web-flow","web-flow","web-flow","web-flow","web-flow","techspence","techspence","techspence","techspence","techspence","techspence","techspence","techspence","techspence","techspence","web-flow"],"committers_count":2,"committers_emails":["alessisb@gmail.com","93942157+TrimarcJake@users.noreply.github.com","93942157+TrimarcJake@users.noreply.github.com","93942157+TrimarcJake@users.noreply.github.com","93942157+TrimarcJake@users.noreply.github.com","93942157+TrimarcJake@users.noreply.github.com","alessisb@gmail.com","alessisb@gmail.com","alessisb@gmail.com","alessisb@gmail.com","alessisb@gmail.com","alessisb@gmail.com","alessisb@gmail.com","alessisb@gmail.com","alessisb@gmail.com","alessisb@gmail.com","alessisb@gmail.com","alessisb@gmail.com"],"committers_emails_count":2,"authors":["techspence","jakehildreth","jakehildreth","jakehildreth","jakehildreth","jakehildreth","techspence","techspence","techspence","techspence","techspence","techspence","techspence","techspence","techspence","techspence","techspence","techspence"],"authors_count":2,"assignees":["techspence"],"assignees_count":1}