{"forks_count":8,"forkers":["flairit2022","xtenex","Res10re","Sn0wl3r0ker","eduquintanilha","acti0nus","ssghost","apkc","Caretakerport","dannymas"],"stargazers_count":116,"stargazers":["ELMERIKH","Kopsillom","EpicTia93","aionman","ayaz-z","hirak0","9ith4b","Jec00","fnpial","vpilat","Indounette","pvfOliveira","habib26-14","saberzaid","puzzithinker","cyberust","darknetarmy","appIe-sIices","muhdidhamm","zg33","shrek3n","0xsyr0","Hajahduenjdb","br3ach3r-fff","cymilad","MrGuidedVengeance","kiritoox","Divinemonk","Leon0pteryx","SkorpioMylk","exorcize","jacy1101","a7t0fwa7","Dereckye","dcasabianca","Salvador7640","xlin11","Klearcc","DummyKitty","HatchiFr","eduquintanilha","GuillaumeSo","y-on2","drotha2","0xobi","ShinobiHanzo","DrinkyCrow","LiaSi233","ik5","Sn0wl3r0ker","ROHAN11292","koip02","Qynklee","mukarramkhalid","muyuanlove","Tjiban","rolltidehero","Ilyasladnany","GreyJk","Airahc","rancho666","mornink","natesubra","jpzhao","startagain2016","passwa11","Yeeb1","ackmoon-one","sadlikeyourdad","Rodrigo-Hr25","ArvyCope","00lucasm","scumdestroy","0A7V9A","jianzhis","tr4c3datr4il","deiradoesit","kietbl","banhbaochi3n","yueyeah","PkNova76","ggroddh","NaiiTex","keo-cs","george0st","moscowchill","0xbada","NOCXIC1","MahanRajabi80","kingeggobandit","brianbaliat","EclipseX270","yi0130","0nsec","deiraLOLZ","enixCode","knzrvs","deltaRed1a","lemonpooh","MechaDucky","dadpenguin","JohanSunBanana","Saltinbank-SyS","UIWP0","HenTaku321","hastalamuerte","jaboss216","snwm69x","sosohayb","Jmineros","Duiart","Divinedevops87","vviked","epsilon9125","awsomepawsome90","ghoulsec"],"watchers_count":116,"watchers":["ELMERIKH","Kopsillom","EpicTia93","aionman","ayaz-z","hirak0","9ith4b","Jec00","fnpial","vpilat","Indounette","pvfOliveira","habib26-14","saberzaid","puzzithinker","cyberust","darknetarmy","appIe-sIices","muhdidhamm","zg33","shrek3n","0xsyr0","Hajahduenjdb","br3ach3r-fff","cymilad","MrGuidedVengeance","kiritoox","Divinemonk","Leon0pteryx","SkorpioMylk","exorcize","jacy1101","a7t0fwa7","Dereckye","dcasabianca","Salvador7640","xlin11","Klearcc","DummyKitty","HatchiFr","eduquintanilha","GuillaumeSo","y-on2","drotha2","0xobi","ShinobiHanzo","DrinkyCrow","LiaSi233","ik5","Sn0wl3r0ker","ROHAN11292","koip02","Qynklee","mukarramkhalid","muyuanlove","Tjiban","rolltidehero","Ilyasladnany","GreyJk","Airahc","rancho666","mornink","natesubra","jpzhao","startagain2016","passwa11","Yeeb1","ackmoon-one","sadlikeyourdad","Rodrigo-Hr25","ArvyCope","00lucasm","scumdestroy","0A7V9A","jianzhis","tr4c3datr4il","deiradoesit","kietbl","banhbaochi3n","yueyeah","PkNova76","ggroddh","NaiiTex","keo-cs","george0st","moscowchill","0xbada","NOCXIC1","MahanRajabi80","kingeggobandit","brianbaliat","EclipseX270","yi0130","0nsec","deiraLOLZ","enixCode","knzrvs","deltaRed1a","lemonpooh","MechaDucky","dadpenguin","JohanSunBanana","Saltinbank-SyS","UIWP0","HenTaku321","hastalamuerte","jaboss216","snwm69x","sosohayb","Jmineros","Duiart","Divinedevops87","vviked","epsilon9125","awsomepawsome90","ghoulsec"],"contributor_count":1,"contributors":["ELMERIKH"],"open_pull_request_count":0,"open_pull_requests":[],"label_count":9,"labels":["bug","documentation","duplicate","enhancement","good first issue","help wanted","invalid","question","wontfix"],"subscribers":["ELMERIKH"],"subscribers_count":1,"committers":["web-flow","ELMERIKH","ELMERIKH","web-flow","web-flow","web-flow","web-flow","web-flow","web-flow","web-flow","web-flow","ELMERIKH","ELMERIKH","web-flow","web-flow","web-flow","web-flow","ELMERIKH","ELMERIKH","ELMERIKH","web-flow","web-flow","ELMERIKH","ELMERIKH","ELMERIKH","ELMERIKH","ELMERIKH","ELMERIKH","ELMERIKH","ELMERIKH","ELMERIKH","web-flow","web-flow","ELMERIKH","ELMERIKH","ELMERIKH","web-flow","ELMERIKH","ELMERIKH","ELMERIKH","ELMERIKH","ELMERIKH","ELMERIKH","ELMERIKH","ELMERIKH","ELMERIKH","web-flow","ELMERIKH","ELMERIKH","web-flow","web-flow","web-flow","web-flow","web-flow","web-flow","web-flow","web-flow","web-flow","web-flow","web-flow","ELMERIKH","ELMERIKH","ELMERIKH","web-flow","ELMERIKH","ELMERIKH","web-flow","web-flow","web-flow","web-flow","web-flow","ELMERIKH","ELMERIKH","web-flow","web-flow","web-flow","web-flow","web-flow","web-flow","web-flow","ELMERIKH","ELMERIKH","web-flow","web-flow","web-flow","ELMERIKH","ELMERIKH","ELMERIKH","ELMERIKH","ELMERIKH","ELMERIKH"],"committers_count":2,"committers_emails":["96123439+ELMERIKH@users.noreply.github.com","mxclanhunter@gmail.com","mxclanhunter@gmail.com","96123439+ELMERIKH@users.noreply.github.com","96123439+ELMERIKH@users.noreply.github.com","96123439+ELMERIKH@users.noreply.github.com","96123439+ELMERIKH@users.noreply.github.com","96123439+ELMERIKH@users.noreply.github.com","96123439+ELMERIKH@users.noreply.github.com","96123439+ELMERIKH@users.noreply.github.com","96123439+ELMERIKH@users.noreply.github.com","mxclanhunter@gmail.com","mxclanhunter@gmail.com","96123439+ELMERIKH@users.noreply.github.com","96123439+ELMERIKH@users.noreply.github.com","96123439+ELMERIKH@users.noreply.github.com","96123439+ELMERIKH@users.noreply.github.com","mxclanhunter@gmail.com","mxclanhunter@gmail.com","mxclanhunter@gmail.com","96123439+ELMERIKH@users.noreply.github.com","96123439+ELMERIKH@users.noreply.github.com","mxclanhunter@gmail.com","mxclanhunter@gmail.com","mxclanhunter@gmail.com","mxclanhunter@gmail.com","mxclanhunter@gmail.com","mxclanhunter@gmail.com","mxclanhunter@gmail.com","mxclanhunter@gmail.com","mxclanhunter@gmail.com","96123439+ELMERIKH@users.noreply.github.com","96123439+ELMERIKH@users.noreply.github.com","mxclanhunter@gmail.com","mxclanhunter@gmail.com","mxclanhunter@gmail.com","96123439+ELMERIKH@users.noreply.github.com","mxclanhunter@gmail.com","mxclanhunter@gmail.com","mxclanhunter@gmail.com","mxclanhunter@gmail.com","mxclanhunter@gmail.com","mxclanhunter@gmail.com","mxclanhunter@gmail.com","mxclanhunter@gmail.com","mxclanhunter@gmail.com","96123439+ELMERIKH@users.noreply.github.com","mxclanhunter@gmail.com","mxclanhunter@gmail.com","96123439+ELMERIKH@users.noreply.github.com","96123439+ELMERIKH@users.noreply.github.com","96123439+ELMERIKH@users.noreply.github.com","96123439+ELMERIKH@users.noreply.github.com","96123439+ELMERIKH@users.noreply.github.com","96123439+ELMERIKH@users.noreply.github.com","96123439+ELMERIKH@users.noreply.github.com","96123439+ELMERIKH@users.noreply.github.com","96123439+ELMERIKH@users.noreply.github.com","96123439+ELMERIKH@users.noreply.github.com","96123439+ELMERIKH@users.noreply.github.com","mxclanhunter@gmail.com","mxclanhunter@gmail.com","mxclanhunter@gmail.com","96123439+ELMERIKH@users.noreply.github.com","mxclanhunter@gmail.com","mxclanhunter@gmail.com","96123439+ELMERIKH@users.noreply.github.com","96123439+ELMERIKH@users.noreply.github.com","96123439+ELMERIKH@users.noreply.github.com","96123439+ELMERIKH@users.noreply.github.com","96123439+ELMERIKH@users.noreply.github.com","mxclanhunter@gmail.com","mxclanhunter@gmail.com","96123439+ELMERIKH@users.noreply.github.com","96123439+ELMERIKH@users.noreply.github.com","96123439+ELMERIKH@users.noreply.github.com","96123439+ELMERIKH@users.noreply.github.com","96123439+ELMERIKH@users.noreply.github.com","96123439+ELMERIKH@users.noreply.github.com","96123439+ELMERIKH@users.noreply.github.com","mxclanhunter@gmail.com","mxclanhunter@gmail.com","96123439+ELMERIKH@users.noreply.github.com","96123439+ELMERIKH@users.noreply.github.com","96123439+ELMERIKH@users.noreply.github.com","mxclanhunter@gmail.com","mxclanhunter@gmail.com","mxclanhunter@gmail.com","mxclanhunter@gmail.com","mxclanhunter@gmail.com","mxclanhunter@gmail.com"],"committers_emails_count":2,"authors":["ELMERIKH","ELMERIKH","ELMERIKH","ELMERIKH","ELMERIKH","ELMERIKH","ELMERIKH","ELMERIKH","ELMERIKH","ELMERIKH","ELMERIKH","ELMERIKH","ELMERIKH","ELMERIKH","ELMERIKH","ELMERIKH","ELMERIKH","ELMERIKH","ELMERIKH","ELMERIKH","ELMERIKH","ELMERIKH","ELMERIKH","ELMERIKH","ELMERIKH","ELMERIKH","ELMERIKH","ELMERIKH","ELMERIKH","ELMERIKH","ELMERIKH","ELMERIKH","ELMERIKH","ELMERIKH","ELMERIKH","ELMERIKH","ELMERIKH","ELMERIKH","ELMERIKH","ELMERIKH","ELMERIKH","ELMERIKH","ELMERIKH","ELMERIKH","ELMERIKH","ELMERIKH","ELMERIKH","ELMERIKH","ELMERIKH","ELMERIKH","ELMERIKH","ELMERIKH","ELMERIKH","ELMERIKH","ELMERIKH","ELMERIKH","ELMERIKH","ELMERIKH","ELMERIKH","ELMERIKH","ELMERIKH","ELMERIKH","ELMERIKH","ELMERIKH","ELMERIKH","ELMERIKH","ELMERIKH","ELMERIKH","ELMERIKH","ELMERIKH","ELMERIKH","ELMERIKH","ELMERIKH","ELMERIKH","ELMERIKH","ELMERIKH","ELMERIKH","ELMERIKH","ELMERIKH","ELMERIKH","ELMERIKH","ELMERIKH","ELMERIKH","ELMERIKH","ELMERIKH","ELMERIKH","ELMERIKH","ELMERIKH","ELMERIKH","ELMERIKH","ELMERIKH"],"authors_count":1,"assignees":["ELMERIKH"],"assignees_count":1}