{
    "forks_count": 10,
    "forkers": [
        "erjanmx",
        "m00zh33",
        "H1d3r",
        "emdnaia",
        "n8tr0n",
        "ASkyeye",
        "beerandgin",
        "gavz",
        "mukarramkhalid",
        "rvrsh3ll"
    ],
    "stargazers_count": 50,
    "stargazers": [
        "mukarramkhalid",
        "aleenzz",
        "icyguider",
        "INotGreen",
        "0xsyr0",
        "sh4hin",
        "festival4799",
        "TechThupport",
        "warthogtk",
        "S3lrius",
        "RalphDesmangles",
        "keeganparr1",
        "Saltinbank-SyS",
        "gerimisc",
        "sorabug",
        "niaojin",
        "beerandgin",
        "OffensiveBrute",
        "moonflowersl",
        "Hello-xBugs",
        "0xvm",
        "habib26-14",
        "kstathis",
        "Twizzt3d",
        "jiangdada6",
        "kapiushion",
        "n8tr0n",
        "password-reset",
        "Y5neKO",
        "mssky9527",
        "tuna1999",
        "dust-life",
        "kyxiaxiang",
        "xiaoxiaoranxxx",
        "famasoon",
        "4ndyOMG",
        "Thauza",
        "reiterjr",
        "Mrhax0rr",
        "chr0n1k",
        "xrkk",
        "yj94",
        "icheernoom",
        "wisdark",
        "sk3l10x1ng",
        "JinBaiWansec",
        "ro0kie3",
        "nn0ses",
        "fhlip0",
        "lordzeno"
    ],
    "watchers_count": 50,
    "watchers": [
        "mukarramkhalid",
        "aleenzz",
        "icyguider",
        "INotGreen",
        "0xsyr0",
        "sh4hin",
        "festival4799",
        "TechThupport",
        "warthogtk",
        "S3lrius",
        "RalphDesmangles",
        "keeganparr1",
        "Saltinbank-SyS",
        "gerimisc",
        "sorabug",
        "niaojin",
        "beerandgin",
        "OffensiveBrute",
        "moonflowersl",
        "Hello-xBugs",
        "0xvm",
        "habib26-14",
        "kstathis",
        "Twizzt3d",
        "jiangdada6",
        "kapiushion",
        "n8tr0n",
        "password-reset",
        "Y5neKO",
        "mssky9527",
        "tuna1999",
        "dust-life",
        "kyxiaxiang",
        "xiaoxiaoranxxx",
        "famasoon",
        "4ndyOMG",
        "Thauza",
        "reiterjr",
        "Mrhax0rr",
        "chr0n1k",
        "xrkk",
        "yj94",
        "icheernoom",
        "wisdark",
        "sk3l10x1ng",
        "JinBaiWansec",
        "ro0kie3",
        "nn0ses",
        "fhlip0",
        "lordzeno"
    ],
    "contributor_count": 1,
    "contributors": [
        "jsecu"
    ],
    "open_pull_request_count": 1,
    "open_pull_requests": [
        "Fix readme typo"
    ],
    "label_count": 9,
    "labels": [
        "bug",
        "documentation",
        "duplicate",
        "enhancement",
        "good first issue",
        "help wanted",
        "invalid",
        "question",
        "wontfix"
    ],
    "subscribers": [
        "jsecu"
    ],
    "subscribers_count": 1,
    "committers": [
        "web-flow",
        "web-flow",
        "web-flow",
        "web-flow",
        "web-flow",
        "web-flow"
    ],
    "committers_count": 1,
    "committers_emails": [
        "55005881+jsecu@users.noreply.github.com",
        "55005881+jsecu@users.noreply.github.com",
        "55005881+jsecu@users.noreply.github.com",
        "55005881+jsecu@users.noreply.github.com",
        "55005881+jsecu@users.noreply.github.com",
        "55005881+jsecu@users.noreply.github.com"
    ],
    "committers_emails_count": 1,
    "assignees": [
        "jsecu"
    ],
    "assignees_count": 1
}