{"forks_count":14,"forkers":["vincentdthe","GitPlaya","highchoice","dslusser","felipetruman","murad0x69","gavz","js-query","dn9uy3n","lleon1435","SteveSplash934","ASkyeye"],"stargazers_count":82,"stargazers":["epaphrasmakoko","cybrly","diegslva","hoaazz","hiyaabai","Nchlsmdr","mrnazu","iccugs","HudsonSeiler","varthdader","kleiton0x00","S3lrius","Matrixx18","Zaxx69","bunyaminsari","CalypsoSG","ricardCortez","Enanks","lleon1435","steepcloud","Kr0ff","nicolasmf","0xbad53c","luxcupitor","ozamodaz","W3dnesday","u-sam","Chickenn-afk","hudjefa","TTP-Xtian","Ldealism-a","reevesrs24","Saltinbank-SyS","habib26-14","js-query","YDj-robot","kardespro","khanosama783","dnacenta","waaahidsec","golem445","Rudraksha-Das","garbacik","0xDK27","marcoheijkoop","schleyk","papipilo","6xS0beit","Ebr4","hoxerz","0xKatze","sponnusa","adhikara13","GabrielDSant","felipetruman","dslusser","JZBOSS3","Engineer-kimu","dickytrianza","ObsiFlame","HackerGprat","ghostn4444","Nicat-dcw","0x0d3ad","franckferman","mitchelldeamon","Titounkle","chryzsh","bipbop-sadrobot","maximum-black","annibuliful","Burraq-e-Mohammad","ThomasRyanforty","theclub11","highchoice","Juank-Ortiz27","Folka2134","Nuknov","Muhammad-Musa990","Ramiyz","GitPlaya","CyberIcon991"],"watchers_count":82,"watchers":["epaphrasmakoko","cybrly","diegslva","hoaazz","hiyaabai","Nchlsmdr","mrnazu","iccugs","HudsonSeiler","varthdader","kleiton0x00","S3lrius","Matrixx18","Zaxx69","bunyaminsari","CalypsoSG","ricardCortez","Enanks","lleon1435","steepcloud","Kr0ff","nicolasmf","0xbad53c","luxcupitor","ozamodaz","W3dnesday","u-sam","Chickenn-afk","hudjefa","TTP-Xtian","Ldealism-a","reevesrs24","Saltinbank-SyS","habib26-14","js-query","YDj-robot","kardespro","khanosama783","dnacenta","waaahidsec","golem445","Rudraksha-Das","garbacik","0xDK27","marcoheijkoop","schleyk","papipilo","6xS0beit","Ebr4","hoxerz","0xKatze","sponnusa","adhikara13","GabrielDSant","felipetruman","dslusser","JZBOSS3","Engineer-kimu","dickytrianza","ObsiFlame","HackerGprat","ghostn4444","Nicat-dcw","0x0d3ad","franckferman","mitchelldeamon","Titounkle","chryzsh","bipbop-sadrobot","maximum-black","annibuliful","Burraq-e-Mohammad","ThomasRyanforty","theclub11","highchoice","Juank-Ortiz27","Folka2134","Nuknov","Muhammad-Musa990","Ramiyz","GitPlaya","CyberIcon991"],"contributor_count":1,"contributors":["AnonKryptiQuz"],"open_pull_request_count":0,"open_pull_requests":[],"label_count":9,"labels":["bug","documentation","duplicate","enhancement","good first issue","help wanted","invalid","question","wontfix"],"subscribers":["AnonKryptiQuz"],"subscribers_count":1,"committers":["web-flow","web-flow","web-flow","web-flow","web-flow","web-flow"],"committers_count":1,"committers_emails":["180563491+AnonKryptiQuz@users.noreply.github.com","180563491+AnonKryptiQuz@users.noreply.github.com","180563491+AnonKryptiQuz@users.noreply.github.com","180563491+AnonKryptiQuz@users.noreply.github.com","180563491+AnonKryptiQuz@users.noreply.github.com","180563491+AnonKryptiQuz@users.noreply.github.com"],"committers_emails_count":1,"authors":["AnonKryptiQuz","AnonKryptiQuz","AnonKryptiQuz","AnonKryptiQuz","AnonKryptiQuz","AnonKryptiQuz"],"authors_count":1,"assignees":["AnonKryptiQuz"],"assignees_count":1}