{"forks_count":20,"forkers":["digitalarche","Chris1871","oops4git","jermainlaforce","imaverick1337","jabdy86","killvxk","iamagarre","virgilcj","pirenga","mukarramkhalid","xcalibure2","analyticsearch","zha0","Sec-Fork","dinosn","Phuong39","rvrsh3ll","mattman059","gmh5225"],"stargazers_count":166,"stargazers":["itaymigdal","silentEAG","cmprmsd","djnnvx","boringthegod","sh4hin","mthcht","BlackSnufkin","mgeeky","6t2","gmh5225","NakNak669","kleiton0x00","nullsecX270","TechThupport","0xfiction","MaorSabag","rakiamaker","cybrly","clem9669","voidvxvt","adityatelange","SanjP97","rabbitstack","bannsec","clod81","0xQRx","adrianhazgarcia","1N73LL1G3NC3x","cmjlove1","harr-sudo","mattman059","cwegener","n0tduck1e","FLX-0x00","embargod","ghecko","behneyh","lefayjey","matruane","Thauza","carsonchan12345","paran0ids0ul","devsecopsguides","yamakadi","tehstoni","xrkk","famasoon","S3lrius","itsallpretend","chengongpp","VoldeSec","k3nundrum","Tx0actical","0xprashant","Phuong39","dinosn","zhzyker","mssky9527","evildrummer","D4rkz3rO","moon2l","Digisilient","ian05021","d0gkiller87","nashnsulthan","luminouw","MinAungLe","xcalibure2","x0rium","S3cur3Th1sSh1t","an0x03e8","W0rldSeeker","mukarramkhalid","The-Viper-One","meshari10","lmagendie","gsmith257-cyber","Millerkjc","Vasco0x4","zhangding222","hastalamuerte","epichoxha","jacobocasado","akashrpatil","Yeeb1","hacks2learn","moonflowersl","heavyscan","mdvpat","syndrowm","cmndcntrlcyber","rs0d","nclv","bvtuhan","mwnickerson","cowbe0x004","aleenzz","kernel-sanders","edermi","dust-life","yobroda","RalphDesmangles","V1rtu0l","w00dyl3g","tuna1999","RubenHoms","mwatkins-leviathan","LuckyPancake","yanghaoi","paranoidrookie","zhihuba","drmckay","gosirys","Taius","affix","SokratisUNI","petarbojic","st3rven","nbaertsch","cxnturi0n","ItsCrem","TomTom18-eng","atimetowait","nezha0583","wisdark","seangcs27","yjosephchoi","qwertyaya","Ben-Lichtman","PavlikPromix","killvxk","aszurnasirpal","zxc135781","wardnath","brettgus","jabdy86","Gr34tz","lck0","0xwolfzy","Ak74-577","Lz1y","imaverick1337","dreadlocked","linkinpark320","Chris1871","kyle41111","zwned","schrodyn","sopwnd","denji","cbyt3","knowlezi","nn0ses","SnoopJesus420","Zab-an","mlkjjkclsdcsd","zmkeh","alexlee820","jasoneterry","6661620a","memN0ps","thecatontheceiling","stroblite","Ky9oss"],"watchers_count":166,"watchers":["itaymigdal","silentEAG","cmprmsd","djnnvx","boringthegod","sh4hin","mthcht","BlackSnufkin","mgeeky","6t2","gmh5225","NakNak669","kleiton0x00","nullsecX270","TechThupport","0xfiction","MaorSabag","rakiamaker","cybrly","clem9669","voidvxvt","adityatelange","SanjP97","rabbitstack","bannsec","clod81","0xQRx","adrianhazgarcia","1N73LL1G3NC3x","cmjlove1","harr-sudo","mattman059","cwegener","n0tduck1e","FLX-0x00","embargod","ghecko","behneyh","lefayjey","matruane","Thauza","carsonchan12345","paran0ids0ul","devsecopsguides","yamakadi","tehstoni","xrkk","famasoon","S3lrius","itsallpretend","chengongpp","VoldeSec","k3nundrum","Tx0actical","0xprashant","Phuong39","dinosn","zhzyker","mssky9527","evildrummer","D4rkz3rO","moon2l","Digisilient","ian05021","d0gkiller87","nashnsulthan","luminouw","MinAungLe","xcalibure2","x0rium","S3cur3Th1sSh1t","an0x03e8","W0rldSeeker","mukarramkhalid","The-Viper-One","meshari10","lmagendie","gsmith257-cyber","Millerkjc","Vasco0x4","zhangding222","hastalamuerte","epichoxha","jacobocasado","akashrpatil","Yeeb1","hacks2learn","moonflowersl","heavyscan","mdvpat","syndrowm","cmndcntrlcyber","rs0d","nclv","bvtuhan","mwnickerson","cowbe0x004","aleenzz","kernel-sanders","edermi","dust-life","yobroda","RalphDesmangles","V1rtu0l","w00dyl3g","tuna1999","RubenHoms","mwatkins-leviathan","LuckyPancake","yanghaoi","paranoidrookie","zhihuba","drmckay","gosirys","Taius","affix","SokratisUNI","petarbojic","st3rven","nbaertsch","cxnturi0n","ItsCrem","TomTom18-eng","atimetowait","nezha0583","wisdark","seangcs27","yjosephchoi","qwertyaya","Ben-Lichtman","PavlikPromix","killvxk","aszurnasirpal","zxc135781","wardnath","brettgus","jabdy86","Gr34tz","lck0","0xwolfzy","Ak74-577","Lz1y","imaverick1337","dreadlocked","linkinpark320","Chris1871","kyle41111","zwned","schrodyn","sopwnd","denji","cbyt3","knowlezi","nn0ses","SnoopJesus420","Zab-an","mlkjjkclsdcsd","zmkeh","alexlee820","jasoneterry","6661620a","memN0ps","thecatontheceiling","stroblite","Ky9oss"],"contributor_count":1,"contributors":["safedv"],"open_pull_request_count":0,"open_pull_requests":[],"label_count":9,"labels":["bug","documentation","duplicate","enhancement","good first issue","help wanted","invalid","question","wontfix"],"subscribers":["safedv","Phuong39"],"subscribers_count":2,"committers":["safedv","web-flow","safedv"],"committers_count":2,"committers_emails":["davidevalitutti@pm.me","48970151+safedv@users.noreply.github.com","davidevalitutti@pm.me"],"committers_emails_count":2,"authors":["safedv","safedv","safedv"],"authors_count":1,"assignees":["safedv"],"assignees_count":1}