{"forks_count":43,"forkers":["H1d3r","Darksidesfear","Jarl-Bjoern","holdyounger","Hanfei799","secdev02","ingramali","virgilcj","sec-tools-repo","emdnaia","AlexandruDinache","opoet7","changheluor007","wooxsec","Kara-4search","RedTeams","EmadYaY","OctAg0nO","T4TCH3R","offsoc","Sec-Fork","0xSojalSec","x746b","killvxk","pyro0ownz","mmilleror","joergwinner","gmh5225","DanielAtella","Brother-x86","yeshuibo","zealias","cd9e","pacohams","wisdark","Ice-001","25-do","nasa03","gavz","ASkyeye","dmore","mukarramkhalid","eresdesre"],"stargazers_count":353,"stargazers":["HullaBrian","keeganparr1","icheernoom","sh4hin","eresdesre","Yeeb1","b33f00d","Twizzt3d","voidvxvt","mbower","mukarramkhalid","NilangaPerera","famasoon","BGE-faith","moonflowersl","ackmoon-one","ascari-fsvq","faisalfs10x","aleenzz","xiaojiangxl","varthdader","OffensiveBrute","kleiton0x00","BertMueller18","Cyb3r-Monk","itaymigdal","1njected","deeexcee-io","edermi","8l1NKY","BlackSnufkin","V1rtu0l","DeEpinGh0st","0xHillside","Kr0ff","DevanshuNagpal","1N73LL1G3NC3x","lefayjey","Contraq","muhiminulhasan","blake774D","Thauza","iccugs","hacks2learn","cdn415","D4NyWoW","RedMontana","Sagres01","a7t0fwa7","LaRancion","BorjaMerino","luxcupitor","SanjP97","weedgirl68","NoobCat2000","lsr00ter","sumitvgithub","evildrummer","invokethreatguy","nodauf","v4resk","tmacardail","nasa03","WS-G","dsokoler","marivaaldo","S3lrius","ceramicskate0","bond00","naksyn","olist213","Naruto0o","r4mos","d0gkiller87","4S7xfPcbp1Hfayz","c4nc","devsecopsguides","bryanmcnulty","luom","RCStep","0xHossam","FZKiritsugu","amTeaq","Exido-Rio","psyray","Lz1y","cghdev","CybersShell","tdr130","N1g0yBug","helloyw","xiaoyuer11223344","BambiZombie","Ice-001","gerimisc","AgeloVito","jmpoep","ringring123973","hastalamuerte","sgf","FreelancePentester","djackreuter","wisdark","desterhuizen","password-reset","0xPrimo","Vith0r","pacohams","Iveco","dkadev","jacobocasado","wickedwick007","Arrnitage","beast2013","4l3x777","mssky9527","DerryRedjeki","0x023","BY-musi","startagain2016","sweetpastabox","crpr777","cd9e","KeyStrOke95","melid404","dfirnewbie","tkusa","ar0x4","jcg5","Boshtrat","Saltinbank-SyS","yeshuibo","usefhamzawi","triplexlove","chr0n1k","lawndoc","JinBaiWansec","zavke","lpg127","SpadesA99","aptkid","lck0","tsof-smoky","ldy985","knightyun","marvinmartian","Hello-xBugs","Ben-Lichtman","gmh5225","C0d3rZ3r0","nullfuzz-pentest","owensan","vVv-Keys","OneOnOneOff","Jak12-3","dwbzn","AuTooong","Werneror","Spez77777","lockness-Ko","killvxk","arrrkay","sh1xo","QYgank","me009","psycore8","7h3w4lk3r","cristeigabriel","matthewomccorkle","lkys37en","steepcloud","Noamro08","dinosn","drgreenthumb93","joergwinner","f2pc","aarch64linux","6661620a","xrkk","ghecko","0xCOrS","senabuse","carlesreig","TetsuroAndo","Guillrmo","atxiu","zzleo","just-sudo-it","kilkat","BlackGhost1434","MichaelSasi","ashish-sahu","d47secc","fre3vil","bidhata","match-markhattarki","DummyKitty","sup817ch","RcoIl","changheluor007","bravery9","Y5neKO","lyc8503","0xaptc","dust-life","geralt","iliopoul","alexblom102","chan-shaw","CyberSecurityUP","Alekseylekontsev","hljdqwxq","Conan924","d0ub1ec0d3","DarkInnocence","b1tsw4p","YoruYagami","Taius","aubakirova","swisskyrepo","JeremyNGalloway","cablepull","boringthegod","SecFathy","BenjiTrapp","Orion120","Halbachb","nezha0583","dwisiswant0","fhlip0","zhzyker","linkinpark320","nclv","eversinc33","nmht3t","f0xtr07","newsoft","clem9669","kengwang","hm0hr","coolenoid","AbdouRoumi","EddieIvan01","twilight1337","fin3ss3g0d","Jean-Francois-C","steveubiera","safedv","fiercebrute","EclipseX270","6t2","retsl","TechThupport","TechByTom","OctAg0nO","Johnermac","Y4nTsing","matruane","wh0isandrew","behneyh","lastnameradeon","Maleick","Korving-F","spyr0-sec","mokeneto","Nero22k","AlphaBaller","denver-cfman","Mag1cByt3s","PwnDexter","cmjlove1","jolodoro","Anonymous4717","wxwhhh","lukasrdarev","mostrub","sage-0","MexHigh","S3cur3Th1sSh1t","mochabyte0x","ghoulsec","NickYan7","Oni-kuki","whiterabb17","yamakadi","DrorDvash","SamSepiolProxy","LsvanDarko","pminnebach","byt3bl33d3r","MJVL","christiancscott","x981ux993n","FreeZeroDays","cammclain","Liehu","alpaca121","jakuta-tech","Aquilao","Kara-4search","robshee81","Invisibleaxe","clod81","wooxsec","rootisareservedword","0xDECEA5ED","Patrick-DE","AptAmoeba","andsif","HudsonSeiler","kixcd","AhrendsSchmidt","dsturge01","opoet7","c3pain","epichoxha","inzamulsepoy","kapiushion","bl13pbl03p","Fadavvi","DDRG33","jlevere","sec-tools-repo","infosecn1nja","0xsyr0","0x5844","IOKernel","xhd4","nitre","t2nkg1rl","flyingllama87","hirak0","RalphDesmangles","ajq2679","mlr0p","dottorvenom","GeisericII","xzxxzzzz000","Zab-an","WellKnitTech","thonau712","kaIIsyms","ruleoftwo","hubert3","j0nh4t","infosecwiz","st3rven","jasoneterry","myst404","userdddd","fuzzlove","yan16-DZ","holdyounger"],"watchers_count":353,"watchers":["HullaBrian","keeganparr1","icheernoom","sh4hin","eresdesre","Yeeb1","b33f00d","Twizzt3d","voidvxvt","mbower","mukarramkhalid","NilangaPerera","famasoon","BGE-faith","moonflowersl","ackmoon-one","ascari-fsvq","faisalfs10x","aleenzz","xiaojiangxl","varthdader","OffensiveBrute","kleiton0x00","BertMueller18","Cyb3r-Monk","itaymigdal","1njected","deeexcee-io","edermi","8l1NKY","BlackSnufkin","V1rtu0l","DeEpinGh0st","0xHillside","Kr0ff","DevanshuNagpal","1N73LL1G3NC3x","lefayjey","Contraq","muhiminulhasan","blake774D","Thauza","iccugs","hacks2learn","cdn415","D4NyWoW","RedMontana","Sagres01","a7t0fwa7","LaRancion","BorjaMerino","luxcupitor","SanjP97","weedgirl68","NoobCat2000","lsr00ter","sumitvgithub","evildrummer","invokethreatguy","nodauf","v4resk","tmacardail","nasa03","WS-G","dsokoler","marivaaldo","S3lrius","ceramicskate0","bond00","naksyn","olist213","Naruto0o","r4mos","d0gkiller87","4S7xfPcbp1Hfayz","c4nc","devsecopsguides","bryanmcnulty","luom","RCStep","0xHossam","FZKiritsugu","amTeaq","Exido-Rio","psyray","Lz1y","cghdev","CybersShell","tdr130","N1g0yBug","helloyw","xiaoyuer11223344","BambiZombie","Ice-001","gerimisc","AgeloVito","jmpoep","ringring123973","hastalamuerte","sgf","FreelancePentester","djackreuter","wisdark","desterhuizen","password-reset","0xPrimo","Vith0r","pacohams","Iveco","dkadev","jacobocasado","wickedwick007","Arrnitage","beast2013","4l3x777","mssky9527","DerryRedjeki","0x023","BY-musi","startagain2016","sweetpastabox","crpr777","cd9e","KeyStrOke95","melid404","dfirnewbie","tkusa","ar0x4","jcg5","Boshtrat","Saltinbank-SyS","yeshuibo","usefhamzawi","triplexlove","chr0n1k","lawndoc","JinBaiWansec","zavke","lpg127","SpadesA99","aptkid","lck0","tsof-smoky","ldy985","knightyun","marvinmartian","Hello-xBugs","Ben-Lichtman","gmh5225","C0d3rZ3r0","nullfuzz-pentest","owensan","vVv-Keys","OneOnOneOff","Jak12-3","dwbzn","AuTooong","Werneror","Spez77777","lockness-Ko","killvxk","arrrkay","sh1xo","QYgank","me009","psycore8","7h3w4lk3r","cristeigabriel","matthewomccorkle","lkys37en","steepcloud","Noamro08","dinosn","drgreenthumb93","joergwinner","f2pc","aarch64linux","6661620a","xrkk","ghecko","0xCOrS","senabuse","carlesreig","TetsuroAndo","Guillrmo","atxiu","zzleo","just-sudo-it","kilkat","BlackGhost1434","MichaelSasi","ashish-sahu","d47secc","fre3vil","bidhata","match-markhattarki","DummyKitty","sup817ch","RcoIl","changheluor007","bravery9","Y5neKO","lyc8503","0xaptc","dust-life","geralt","iliopoul","alexblom102","chan-shaw","CyberSecurityUP","Alekseylekontsev","hljdqwxq","Conan924","d0ub1ec0d3","DarkInnocence","b1tsw4p","YoruYagami","Taius","aubakirova","swisskyrepo","JeremyNGalloway","cablepull","boringthegod","SecFathy","BenjiTrapp","Orion120","Halbachb","nezha0583","dwisiswant0","fhlip0","zhzyker","linkinpark320","nclv","eversinc33","nmht3t","f0xtr07","newsoft","clem9669","kengwang","hm0hr","coolenoid","AbdouRoumi","EddieIvan01","twilight1337","fin3ss3g0d","Jean-Francois-C","steveubiera","safedv","fiercebrute","EclipseX270","6t2","retsl","TechThupport","TechByTom","OctAg0nO","Johnermac","Y4nTsing","matruane","wh0isandrew","behneyh","lastnameradeon","Maleick","Korving-F","spyr0-sec","mokeneto","Nero22k","AlphaBaller","denver-cfman","Mag1cByt3s","PwnDexter","cmjlove1","jolodoro","Anonymous4717","wxwhhh","lukasrdarev","mostrub","sage-0","MexHigh","S3cur3Th1sSh1t","mochabyte0x","ghoulsec","NickYan7","Oni-kuki","whiterabb17","yamakadi","DrorDvash","SamSepiolProxy","LsvanDarko","pminnebach","byt3bl33d3r","MJVL","christiancscott","x981ux993n","FreeZeroDays","cammclain","Liehu","alpaca121","jakuta-tech","Aquilao","Kara-4search","robshee81","Invisibleaxe","clod81","wooxsec","rootisareservedword","0xDECEA5ED","Patrick-DE","AptAmoeba","andsif","HudsonSeiler","kixcd","AhrendsSchmidt","dsturge01","opoet7","c3pain","epichoxha","inzamulsepoy","kapiushion","bl13pbl03p","Fadavvi","DDRG33","jlevere","sec-tools-repo","infosecn1nja","0xsyr0","0x5844","IOKernel","xhd4","nitre","t2nkg1rl","flyingllama87","hirak0","RalphDesmangles","ajq2679","mlr0p","dottorvenom","GeisericII","xzxxzzzz000","Zab-an","WellKnitTech","thonau712","kaIIsyms","ruleoftwo","hubert3","j0nh4t","infosecwiz","st3rven","jasoneterry","myst404","userdddd","fuzzlove","yan16-DZ","holdyounger"],"contributor_count":2,"contributors":["logangoins","HullaBrian"],"open_pull_request_count":0,"open_pull_requests":[],"label_count":9,"labels":["bug","documentation","duplicate","enhancement","good first issue","help wanted","invalid","question","wontfix"],"subscribers":["logangoins","ashish-sahu","HullaBrian"],"subscribers_count":3,"committers":["web-flow","web-flow","logangoins","logangoins","web-flow","web-flow","web-flow","web-flow","logangoins","web-flow","logangoins","logangoins","web-flow","web-flow","logangoins","logangoins","logangoins","web-flow","web-flow","web-flow","logangoins","logangoins","web-flow","logangoins","logangoins","logangoins","logangoins","web-flow","logangoins","logangoins","logangoins","logangoins","logangoins","logangoins","web-flow","web-flow","web-flow","web-flow","web-flow","web-flow","logangoins","logangoins","logangoins","logangoins","logangoins","logangoins","logangoins","logangoins","logangoins","logangoins","logangoins","web-flow"],"committers_count":2,"committers_emails":["62084657+HullaBrian@users.noreply.github.com","55106700+logangoins@users.noreply.github.com","LoganGoins@protonmail.com","LoganGoins@protonmail.com","55106700+logangoins@users.noreply.github.com","55106700+logangoins@users.noreply.github.com","55106700+logangoins@users.noreply.github.com","55106700+logangoins@users.noreply.github.com","LoganGoins@protonmail.com","55106700+logangoins@users.noreply.github.com","LoganGoins@protonmail.com","LoganGoins@protonmail.com","62084657+HullaBrian@users.noreply.github.com","62084657+HullaBrian@users.noreply.github.com","LoganGoins@protonmail.com","LoganGoins@protonmail.com","LoganGoins@protonmail.com","55106700+logangoins@users.noreply.github.com","55106700+logangoins@users.noreply.github.com","55106700+logangoins@users.noreply.github.com","LoganGoins@protonmail.com","LoganGoins@protonmail.com","55106700+logangoins@users.noreply.github.com","LoganGoins@protonmail.com","LoganGoins@protonmail.com","LoganGoins@protonmail.com","LoganGoins@protonmail.com","55106700+logangoins@users.noreply.github.com","LoganGoins@protonmail.com","LoganGoins@protonmail.com","LoganGoins@protonmail.com","LoganGoins@protonmail.com","LoganGoins@protonmail.com","LoganGoins@protonmail.com","55106700+logangoins@users.noreply.github.com","55106700+logangoins@users.noreply.github.com","55106700+logangoins@users.noreply.github.com","55106700+logangoins@users.noreply.github.com","55106700+logangoins@users.noreply.github.com","55106700+logangoins@users.noreply.github.com","LoganGoins@protonmail.com","LoganGoins@protonmail.com","LoganGoins@protonmail.com","LoganGoins@protonmail.com","LoganGoins@protonmail.com","LoganGoins@protonmail.com","LoganGoins@protonmail.com","LoganGoins@protonmail.com","LoganGoins@protonmail.com","LoganGoins@protonmail.com","LoganGoins@protonmail.com","55106700+logangoins@users.noreply.github.com"],"committers_emails_count":3,"authors":["HullaBrian","logangoins","logangoins","logangoins","logangoins","logangoins","logangoins","logangoins","logangoins","logangoins","logangoins","logangoins","HullaBrian","HullaBrian","logangoins","logangoins","logangoins","logangoins","logangoins","logangoins","logangoins","logangoins","logangoins","logangoins","logangoins","logangoins","logangoins","logangoins","logangoins","logangoins","logangoins","logangoins","logangoins","logangoins","logangoins","logangoins","logangoins","logangoins","logangoins","logangoins","logangoins","logangoins","logangoins","logangoins","logangoins","logangoins","logangoins","logangoins","logangoins","logangoins","logangoins","logangoins"],"authors_count":2,"assignees":["HullaBrian","logangoins"],"assignees_count":2}