{"forks_count":2,"forkers":["GhoStZA-debug","killvxk"],"stargazers_count":12,"stargazers":["EvilBytecode","BenjiTrapp","TTP-Xtian","TaxMachine","sh4hin","xzxxzzzz000","kehoecj","assarbad","Nobody986","64babybigd","wuyoukm","InfraredReactivePACN"],"watchers_count":12,"watchers":["EvilBytecode","BenjiTrapp","TTP-Xtian","TaxMachine","sh4hin","xzxxzzzz000","kehoecj","assarbad","Nobody986","64babybigd","wuyoukm","InfraredReactivePACN"],"contributor_count":1,"contributors":["EvilBytecode"],"open_pull_request_count":0,"open_pull_requests":[],"label_count":9,"labels":["bug","documentation","duplicate","enhancement","good first issue","help wanted","invalid","question","wontfix"],"subscribers":["EvilBytecode"],"subscribers_count":1,"committers":["EvilBytecode","EvilBytecode","web-flow","web-flow","web-flow","web-flow","web-flow"],"committers_count":2,"committers_emails":["151552809+EvilBytecode@users.noreply.github.com","151552809+EvilBytecode@users.noreply.github.com","151552809+EvilBytecode@users.noreply.github.com","151552809+EvilBytecode@users.noreply.github.com","151552809+EvilBytecode@users.noreply.github.com","151552809+EvilBytecode@users.noreply.github.com","151552809+EvilBytecode@users.noreply.github.com"],"committers_emails_count":1,"authors":["EvilBytecode","EvilBytecode","EvilBytecode","EvilBytecode","EvilBytecode","EvilBytecode","EvilBytecode"],"authors_count":1,"assignees":["EvilBytecode"],"assignees_count":1}