{"forks_count":32,"forkers":["john-80","geliuz","kernullist","Sec-Fork","H1d3r","ASkyeye","wisdark","awadkamal","GhoStZA-debug","usddddd","tzf-omkey","startagain2016","fengjixuchui","an0x03e8","digitalarche","nashor1","FemaleGhost","Chronoss3","gavz","SheamusCsa","Mamor5409","xkroot","ldebug","emdnaia","fckoo","Librarian01","dmore","sunnyneo","odzhan","mukarramkhalid","gmh5225"],"stargazers_count":150,"stargazers":["almounah","l4rm4nd","Cyb3r-Monk","ifconfig2333","mukarramkhalid","sunnyneo","NoobCat2000","TechTreker","T-RN-R","circle-x2","florylsk","sh4hin","Teach2Breach","N1njaTxd","itaymigdal","dsokoler","cossinadevil2k","joshualouden","som3canadian","aleenzz","kleiton0x00","HenryChanDC","benjaminschafer8","bannsec","ChoiSG","WS-G","Logan-Elliott","1Gould","galoryber","fckoo","TommyJerryMairo","famasoon","ldebug","sirrushoo","chutuananh2k","xkroot","AnalystM","yan16-DZ","ferr079","blake774D","Mamor5409","leftp","d5fa4lt","ayy-arsnl","nezha0583","voidvxvt","D3STY","HamitKURT","s1nk-net","freyjawionq","wheeeyeyeye","LUCIF3RX","slemire","d47secc","AndyT0T","notxesh","j88001","nashor1","z-elaine","S3lrius","naksyn","0x5844","m4lwhere","klezVirus","mochabyte0x","Ptkatz","je5442804","aionman","N1g0yBug","scareing","TomTom18-eng","0r3ak","xnianq","fdx-xdf","alexlee820","san6051","zyn3rgy","bridge-four","donfucius","HurtCopain","dust-life","an0x03e8","ScriptIdiot","gsmith257-cyber","S3cur3Th1sSh1t","nightRainy","BlackTrace","K78M","theguly","sup817ch","Xre0uS","PepiPetrov","devjohndoe","Scyl14","clod81","ufwt","django-88","shantanu561993","XiaoliChan","Miscf","jfmaes","WesleyWong420","0xDECEA5ED","baiyies","takitsu21","startagain2016","zwned","rizemon","safedv","Chrys4lisfag","kernel-sanders","2867a0","7Shad0w","tzf-omkey","rakan-dev","usddddd","0xvm","davehardy20","thecybermafia","Donovoi","xrkk","Khazing","Taius","Vith0r","boh","rootisareservedword","paranoidrookie","wisdark","JBalanza","dr0op","zmkeh","Mattabase","shugy0sha","SolomonSklash","ghoulsec","5tuk0v","sodinokibi","Adnnlnistrator","zhzyker","mssky9527","slimwang","winezer0","Iamgublin","kapiushion","miunasu","luxcupitor","Oluwa-yemi","paran0ids0ul","geliuz","Ben-Lichtman"],"watchers_count":150,"watchers":["almounah","l4rm4nd","Cyb3r-Monk","ifconfig2333","mukarramkhalid","sunnyneo","NoobCat2000","TechTreker","T-RN-R","circle-x2","florylsk","sh4hin","Teach2Breach","N1njaTxd","itaymigdal","dsokoler","cossinadevil2k","joshualouden","som3canadian","aleenzz","kleiton0x00","HenryChanDC","benjaminschafer8","bannsec","ChoiSG","WS-G","Logan-Elliott","1Gould","galoryber","fckoo","TommyJerryMairo","famasoon","ldebug","sirrushoo","chutuananh2k","xkroot","AnalystM","yan16-DZ","ferr079","blake774D","Mamor5409","leftp","d5fa4lt","ayy-arsnl","nezha0583","voidvxvt","D3STY","HamitKURT","s1nk-net","freyjawionq","wheeeyeyeye","LUCIF3RX","slemire","d47secc","AndyT0T","notxesh","j88001","nashor1","z-elaine","S3lrius","naksyn","0x5844","m4lwhere","klezVirus","mochabyte0x","Ptkatz","je5442804","aionman","N1g0yBug","scareing","TomTom18-eng","0r3ak","xnianq","fdx-xdf","alexlee820","san6051","zyn3rgy","bridge-four","donfucius","HurtCopain","dust-life","an0x03e8","ScriptIdiot","gsmith257-cyber","S3cur3Th1sSh1t","nightRainy","BlackTrace","K78M","theguly","sup817ch","Xre0uS","PepiPetrov","devjohndoe","Scyl14","clod81","ufwt","django-88","shantanu561993","XiaoliChan","Miscf","jfmaes","WesleyWong420","0xDECEA5ED","baiyies","takitsu21","startagain2016","zwned","rizemon","safedv","Chrys4lisfag","kernel-sanders","2867a0","7Shad0w","tzf-omkey","rakan-dev","usddddd","0xvm","davehardy20","thecybermafia","Donovoi","xrkk","Khazing","Taius","Vith0r","boh","rootisareservedword","paranoidrookie","wisdark","JBalanza","dr0op","zmkeh","Mattabase","shugy0sha","SolomonSklash","ghoulsec","5tuk0v","sodinokibi","Adnnlnistrator","zhzyker","mssky9527","slimwang","winezer0","Iamgublin","kapiushion","miunasu","luxcupitor","Oluwa-yemi","paran0ids0ul","geliuz","Ben-Lichtman"],"contributor_count":2,"contributors":["maxDcb","odzhan"],"open_pull_request_count":0,"open_pull_requests":[],"label_count":9,"labels":["bug","documentation","duplicate","enhancement","good first issue","help wanted","invalid","question","wontfix"],"subscribers":["xkroot"],"subscribers_count":1,"committers":["web-flow","web-flow","maxDcb","maxDcb"],"committers_count":2,"committers_emails":["40819564+maxDcb@users.noreply.github.com","odzhan@protonmail.com","decaumiabaillenxma@hotmail.fr","kali@kali.com","decaumiabaillenxma@hotmail.fr"],"committers_emails_count":4,"authors":["maxDcb","odzhan","maxDcb","maxDcb"],"authors_count":2,"assignees":["maxDcb"],"assignees_count":1}