{"forks_count":1,"forkers":["sodinokibi"],"stargazers_count":64,"stargazers":["cdxiaodong","drumtechphoto","Ice-001","liumingmin","raywang1021","kaka3511","plag-it-hub","1095071913","rewerma","utraman-max","WeiWenda","MaoWeiOpen","songangweb","espoire-jiang","antcarryele","chinapandaman","ZackerRoo","Illusionna","CrazyJius","mahonelau","kkk489","kalista590","LujiaJin","Lattice-zjj","lrhx","flycoding0817","jy02404353","SakyaAlice","TTP-Xtian","jhluaa","tonyandeverything","binbjz","zengardenpath","sgr0912","cllapa","bryce4651","jyuhou-wong","pzxqdm","hupo376787","TellMeWhy1122","wanyue123456","beacas-mail","telinxs","wudangdaoshi","YOYZHANG","youyou-0818","yioyoiyioys222","QiuYanJs","joybio","iangellove","AAA679","kuingcry","wjp-letgo","mfcky","jiangsiyime","huyilin666","doukoi-BDB","jie200408","JackieFu99","discover-truth","kaivisRed","JL-ghcoder","Wlz-Hit"],"watchers_count":64,"watchers":["cdxiaodong","drumtechphoto","Ice-001","liumingmin","raywang1021","kaka3511","plag-it-hub","1095071913","rewerma","utraman-max","WeiWenda","MaoWeiOpen","songangweb","espoire-jiang","antcarryele","chinapandaman","ZackerRoo","Illusionna","CrazyJius","mahonelau","kkk489","kalista590","LujiaJin","Lattice-zjj","lrhx","flycoding0817","jy02404353","SakyaAlice","TTP-Xtian","jhluaa","tonyandeverything","binbjz","zengardenpath","sgr0912","cllapa","bryce4651","jyuhou-wong","pzxqdm","hupo376787","TellMeWhy1122","wanyue123456","beacas-mail","telinxs","wudangdaoshi","YOYZHANG","youyou-0818","yioyoiyioys222","QiuYanJs","joybio","iangellove","AAA679","kuingcry","wjp-letgo","mfcky","jiangsiyime","huyilin666","doukoi-BDB","jie200408","JackieFu99","discover-truth","kaivisRed","JL-ghcoder","Wlz-Hit"],"contributor_count":1,"contributors":["cdxiaodong"],"open_pull_request_count":0,"open_pull_requests":[],"label_count":9,"labels":["bug","documentation","duplicate","enhancement","good first issue","help wanted","invalid","question","wontfix"],"subscribers":["cdxiaodong"],"subscribers_count":1,"committers":["web-flow","web-flow","web-flow","web-flow","web-flow","web-flow","web-flow","web-flow","web-flow","web-flow","web-flow","web-flow","web-flow","cdxiaodong"],"committers_count":2,"committers_emails":["1397685307@qq.com","1397685307@qq.com","1397685307@qq.com","1397685307@qq.com","1397685307@qq.com","1397685307@qq.com","1397685307@qq.com","1397685307@qq.com","1397685307@qq.com","1397685307@qq.com","1397685307@qq.com","1397685307@qq.com","1397685307@qq.com","84082748+cdxiaodong@users.noreply.github.com"],"committers_emails_count":2,"authors":["cdxiaodong","cdxiaodong","cdxiaodong","cdxiaodong","cdxiaodong","cdxiaodong","cdxiaodong","cdxiaodong","cdxiaodong","cdxiaodong","cdxiaodong","cdxiaodong","cdxiaodong","cdxiaodong"],"authors_count":1,"assignees":["cdxiaodong"],"assignees_count":1}