{"forks_count":15,"forkers":["zerosum0xo","passbp","0xSojalSec","pwnf","emdnaia","puzzlepeaches","NocFlame","Ramzansmith","Sts0mrg0","apkfabstore","markuta","marc-poljak","petrescugit","jheeree","v4nyl"],"stargazers_count":145,"stargazers":["dunderhay","fhlip0","CicadaMikoto","haxrob","xrkk","PowerPress","clod81","tuna1999","g147","joaoviictorti","00011100","Wingless-Archangel","mr-pmillz","jeffmcjunkin","L1nkd34d","jheeree","Hamid-K","xhzeem","puzzlepeaches","k3nundrum","NHAS","vncloudsco","tracure1337","idealphase","AnthonyHerman","BenjiTrapp","el-bastard0","jmizv","SergejFrank","domx4q","filipposmastro","knoxell","joeleonjr","dwbzn","bonsoird","doct0r3","derrick-roach","Torch02","deltaRed1a","j3soh","Mirabis","boh","STwilight","ResistanceIsUseless","rinekri","RalphDesmangles","rtcms","gh-fml","ENM1989","severus1980","mamont0v","thinfoilhat","just4anut","hirak0","hallstig","newsoft","nclv","vforvasilis","chr0n1k","Sts0mrg0","ColCh","n00py","FreeZeroDays","icyguider","zerdnem","sweetpastabox","cujanovic","rust3r","gosirys","xzxxzzzz000","germaindk","lowSoA","bond00","password-reset","GitPlaya","xElkomy","ustayready","hudjefa","0xbad53c","dehobbs","kernel-sanders","Ramzansmith","TechTreker","jakuta-tech","Taius","lambdasawa","killvxk","gladiatx0r","sere574","NocFlame","AnalystM","sh4hin","affix","omarcosr","Real4XoR","michael2to3","wretiii","werdhaihai","malwareuniversity","nt0xa","paradoxl","leukop","bravery9","No-Github","Aleksey3107","Maleick","lkys37en","0day","th3k3ymak3r","addbel0","gman0x00","AirSkye","byt3bl33d3r","gsmith257-cyber","Yeeb1","x00b","luxcupitor","Digisilient","keeganparr1","peterjmorgan","r1nzleer","PaulzePirate","S3lrius","WS-G","AdrienIT","kstathis","OffensiveBrute","Exido-Rio","sofianeelhor","Exitiumundos","iccugs","betillogalvanfbc","tuo4n8","fooz88","Stevieag","ycaedes","P4nD3m1CB0Y0xD","void92","linzpoppp","matruane","infosecwiz","cbyt3","noraj","nmbshiva","gomezander"],"watchers_count":145,"watchers":["dunderhay","fhlip0","CicadaMikoto","haxrob","xrkk","PowerPress","clod81","tuna1999","g147","joaoviictorti","00011100","Wingless-Archangel","mr-pmillz","jeffmcjunkin","L1nkd34d","jheeree","Hamid-K","xhzeem","puzzlepeaches","k3nundrum","NHAS","vncloudsco","tracure1337","idealphase","AnthonyHerman","BenjiTrapp","el-bastard0","jmizv","SergejFrank","domx4q","filipposmastro","knoxell","joeleonjr","dwbzn","bonsoird","doct0r3","derrick-roach","Torch02","deltaRed1a","j3soh","Mirabis","boh","STwilight","ResistanceIsUseless","rinekri","RalphDesmangles","rtcms","gh-fml","ENM1989","severus1980","mamont0v","thinfoilhat","just4anut","hirak0","hallstig","newsoft","nclv","vforvasilis","chr0n1k","Sts0mrg0","ColCh","n00py","FreeZeroDays","icyguider","zerdnem","sweetpastabox","cujanovic","rust3r","gosirys","xzxxzzzz000","germaindk","lowSoA","bond00","password-reset","GitPlaya","xElkomy","ustayready","hudjefa","0xbad53c","dehobbs","kernel-sanders","Ramzansmith","TechTreker","jakuta-tech","Taius","lambdasawa","killvxk","gladiatx0r","sere574","NocFlame","AnalystM","sh4hin","affix","omarcosr","Real4XoR","michael2to3","wretiii","werdhaihai","malwareuniversity","nt0xa","paradoxl","leukop","bravery9","No-Github","Aleksey3107","Maleick","lkys37en","0day","th3k3ymak3r","addbel0","gman0x00","AirSkye","byt3bl33d3r","gsmith257-cyber","Yeeb1","x00b","luxcupitor","Digisilient","keeganparr1","peterjmorgan","r1nzleer","PaulzePirate","S3lrius","WS-G","AdrienIT","kstathis","OffensiveBrute","Exido-Rio","sofianeelhor","Exitiumundos","iccugs","betillogalvanfbc","tuo4n8","fooz88","Stevieag","ycaedes","P4nD3m1CB0Y0xD","void92","linzpoppp","matruane","infosecwiz","cbyt3","noraj","nmbshiva","gomezander"],"contributor_count":1,"contributors":["dunderhay"],"open_pull_request_count":0,"open_pull_requests":[],"label_count":9,"labels":["bug","documentation","duplicate","enhancement","good first issue","help wanted","invalid","question","wontfix"],"subscribers":["dunderhay","dehobbs"],"subscribers_count":2,"committers":["dunderhay","dunderhay","dunderhay","dunderhay","dunderhay","dunderhay","web-flow"],"committers_count":2,"committers_emails":["27876907+dunderhay@users.noreply.github.com","27876907+dunderhay@users.noreply.github.com","27876907+dunderhay@users.noreply.github.com","27876907+dunderhay@users.noreply.github.com","27876907+dunderhay@users.noreply.github.com","27876907+dunderhay@users.noreply.github.com","27876907+dunderhay@users.noreply.github.com"],"committers_emails_count":1,"authors":["dunderhay","dunderhay","dunderhay","dunderhay","dunderhay","dunderhay","dunderhay"],"authors_count":1,"assignees":["dunderhay"],"assignees_count":1}