{
    "forks_count": 1,
    "forkers": [
        "s3ancascadia"
    ],
    "stargazers_count": 1,
    "stargazers": [
        "Chickenn-afk"
    ],
    "watchers_count": 1,
    "watchers": [
        "Chickenn-afk"
    ],
    "contributor_count": 0,
    "contributors": [],
    "open_pull_request_count": 0,
    "open_pull_requests": [],
    "label_count": 9,
    "labels": [
        "bug",
        "documentation",
        "duplicate",
        "enhancement",
        "good first issue",
        "help wanted",
        "invalid",
        "question",
        "wontfix"
    ],
    "subscribers": [
        "StableFrog44"
    ],
    "subscribers_count": 1,
    "committers": [],
    "committers_count": 0,
    "committers_emails": [
        "LG@status.lol",
        "LG@status.lol"
    ],
    "committers_emails_count": 1,
    "assignees": [
        "StableFrog44"
    ],
    "assignees_count": 1
}