{
    "forks_count": 7,
    "forkers": [
        "s3ancascadia",
        "GooWen",
        "gavz",
        "r888800009",
        "d4rkc0nd0r",
        "xv0nfers"
    ],
    "stargazers_count": 17,
    "stargazers": [
        "xv0nfers",
        "winterknife",
        "F-Alpha5",
        "flatz",
        "bjrjk",
        "maxStirner1",
        "r888800009",
        "lworld0x00",
        "ufwt",
        "rmashadi",
        "TTP-Xtian",
        "endraanugrah12",
        "DrMeosch",
        "d0gkiller87",
        "immortalp0ny",
        "0DAYBROKER",
        "QnA4u"
    ],
    "watchers_count": 17,
    "watchers": [
        "xv0nfers",
        "winterknife",
        "F-Alpha5",
        "flatz",
        "bjrjk",
        "maxStirner1",
        "r888800009",
        "lworld0x00",
        "ufwt",
        "rmashadi",
        "TTP-Xtian",
        "endraanugrah12",
        "DrMeosch",
        "d0gkiller87",
        "immortalp0ny",
        "0DAYBROKER",
        "QnA4u"
    ],
    "contributor_count": 2,
    "contributors": [
        "phoen1xxxx",
        "xv0nfers"
    ],
    "open_pull_request_count": 0,
    "open_pull_requests": [],
    "label_count": 9,
    "labels": [
        "bug",
        "documentation",
        "duplicate",
        "enhancement",
        "good first issue",
        "help wanted",
        "invalid",
        "question",
        "wontfix"
    ],
    "subscribers": [
        "phoen1xxxx"
    ],
    "subscribers_count": 1,
    "committers": [
        "web-flow",
        "web-flow"
    ],
    "committers_count": 1,
    "committers_emails": [
        "103766453+phoen1xxxx@users.noreply.github.com",
        "xvonfers_VR@proton.me",
        "kyomahooyin@gmail.com"
    ],
    "committers_emails_count": 3,
    "assignees": [
        "phoen1xxxx"
    ],
    "assignees_count": 1
}