{"forks_count":5,"forkers":["beerandgin","ScriptIdiot","killvxk","sunnyneo","ASkyeye"],"stargazers_count":41,"stargazers":["jiangdada6","kaIIsyms","ricardojoserf","ghoulsec","famasoon","helloyw","luxcupitor","HenryChanDC","kapiushion","lzzbb","xzxxzzzz000","TheCryingGame","mssky9527","ricardojruiz","sunnyneo","haraldaarz","killvxk","nclv","ConquerLearn","ScriptIdiot","beerandgin","Vasco0x4","VoldeSec","RalfHacker","silentEAG","Sndav","yamakadi","invokethreatguy","evildrummer","seraphimprotocol","vpbroadcastb","Lz1y","Mrhax0rr","HiIkll","startagain2016","jaychouzzk","danill123","chryzsh","iojymbo","dismantl","Bz-silo"],"watchers_count":41,"watchers":["jiangdada6","kaIIsyms","ricardojoserf","ghoulsec","famasoon","helloyw","luxcupitor","HenryChanDC","kapiushion","lzzbb","xzxxzzzz000","TheCryingGame","mssky9527","ricardojruiz","sunnyneo","haraldaarz","killvxk","nclv","ConquerLearn","ScriptIdiot","beerandgin","Vasco0x4","VoldeSec","RalfHacker","silentEAG","Sndav","yamakadi","invokethreatguy","evildrummer","seraphimprotocol","vpbroadcastb","Lz1y","Mrhax0rr","HiIkll","startagain2016","jaychouzzk","danill123","chryzsh","iojymbo","dismantl","Bz-silo"],"contributor_count":1,"contributors":["0x3rhy"],"open_pull_request_count":0,"open_pull_requests":[],"label_count":9,"labels":["bug","documentation","duplicate","enhancement","good first issue","help wanted","invalid","question","wontfix"],"subscribers":["0x3rhy"],"subscribers_count":1,"committers":["0x3rhy","0x3rhy","0x3rhy","0x3rhy","0x3rhy","0x3rhy"],"committers_count":1,"committers_emails":["koloperli@gmail.com","koloperli@gmail.com","koloperli@gmail.com","koloperli@gmail.com","koloperli@gmail.com","koloperli@gmail.com"],"committers_emails_count":1,"authors":["0x3rhy","0x3rhy","0x3rhy","0x3rhy","0x3rhy","0x3rhy"],"authors_count":1,"assignees":["0x3rhy"],"assignees_count":1}