{
    "forks_count": 24,
    "forkers": [
        "Vulnpire",
        "LeeChingHeang",
        "a1k-ghaz1",
        "nak000",
        "Jawad-Saqib",
        "rajivraj",
        "seqrity",
        "dingi3",
        "ramonsousap",
        "tester-byte",
        "HU-MA",
        "Gok26",
        "imsroot",
        "nischalbijukchhe",
        "PushkraJ99",
        "khushi8080",
        "logansensei",
        "0xSojalSec",
        "blaze-xp",
        "jarek-bir",
        "Dandy101x",
        "dkstar11q",
        "emdnaia",
        "UzUm4K01"
    ],
    "stargazers_count": 98,
    "stargazers": [
        "Nishantbhagat57",
        "mzhrisec",
        "ahamedrujhan",
        "samidunimsara",
        "shuvo5cis",
        "MuzukashiMkJin",
        "superuser5",
        "kyjybx",
        "ArunHAtter",
        "Mahmoud-Samir-123",
        "Houtaro001",
        "gdft2112",
        "weebi",
        "nazmul-ethi",
        "Jamalakhtar",
        "ObiMaruKenobi",
        "D4RKTIG3R0",
        "gongchengcheng",
        "maximum-black",
        "PushkraJ99",
        "Steiner-254",
        "melanura",
        "cybrly",
        "famasoon",
        "TTP-Xtian",
        "4D7220426C7565",
        "hastalamuerte",
        "heavyscan",
        "Emperorx3m",
        "BirdsAreFlyingCameras",
        "Igr1s-red",
        "threatpointer",
        "tylerrobinson",
        "fnpial",
        "ph03nixdev",
        "mc6-sudo",
        "blackhat-t",
        "0xbloody",
        "Ephrimgnanam",
        "XZ00Z",
        "habib26-14",
        "securegh",
        "kyotometus",
        "jeckylanonhyde",
        "Priyankghuntala",
        "Alekseylekontsev",
        "YoruYagami",
        "ICE550",
        "marcushs",
        "Teicu",
        "asloma1984",
        "TheHermione",
        "zhifana",
        "Drago-VM",
        "tester-byte",
        "M1cr0wave",
        "Matrixx18",
        "cocoonkid",
        "achabi-ismail",
        "thibaultchatiron",
        "wrsm19",
        "rakesh0x7",
        "nickopaijo",
        "DHANYAV20",
        "Varp0s",
        "C0C0red",
        "Ham38za",
        "Theeespiiiaaan",
        "MrWhiteDon",
        "vandaimer",
        "GloStarRx1",
        "hiyaabai",
        "Yajnesh302",
        "gulersec",
        "Neo314dw",
        "pushkarhax",
        "Gh0stAn0n",
        "0xB16D4ddy",
        "gabyavra",
        "7he7hief",
        "abdelrhman-amin",
        "cornerbrooke",
        "ElNiak",
        "D3fu1t",
        "503301",
        "n0x1u5",
        "feliciawing",
        "tmcr00ze",
        "sevress",
        "FuaerCN",
        "axr00t",
        "AZEC0x00",
        "2Mammon2",
        "hoang12122",
        "LeeChingHeang",
        "Ark402",
        "Vulnpire",
        "kentslaves"
    ],
    "watchers_count": 98,
    "watchers": [
        "Nishantbhagat57",
        "mzhrisec",
        "ahamedrujhan",
        "samidunimsara",
        "shuvo5cis",
        "MuzukashiMkJin",
        "superuser5",
        "kyjybx",
        "ArunHAtter",
        "Mahmoud-Samir-123",
        "Houtaro001",
        "gdft2112",
        "weebi",
        "nazmul-ethi",
        "Jamalakhtar",
        "ObiMaruKenobi",
        "D4RKTIG3R0",
        "gongchengcheng",
        "maximum-black",
        "PushkraJ99",
        "Steiner-254",
        "melanura",
        "cybrly",
        "famasoon",
        "TTP-Xtian",
        "4D7220426C7565",
        "hastalamuerte",
        "heavyscan",
        "Emperorx3m",
        "BirdsAreFlyingCameras",
        "Igr1s-red",
        "threatpointer",
        "tylerrobinson",
        "fnpial",
        "ph03nixdev",
        "mc6-sudo",
        "blackhat-t",
        "0xbloody",
        "Ephrimgnanam",
        "XZ00Z",
        "habib26-14",
        "securegh",
        "kyotometus",
        "jeckylanonhyde",
        "Priyankghuntala",
        "Alekseylekontsev",
        "YoruYagami",
        "ICE550",
        "marcushs",
        "Teicu",
        "asloma1984",
        "TheHermione",
        "zhifana",
        "Drago-VM",
        "tester-byte",
        "M1cr0wave",
        "Matrixx18",
        "cocoonkid",
        "achabi-ismail",
        "thibaultchatiron",
        "wrsm19",
        "rakesh0x7",
        "nickopaijo",
        "DHANYAV20",
        "Varp0s",
        "C0C0red",
        "Ham38za",
        "Theeespiiiaaan",
        "MrWhiteDon",
        "vandaimer",
        "GloStarRx1",
        "hiyaabai",
        "Yajnesh302",
        "gulersec",
        "Neo314dw",
        "pushkarhax",
        "Gh0stAn0n",
        "0xB16D4ddy",
        "gabyavra",
        "7he7hief",
        "abdelrhman-amin",
        "cornerbrooke",
        "ElNiak",
        "D3fu1t",
        "503301",
        "n0x1u5",
        "feliciawing",
        "tmcr00ze",
        "sevress",
        "FuaerCN",
        "axr00t",
        "AZEC0x00",
        "2Mammon2",
        "hoang12122",
        "LeeChingHeang",
        "Ark402",
        "Vulnpire",
        "kentslaves"
    ],
    "contributor_count": 2,
    "contributors": [
        "ifconfig-me",
        "PushkraJ99"
    ],
    "open_pull_request_count": 0,
    "open_pull_requests": [],
    "label_count": 9,
    "labels": [
        "bug",
        "documentation",
        "duplicate",
        "enhancement",
        "good first issue",
        "help wanted",
        "invalid",
        "question",
        "wontfix"
    ],
    "subscribers": [
        "ifconfig-me"
    ],
    "subscribers_count": 1,
    "committers": [
        "web-flow",
        "web-flow",
        "web-flow",
        "web-flow",
        "web-flow",
        "web-flow",
        "web-flow",
        "web-flow",
        "web-flow",
        "web-flow",
        "web-flow",
        "web-flow",
        "web-flow"
    ],
    "committers_count": 1,
    "committers_emails": [
        "ifconfig-me@users.noreply.github.com",
        "ifconfig-me@users.noreply.github.com",
        "ifconfig-me@users.noreply.github.com",
        "ifconfig-me@users.noreply.github.com",
        "ifconfig-me@users.noreply.github.com",
        "ifconfig-me@users.noreply.github.com",
        "ifconfig-me@users.noreply.github.com",
        "104222808+PushkraJ99@users.noreply.github.com",
        "ifconfig-me@users.noreply.github.com",
        "ifconfig-me@users.noreply.github.com",
        "ifconfig-me@users.noreply.github.com",
        "ifconfig-me@users.noreply.github.com",
        "ifconfig-me@users.noreply.github.com"
    ],
    "committers_emails_count": 2,
    "assignees": [
        "ifconfig-me"
    ],
    "assignees_count": 1
}