{"forks_count":2,"forkers":["blupblob","v4nyl"],"stargazers_count":34,"stargazers":["JSmith-Aura","dunderhay","clod81","TTP-Xtian","ItsCrem","sh4hin","InfiniteSuns","petarbojic","xrkk","tracure1337","idealphase","mwatkins-leviathan","LawLieTlol","matthewomccorkle","nclv","vforvasilis","cybrly","bond00","orsoto","zblurx","CicadaMikoto","rn0ch4","SRW-OG","0xDECEA5ED","blackhat-t","lkys37en","tayram","parzel","r1nzleer","mbgonzalez","sebch-","en0ds","AD2011","notxesh"],"watchers_count":34,"watchers":["JSmith-Aura","dunderhay","clod81","TTP-Xtian","ItsCrem","sh4hin","InfiniteSuns","petarbojic","xrkk","tracure1337","idealphase","mwatkins-leviathan","LawLieTlol","matthewomccorkle","nclv","vforvasilis","cybrly","bond00","orsoto","zblurx","CicadaMikoto","rn0ch4","SRW-OG","0xDECEA5ED","blackhat-t","lkys37en","tayram","parzel","r1nzleer","mbgonzalez","sebch-","en0ds","AD2011","notxesh"],"contributor_count":1,"contributors":["dunderhay"],"open_pull_request_count":0,"open_pull_requests":[],"label_count":9,"labels":["bug","documentation","duplicate","enhancement","good first issue","help wanted","invalid","question","wontfix"],"subscribers":["dunderhay"],"subscribers_count":1,"committers":["dunderhay","dunderhay","dunderhay","dunderhay","dunderhay","dunderhay","dunderhay","dunderhay","dunderhay","dunderhay","web-flow"],"committers_count":2,"committers_emails":["27876907+dunderhay@users.noreply.github.com","27876907+dunderhay@users.noreply.github.com","27876907+dunderhay@users.noreply.github.com","27876907+dunderhay@users.noreply.github.com","27876907+dunderhay@users.noreply.github.com","27876907+dunderhay@users.noreply.github.com","27876907+dunderhay@users.noreply.github.com","27876907+dunderhay@users.noreply.github.com","27876907+dunderhay@users.noreply.github.com","27876907+dunderhay@users.noreply.github.com","27876907+dunderhay@users.noreply.github.com"],"committers_emails_count":1,"authors":["dunderhay","dunderhay","dunderhay","dunderhay","dunderhay","dunderhay","dunderhay","dunderhay","dunderhay","dunderhay","dunderhay"],"authors_count":1,"assignees":["dunderhay"],"assignees_count":1}