{"forks_count":48,"forkers":["3tternp","dmore","Sts0mrg0","AliMalekli","perumal-j","yeshuibo","samy4samy","dkstar11q","Hdys0vn","EmadYaY","pirenga","Red-infosec","vaginessa","ssahgal","C0C0red","cmjlove1","gmh5225","126789t","ro0tmylove","NtksCnZV","marciopocebon","H1d3r","morpheusc","ASkyeye","rixoye","jabdy86","Cyb3rm3g","cvlabsio","emdnaia","ciwen3","cyba3r","sunshinedv","primody","haiandaxia","5l1v3r1","ExiaHan","a10ncoder","peterpt","Sec-Fork","ukaserge","skellyb0n3s","gavz","mlynchcogent","p0prxx","Jaratai","zha0","orinocoz","li2856705","JMousqueton","MiBaLToALeX"],"stargazers_count":365,"stargazers":["ethanizen","ShadowStorm0","cr0Kz","6t2","rick-ridgley","0xFay","iliopoul","ckuethe","tonyarris","Tatsuya-hasegawa","GraylockInc","xrkk","eniac888","m3rcer","th3k3ymak3r","cdgsec","HZzz2","charlyestay","orinocoz","0A7V9A","zpaav","iccugs","4553n","xvk1t1","mrfr05t","StefanPengs","PowerPress","yrjo","Run0nceEx","A0x95","matthew-mcateer","MichaIJarosz","eyecat","vegeta2206","Saltinbank-SyS","iamblackcat","aleenzz","PSJoshi","CicadaMikoto","5l33m","ares-ns","axxiba","klezVirus","famasoon","ClaeymanDamien","stultitiophobia","nullfuzz-pentest","dust-life","Cyb3r-Monk","divergen371","zero77","c4nc","p0prxx","Hsins","theealienboy","0xsyr0","hastalamuerte","GerhardBotha97","dcasabianca","Taius","DPR666","jisanlong","ContextPerspective","r2fo","ROHAN11292","UIWP0","leonardotw","petarbojic","The1ntern","RandomTrickster","0xCenter","aryanguenthner","Hoto-Cocoa","tais9","blindtk","owl129","ukaserge","mssky9527","jacy1101","xzxxzzzz000","rezaduty","tdr130","zhzyker","cdxiaodong","firebitsbr","akashocx17","Filadeus","Stankye","itsallpretend","9guma9","deFming","nanaao","jcdex69","florianamette","LeSchuch","C0axx","bewniac","sponnusa","jkerai1","winezer0","CyberJunnkie","iojymbo","voidvxvt","MilleniumSpark","sirrushoo","0x516A","ExiaHan","opabravo","scalefree","tailvpn","wifj","akshbswas98","snakeforhire","natesubra","mghroll","APTEmulations","x81kilo","gilipat","hirak0","atiilla","HJGDDDDD","startagain2016","gcxtx01","FlexAirTor","fnpial","SpadesA99","stream1990","teslawomir","FZKiritsugu","a7t0fwa7","sh4hin","sickle12138","yueyeah","JameZUK","j0nk0","lsofxp","lilhamza","Exido-Rio","niaojin","tracure1337","nclv","boydfields","Hiciano","6b3478","000pp","gsmith257-cyber","yukaFUNAMI","aancw","Thauza","ak2d","CII3ER","rebelinux","WeissCatWithHat","moonflowersl","me009","Zab-an","0xbad53c","brandonscloud","SRW-OG","sere574","EclipseX270","jabdy86","jiangdada6","rixoye","anythingsecure","luxcupitor","chiadi","ifishzz","tmplazy","z3r0b47","mwatkins-leviathan","jolodoro","SeeKT","fortest123321","nanderh","videxrealone","frickasso","THEVER1TAS","Xtraverageoperator","Crash371","ik5","fluidum","gr00T0x","vpilat","coffee-90","Wenkow","L719dhh","Sorell7","embargod","Aaronjwork","mamont0v","pavelklymenko","K3yKur0n0","marciopocebon","mohamed-cpp","JStk-Dev","ordinaryegi","teebow1e","khanhdlq","EricoPawn","YoruYagami","DFSJasonJ","idnovic","wolfgangbarthel","itvmware","yeshuibo","Maquia1980","habib26-14","grenzdezibel","maxStirner1","d3vobed","winterrdog","odzhan","cmjlove1","MaxMnMl","mpfevo","ElYoM","pwn2ooown","g0mxxm","chengjianshia","DummyKitty","yu71107","slteksystemsllc","JuyLang","deemmo","zxz3650","ertanuj96","reveng007","dottorvenom","DAV027","bayram-ozkan","pratik0oo7","lin7lic","cyberust","ix111","0xRobert","theLSA","Lavender-exe","leper7","bormaxi8080","heavyscan","C0C0red","ElbioPappa","georgef-dev","djs75","abcheroworld","kempd1","IC3-CR3AM","Faran-17","michaelclermont","KhoiUna","Jefferderp","zarguell","ALutz273","Mariphy","yamakadi","SimonHertoge","samyk","well-it-wasnt-me","vaginessa","BenjiTrapp","DerryRedjeki","yacxnn","pachacamac","intech","rceayo","RalphDesmangles","johdcyber","zxc135781","tandriamil","FiReLoRd44","jasonsgraham","1A7V9A","samlouiths","mad-cat-lon","grgmrtn255","match-markhattarki","RCStep","WebKmn","furriest","OneOnOneOff","paranoidrookie","jimdi","thecybermafia","badc0ded","Sporedrone","shinegod","bl13pbl03p","MatthiGamer","chuck2909","Marcuccio","MRJANAB","unililium","ManFridayy","linjan","Kerne7","VasilisKosto","Hdys0vn","selmandikici","erik123ponti","nris-kawai","rxyes","1njected","Ebloin","desormeau","silverskyvicto","dreyercito","killvxk","sinllaves","seangcs27","3rebus30","tanzislam","zmkeh","Wonkspele","UnknowSec","ms3c","mazonaught","jackson5sec","them1k","vflame6","jnqpblc","alfrede","noods78","xaviermonin","Nexlab-One","PwnPeter","numanturle","banananananana","Mrhax0rr","bababaslinkage","FlorianHeigl","invokethreatguy","wuyongyi","patuuh","hyperware1337","PhearumH","AZEC0x00","S4CH","WinDino","irony0egoist","xkaneiki","0xR4ndom","yanghaoi","xsxz","Sts0mrg0","AdamYusuff","Molodi747","linzpoppp","9h9he","Sndav","repurslf","immateria","jasoneterry","mohammadzarnian1357","yan16-DZ","0r3ak","NiChits","darkBuddha","Ghostasky","tuna1999","Leon0pteryx","HudsonSeiler","fxploit","forestfoxx","trianguru"],"watchers_count":365,"watchers":["ethanizen","ShadowStorm0","cr0Kz","6t2","rick-ridgley","0xFay","iliopoul","ckuethe","tonyarris","Tatsuya-hasegawa","GraylockInc","xrkk","eniac888","m3rcer","th3k3ymak3r","cdgsec","HZzz2","charlyestay","orinocoz","0A7V9A","zpaav","iccugs","4553n","xvk1t1","mrfr05t","StefanPengs","PowerPress","yrjo","Run0nceEx","A0x95","matthew-mcateer","MichaIJarosz","eyecat","vegeta2206","Saltinbank-SyS","iamblackcat","aleenzz","PSJoshi","CicadaMikoto","5l33m","ares-ns","axxiba","klezVirus","famasoon","ClaeymanDamien","stultitiophobia","nullfuzz-pentest","dust-life","Cyb3r-Monk","divergen371","zero77","c4nc","p0prxx","Hsins","theealienboy","0xsyr0","hastalamuerte","GerhardBotha97","dcasabianca","Taius","DPR666","jisanlong","ContextPerspective","r2fo","ROHAN11292","UIWP0","leonardotw","petarbojic","The1ntern","RandomTrickster","0xCenter","aryanguenthner","Hoto-Cocoa","tais9","blindtk","owl129","ukaserge","mssky9527","jacy1101","xzxxzzzz000","rezaduty","tdr130","zhzyker","cdxiaodong","firebitsbr","akashocx17","Filadeus","Stankye","itsallpretend","9guma9","deFming","nanaao","jcdex69","florianamette","LeSchuch","C0axx","bewniac","sponnusa","jkerai1","winezer0","CyberJunnkie","iojymbo","voidvxvt","MilleniumSpark","sirrushoo","0x516A","ExiaHan","opabravo","scalefree","tailvpn","wifj","akshbswas98","snakeforhire","natesubra","mghroll","APTEmulations","x81kilo","gilipat","hirak0","atiilla","HJGDDDDD","startagain2016","gcxtx01","FlexAirTor","fnpial","SpadesA99","stream1990","teslawomir","FZKiritsugu","a7t0fwa7","sh4hin","sickle12138","yueyeah","JameZUK","j0nk0","lsofxp","lilhamza","Exido-Rio","niaojin","tracure1337","nclv","boydfields","Hiciano","6b3478","000pp","gsmith257-cyber","yukaFUNAMI","aancw","Thauza","ak2d","CII3ER","rebelinux","WeissCatWithHat","moonflowersl","me009","Zab-an","0xbad53c","brandonscloud","SRW-OG","sere574","EclipseX270","jabdy86","jiangdada6","rixoye","anythingsecure","luxcupitor","chiadi","ifishzz","tmplazy","z3r0b47","mwatkins-leviathan","jolodoro","SeeKT","fortest123321","nanderh","videxrealone","frickasso","THEVER1TAS","Xtraverageoperator","Crash371","ik5","fluidum","gr00T0x","vpilat","coffee-90","Wenkow","L719dhh","Sorell7","embargod","Aaronjwork","mamont0v","pavelklymenko","K3yKur0n0","marciopocebon","mohamed-cpp","JStk-Dev","ordinaryegi","teebow1e","khanhdlq","EricoPawn","YoruYagami","DFSJasonJ","idnovic","wolfgangbarthel","itvmware","yeshuibo","Maquia1980","habib26-14","grenzdezibel","maxStirner1","d3vobed","winterrdog","odzhan","cmjlove1","MaxMnMl","mpfevo","ElYoM","pwn2ooown","g0mxxm","chengjianshia","DummyKitty","yu71107","slteksystemsllc","JuyLang","deemmo","zxz3650","ertanuj96","reveng007","dottorvenom","DAV027","bayram-ozkan","pratik0oo7","lin7lic","cyberust","ix111","0xRobert","theLSA","Lavender-exe","leper7","bormaxi8080","heavyscan","C0C0red","ElbioPappa","georgef-dev","djs75","abcheroworld","kempd1","IC3-CR3AM","Faran-17","michaelclermont","KhoiUna","Jefferderp","zarguell","ALutz273","Mariphy","yamakadi","SimonHertoge","samyk","well-it-wasnt-me","vaginessa","BenjiTrapp","DerryRedjeki","yacxnn","pachacamac","intech","rceayo","RalphDesmangles","johdcyber","zxc135781","tandriamil","FiReLoRd44","jasonsgraham","1A7V9A","samlouiths","mad-cat-lon","grgmrtn255","match-markhattarki","RCStep","WebKmn","furriest","OneOnOneOff","paranoidrookie","jimdi","thecybermafia","badc0ded","Sporedrone","shinegod","bl13pbl03p","MatthiGamer","chuck2909","Marcuccio","MRJANAB","unililium","ManFridayy","linjan","Kerne7","VasilisKosto","Hdys0vn","selmandikici","erik123ponti","nris-kawai","rxyes","1njected","Ebloin","desormeau","silverskyvicto","dreyercito","killvxk","sinllaves","seangcs27","3rebus30","tanzislam","zmkeh","Wonkspele","UnknowSec","ms3c","mazonaught","jackson5sec","them1k","vflame6","jnqpblc","alfrede","noods78","xaviermonin","Nexlab-One","PwnPeter","numanturle","banananananana","Mrhax0rr","bababaslinkage","FlorianHeigl","invokethreatguy","wuyongyi","patuuh","hyperware1337","PhearumH","AZEC0x00","S4CH","WinDino","irony0egoist","xkaneiki","0xR4ndom","yanghaoi","xsxz","Sts0mrg0","AdamYusuff","Molodi747","linzpoppp","9h9he","Sndav","repurslf","immateria","jasoneterry","mohammadzarnian1357","yan16-DZ","0r3ak","NiChits","darkBuddha","Ghostasky","tuna1999","Leon0pteryx","HudsonSeiler","fxploit","forestfoxx","trianguru"],"contributor_count":1,"contributors":["Shmuel930"],"open_pull_request_count":0,"open_pull_requests":[],"label_count":9,"labels":["bug","documentation","duplicate","enhancement","good first issue","help wanted","invalid","question","wontfix"],"subscribers":["Shmuel930","ikotler","eran667","Hiciano","eemailme","AdamYusuff","dijitalxyz"],"subscribers_count":7,"committers":["web-flow","web-flow","Shmuel930","web-flow"],"committers_count":2,"committers_emails":["ss9300@gmail.com","ss9300@gmail.com","ss9300@gmail.com","ss9300@gmail.com"],"committers_emails_count":1,"authors":["Shmuel930","Shmuel930","Shmuel930","Shmuel930"],"authors_count":1,"assignees":["dorazouri","eran667","ikotler","oryair1","peleghd","Shmuel930"],"assignees_count":6}