{
    "forks_count": 17,
    "forkers": [
        "jabdy86",
        "zmkeh",
        "irony0egoist",
        "ASkyeye",
        "jeremiahn",
        "WAT4TA",
        "zha0",
        "brucebatman",
        "Dmitri131313",
        "fckoo",
        "aspenmayer",
        "m00zh33",
        "brianbaliat",
        "macdaliot",
        "Cyb3rm3g",
        "emdnaia",
        "cmjlove1"
    ],
    "stargazers_count": 175,
    "stargazers": [
        "MidwintersTomb",
        "rickridgley",
        "naliferopoulos",
        "joe0x5a",
        "FilipposM",
        "0xEva",
        "jasonkalwa",
        "S3cur3Th1sSh1t",
        "mttaggart",
        "kernel-sanders",
        "byt3bl33d3r",
        "bl13pbl03p",
        "r0t1",
        "bocajspear1",
        "invokethreatguy",
        "Ph3nX-Z",
        "kaIIsyms",
        "cdn415",
        "LaRancion",
        "C0axx",
        "joshualouden",
        "n0n5m1l3",
        "syndrowm",
        "HudsonSeiler",
        "Arcsin002",
        "CraigUnder",
        "felixguerrero12",
        "ahnospell44",
        "lefayjey",
        "puzzlepeaches",
        "cmjlove1",
        "sumitvgithub",
        "Th3Tr1ckst3r",
        "Mikaayenson",
        "jwillyamz",
        "josemrb",
        "gavz",
        "boh",
        "clod81",
        "superuser5",
        "53845714nF",
        "shogunlab",
        "DHCyber",
        "nadav-ram",
        "keeganparr1",
        "Life-sec",
        "S3lrius",
        "dunderhay",
        "xrkk",
        "secw01f",
        "archb1sh0p",
        "brimstone",
        "jackson5sec",
        "ryanbaxendale",
        "infosecn1nja",
        "jwardsmith",
        "a7t0fwa7",
        "dunielpls",
        "tingtho",
        "matthewomccorkle",
        "lawes12",
        "FatCyclone",
        "d0ub1ec0d3",
        "michaeltestliu",
        "SeeNanshaneisurely",
        "tailsese",
        "jmarie911",
        "FreeZeroDays",
        "chr0n1k",
        "kozmic",
        "aspenmayer",
        "SolomonSklash",
        "msaringer",
        "NoobCat2000",
        "naksyn",
        "5l33m",
        "kimoppalfens",
        "ares-ns",
        "armag3dd0n",
        "ConsT27",
        "crisprss",
        "vforvasilis",
        "jonathanbrooke",
        "BlackSnufkin",
        "Movara",
        "Zab-an",
        "expl0itabl3",
        "m3rcer",
        "tuna1999",
        "w00dyl3g",
        "hirak0",
        "nkl0x55",
        "luxcupitor",
        "ProtoDroidBot",
        "fckoo",
        "yaleman",
        "Arzleck",
        "nickhakkz",
        "bannsec",
        "MuffinOverflow",
        "WS-G",
        "Patrick-DE",
        "cyburity-dayton",
        "5y5tem5",
        "MHaggis",
        "m4lwhere",
        "patuuh",
        "GithubKillsMyOpsec",
        "Zorkyx22",
        "Azornak",
        "Allevon412",
        "wolfgangbarthel",
        "gruel-coveo",
        "Tx0actical",
        "binarytrails",
        "hxteam",
        "gymR4T",
        "blaisebits",
        "MJVL",
        "OffensiveBrute",
        "A-poc",
        "AndreasDickow",
        "dust-life",
        "jeremiahn",
        "sodinokibi",
        "Saltinbank-SyS",
        "AyslanBatista",
        "CyberTwizted",
        "craigsmooth",
        "askme765cs",
        "lyx744",
        "gh-fml",
        "zhaoyupenggit",
        "reloc2",
        "Keramas",
        "startagain2016",
        "graste",
        "zcrosman",
        "dan-bolsun",
        "nrojas",
        "darmado",
        "Dreyvor",
        "Jarnooow",
        "Jenssen",
        "burgerzx00",
        "xuan-tuyen",
        "irony0egoist",
        "shantanu561993",
        "gelven4sec",
        "XandorMaker",
        "faanross",
        "paulpierre",
        "kensh1ro",
        "zmkeh",
        "yurigbur",
        "v4resk",
        "yamakadi",
        "r00tx",
        "xerxlugnov",
        "st3rven",
        "Techbrunch",
        "DEVisions",
        "daSk1d",
        "anbdummy",
        "Tim-DPC",
        "BenjiTrapp",
        "lapolis",
        "Creetomars",
        "KlinKlinKlin",
        "tylerrobinson",
        "gman0x00",
        "handshake21",
        "grenzdezibel",
        "tillstuder"
    ],
    "watchers_count": 175,
    "watchers": [
        "MidwintersTomb",
        "rickridgley",
        "naliferopoulos",
        "joe0x5a",
        "FilipposM",
        "0xEva",
        "jasonkalwa",
        "S3cur3Th1sSh1t",
        "mttaggart",
        "kernel-sanders",
        "byt3bl33d3r",
        "bl13pbl03p",
        "r0t1",
        "bocajspear1",
        "invokethreatguy",
        "Ph3nX-Z",
        "kaIIsyms",
        "cdn415",
        "LaRancion",
        "C0axx",
        "joshualouden",
        "n0n5m1l3",
        "syndrowm",
        "HudsonSeiler",
        "Arcsin002",
        "CraigUnder",
        "felixguerrero12",
        "ahnospell44",
        "lefayjey",
        "puzzlepeaches",
        "cmjlove1",
        "sumitvgithub",
        "Th3Tr1ckst3r",
        "Mikaayenson",
        "jwillyamz",
        "josemrb",
        "gavz",
        "boh",
        "clod81",
        "superuser5",
        "53845714nF",
        "shogunlab",
        "DHCyber",
        "nadav-ram",
        "keeganparr1",
        "Life-sec",
        "S3lrius",
        "dunderhay",
        "xrkk",
        "secw01f",
        "archb1sh0p",
        "brimstone",
        "jackson5sec",
        "ryanbaxendale",
        "infosecn1nja",
        "jwardsmith",
        "a7t0fwa7",
        "dunielpls",
        "tingtho",
        "matthewomccorkle",
        "lawes12",
        "FatCyclone",
        "d0ub1ec0d3",
        "michaeltestliu",
        "SeeNanshaneisurely",
        "tailsese",
        "jmarie911",
        "FreeZeroDays",
        "chr0n1k",
        "kozmic",
        "aspenmayer",
        "SolomonSklash",
        "msaringer",
        "NoobCat2000",
        "naksyn",
        "5l33m",
        "kimoppalfens",
        "ares-ns",
        "armag3dd0n",
        "ConsT27",
        "crisprss",
        "vforvasilis",
        "jonathanbrooke",
        "BlackSnufkin",
        "Movara",
        "Zab-an",
        "expl0itabl3",
        "m3rcer",
        "tuna1999",
        "w00dyl3g",
        "hirak0",
        "nkl0x55",
        "luxcupitor",
        "ProtoDroidBot",
        "fckoo",
        "yaleman",
        "Arzleck",
        "nickhakkz",
        "bannsec",
        "MuffinOverflow",
        "WS-G",
        "Patrick-DE",
        "cyburity-dayton",
        "5y5tem5",
        "MHaggis",
        "m4lwhere",
        "patuuh",
        "GithubKillsMyOpsec",
        "Zorkyx22",
        "Azornak",
        "Allevon412",
        "wolfgangbarthel",
        "gruel-coveo",
        "Tx0actical",
        "binarytrails",
        "hxteam",
        "gymR4T",
        "blaisebits",
        "MJVL",
        "OffensiveBrute",
        "A-poc",
        "AndreasDickow",
        "dust-life",
        "jeremiahn",
        "sodinokibi",
        "Saltinbank-SyS",
        "AyslanBatista",
        "CyberTwizted",
        "craigsmooth",
        "askme765cs",
        "lyx744",
        "gh-fml",
        "zhaoyupenggit",
        "reloc2",
        "Keramas",
        "startagain2016",
        "graste",
        "zcrosman",
        "dan-bolsun",
        "nrojas",
        "darmado",
        "Dreyvor",
        "Jarnooow",
        "Jenssen",
        "burgerzx00",
        "xuan-tuyen",
        "irony0egoist",
        "shantanu561993",
        "gelven4sec",
        "XandorMaker",
        "faanross",
        "paulpierre",
        "kensh1ro",
        "zmkeh",
        "yurigbur",
        "v4resk",
        "yamakadi",
        "r00tx",
        "xerxlugnov",
        "st3rven",
        "Techbrunch",
        "DEVisions",
        "daSk1d",
        "anbdummy",
        "Tim-DPC",
        "BenjiTrapp",
        "lapolis",
        "Creetomars",
        "KlinKlinKlin",
        "tylerrobinson",
        "gman0x00",
        "handshake21",
        "grenzdezibel",
        "tillstuder"
    ],
    "contributor_count": 1,
    "contributors": [
        "freefirex"
    ],
    "open_pull_request_count": 0,
    "open_pull_requests": [],
    "label_count": 9,
    "labels": [
        "bug",
        "documentation",
        "duplicate",
        "enhancement",
        "good first issue",
        "help wanted",
        "invalid",
        "question",
        "wontfix"
    ],
    "subscribers": [
        "HackingLZ",
        "api0cradle",
        "freefirex"
    ],
    "subscribers_count": 3,
    "committers": [
        "web-flow",
        "freefirex"
    ],
    "committers_count": 2,
    "committers_emails": [
        "oddvar.moe@trustedsec.com",
        "oddvar.moe@trustedsec.com",
        "oddvar.moe@trustedsec.com",
        "christopher.paschen@trustedsec.com",
        "christopher.paschen@trustedsec.com"
    ],
    "committers_emails_count": 2,
    "assignees": [
        "api0cradle",
        "freefirex"
    ],
    "assignees_count": 2
}