{"forks_count":2,"forkers":["GhoStZA-debug","TaintedSights"],"stargazers_count":25,"stargazers":["diego-betto","d0ra1mon","aaarghhh","ares-ns","fl4tcircl3","xanonymous79x","angeloS-98","d7d6","PrayToTheGods","slash3rmast3r","maurizio-scalia","andrea-ap","fed2790","andreadelfino","Olindal3o2","feralan","psychomad","Angrido","dai","null-affinity","xrkk","adityash4rma","stultitiophobia","fxploit","Cyber-Graf"],"watchers_count":25,"watchers":["diego-betto","d0ra1mon","aaarghhh","ares-ns","fl4tcircl3","xanonymous79x","angeloS-98","d7d6","PrayToTheGods","slash3rmast3r","maurizio-scalia","andrea-ap","fed2790","andreadelfino","Olindal3o2","feralan","psychomad","Angrido","dai","null-affinity","xrkk","adityash4rma","stultitiophobia","fxploit","Cyber-Graf"],"contributor_count":1,"contributors":["kavat"],"open_pull_request_count":0,"open_pull_requests":[],"label_count":9,"labels":["bug","documentation","duplicate","enhancement","good first issue","help wanted","invalid","question","wontfix"],"subscribers":["kavat","diego-betto","hunterbit"],"subscribers_count":3,"committers":["kavat","kavat","kavat","kavat","kavat","kavat","kavat","kavat","kavat","kavat","kavat","kavat","kavat","kavat","kavat","kavat","kavat","kavat","kavat","kavat","kavat","kavat","kavat","kavat","kavat","kavat","kavat","kavat","kavat","kavat","kavat","kavat","kavat","kavat","kavat","kavat","kavat","kavat","kavat","kavat","kavat","kavat","kavat","kavat","kavat","kavat","kavat","kavat","kavat","kavat","kavat","kavat","kavat","kavat","kavat","kavat","kavat","kavat","kavat","kavat","kavat","kavat","kavat","kavat","kavat","kavat","kavat","kavat","kavat","kavat","kavat","kavat","kavat","kavat","kavat","kavat","kavat","kavat","kavat","kavat","kavat","kavat","kavat","kavat","kavat","kavat","kavat","kavat","kavat","invalid-email-address","kavat","kavat","kavat","kavat","kavat","kavat","kavat","kavat","kavat","web-flow","web-flow","kavat","kavat","kavat","kavat","kavat","web-flow","web-flow","web-flow","kavat","invalid-email-address","invalid-email-address","invalid-email-address","kavat","kavat","kavat","web-flow","web-flow","web-flow"],"committers_count":3,"committers_emails":["andrycavallini87@gmail.com","andrycavallini87@gmail.com","andrycavallini87@gmail.com","andrycavallini87@gmail.com","andrycavallini87@gmail.com","andrycavallini87@gmail.com","andrycavallini87@gmail.com","andrycavallini87@gmail.com","andrycavallini87@gmail.com","andrycavallini87@gmail.com","andrycavallini87@gmail.com","andrycavallini87@gmail.com","andrycavallini87@gmail.com","andrycavallini87@gmail.com","andrycavallini87@gmail.com","andrycavallini87@gmail.com","andrycavallini87@gmail.com","andrycavallini87@gmail.com","andrycavallini87@gmail.com","andrycavallini87@gmail.com","andrycavallini87@gmail.com","andrycavallini87@gmail.com","andrycavallini87@gmail.com","andrycavallini87@gmail.com","andrycavallini87@gmail.com","andrycavallini87@gmail.com","andrycavallini87@gmail.com","andrycavallini87@gmail.com","andrycavallini87@gmail.com","andrycavallini87@gmail.com","andrycavallini87@gmail.com","andrycavallini87@gmail.com","andrycavallini87@gmail.com","andrycavallini87@gmail.com","andrycavallini87@gmail.com","andrycavallini87@gmail.com","andrycavallini87@gmail.com","andrycavallini87@gmail.com","andrycavallini87@gmail.com","andrycavallini87@gmail.com","andrycavallini87@gmail.com","andrycavallini87@gmail.com","andrycavallini87@gmail.com","andrycavallini87@gmail.com","andrycavallini87@gmail.com","andrycavallini87@gmail.com","andrycavallini87@gmail.com","root@matzamundi.lustria.org","root@matzamundi.lustria.org","andrycavallini87@gmail.com","andrycavallini87@gmail.com","andrycavallini87@gmail.com","andrycavallini87@gmail.com","andrycavallini87@gmail.com","andrycavallini87@gmail.com","andrycavallini87@gmail.com","andrycavallini87@gmail.com","andrycavallini87@gmail.com","andrycavallini87@gmail.com","andrycavallini87@gmail.com","andrycavallini87@gmail.com","andrycavallini87@gmail.com","andrycavallini87@gmail.com","andrycavallini87@gmail.com","andrycavallini87@gmail.com","andrycavallini87@gmail.com","andrycavallini87@gmail.com","andrycavallini87@gmail.com","andrycavallini87@gmail.com","andrycavallini87@gmail.com","andrycavallini87@gmail.com","andrycavallini87@gmail.com","andrycavallini87@gmail.com","andrycavallini87@gmail.com","andrycavallini87@gmail.com","andrycavallini87@gmail.com","andrycavallini87@gmail.com","andrycavallini87@gmail.com","andrycavallini87@gmail.com","andrycavallini87@gmail.com","andrycavallini87@gmail.com","andrycavallini87@gmail.com","andrycavallini87@gmail.com","andrycavallini87@gmail.com","andrycavallini87@gmail.com","andrycavallini87@gmail.com","andrycavallini87@gmail.com","andrycavallini87@gmail.com","andrycavallini87@gmail.com","andrycavallini87@gmail.com","andrycavallini87@gmail.com","you@example.com","andrycavallini87@gmail.com","andrycavallini87@gmail.com","andrycavallini87@gmail.com","andrycavallini87@gmail.com","andrycavallini87@gmail.com","andrycavallini87@gmail.com","andrycavallini87@gmail.com","andrycavallini87@gmail.com","andrycavallini87@gmail.com","andrycavallini87@gmail.com","andrycavallini87@gmail.com","andrycavallini87@gmail.com","andrycavallini87@gmail.com","andrycavallini87@gmail.com","andrycavallini87@gmail.com","andrycavallini87@gmail.com","andrycavallini87@gmail.com","andrycavallini87@gmail.com","andrycavallini87@gmail.com","andrycavallini87@gmail.com","you@example.com","you@example.com","you@example.com","andrycavallini87@gmail.com","andrycavallini87@gmail.com","andrycavallini87@gmail.com","andrycavallini87@gmail.com","andrycavallini87@gmail.com","andrycavallini87@gmail.com"],"committers_emails_count":3,"authors":["kavat","kavat","kavat","kavat","kavat","kavat","kavat","kavat","kavat","kavat","kavat","kavat","kavat","kavat","kavat","kavat","kavat","kavat","kavat","kavat","kavat","kavat","kavat","kavat","kavat","kavat","kavat","kavat","kavat","kavat","kavat","kavat","kavat","kavat","kavat","kavat","kavat","kavat","kavat","kavat","kavat","kavat","kavat","kavat","kavat","kavat","kavat","kavat","kavat","kavat","kavat","kavat","kavat","kavat","kavat","kavat","kavat","kavat","kavat","kavat","kavat","kavat","kavat","kavat","kavat","kavat","kavat","kavat","kavat","kavat","kavat","kavat","kavat","kavat","kavat","kavat","kavat","kavat","kavat","kavat","kavat","kavat","kavat","kavat","kavat","kavat","kavat","kavat","kavat","invalid-email-address","kavat","kavat","kavat","kavat","kavat","kavat","kavat","kavat","kavat","kavat","kavat","kavat","kavat","kavat","kavat","kavat","kavat","kavat","kavat","kavat","invalid-email-address","invalid-email-address","invalid-email-address","kavat","kavat","kavat","kavat","kavat","kavat"],"authors_count":2,"assignees":["kavat"],"assignees_count":1}