{
    "forks_count": 21,
    "forkers": [
        "Master-lay",
        "AgeloVito",
        "xkroot",
        "offsoc",
        "startagain2016",
        "djayaGit",
        "y11en",
        "CrackerCat",
        "Sec-Fork",
        "NLT33",
        "gmh5225",
        "Yeah9782",
        "c3pain",
        "ScriptIdiot",
        "CPO-EH",
        "zha0",
        "apkc",
        "ASkyeye",
        "4rchiba",
        "gavz",
        "emdnaia"
    ],
    "stargazers_count": 163,
    "stargazers": [
        "RalphDesmangles",
        "fhlip0",
        "hulto",
        "Answerr",
        "alexchristy",
        "1N73LL1G3NC3x",
        "gsmith257-cyber",
        "EddieIvan01",
        "JKme",
        "helloyw",
        "niaojin",
        "aleenzz",
        "moonflowersl",
        "TryGOTry",
        "evilashz",
        "timwhitez",
        "tingtho",
        "Zeng-aN",
        "ix111",
        "chuck2909",
        "crisprss",
        "fni535",
        "notb9",
        "seventeenman",
        "leo9722",
        "a11111ths",
        "TTP-Xtian",
        "0A7V9A",
        "rn0ch4",
        "Ridter",
        "luxcupitor",
        "ScriptIdiot",
        "AnonymousAccount-173",
        "baigae",
        "0r3ak",
        "come2darkside",
        "Hello-xBugs",
        "fatfatfong",
        "BlackSnufkin",
        "c3pain",
        "joaoviictorti",
        "RCStep",
        "zmkeh",
        "grim3",
        "silentEAG",
        "fnpial",
        "HenryChanDC",
        "c1y2m3",
        "mwatkins-leviathan",
        "FZKiritsugu",
        "swtornio",
        "ares-ns",
        "spumon1",
        "an0x03e8",
        "theLSA",
        "MahanRajabi80",
        "petarbojic",
        "rbwdenny",
        "B0y1n4o4",
        "5y5tem5",
        "Slzdude",
        "S3lrius",
        "sh4hin",
        "jnabnsn",
        "sorabug",
        "antx-code",
        "VoldeSec",
        "SecurityAddicted",
        "sweetpastabox",
        "Junyc18",
        "DrDenkiBran",
        "Abbbbbqvq",
        "TomTom18-eng",
        "Hnisec",
        "h0ld1rs",
        "boringthegod",
        "naksyn",
        "Kr0ff",
        "itaymigdal",
        "lz520520",
        "TechThupport",
        "bambooqj",
        "branoodle",
        "clod81",
        "zhzyker",
        "growl67",
        "winezer0",
        "Tripse",
        "checkdock",
        "outmansec",
        "dinosn",
        "pard0p",
        "sp1d3rb0y",
        "ShomKaR",
        "manbehindthemadness",
        "bik3te",
        "Cr4sh",
        "2867a0",
        "xrkk",
        "Amarswar",
        "nclv",
        "zha0gongz1",
        "Dharani-sanjaiy",
        "yueyeah",
        "hyperware1337",
        "hirak0",
        "kpa1on",
        "kunpen",
        "Cer3s-k",
        "0xflagplz",
        "katvvisdom",
        "slimwang",
        "SolomonSklash",
        "je5442804",
        "ro0kie3",
        "Imanfeng",
        "Taius",
        "Pent",
        "davehardy20",
        "killvxk",
        "vforvasilis",
        "naliferopoulos",
        "kleiton0x00",
        "y11en",
        "cdn415",
        "bridge-four",
        "zzage",
        "Xtraverageoperator",
        "leonjza",
        "M0untainShley",
        "mwnickerson",
        "ik5",
        "destroylq",
        "lzzbb",
        "startagain2016",
        "stemmm",
        "aubreyrs",
        "XzByte",
        "A2kaid",
        "rakiamaker",
        "fdx-xdf",
        "mikeman",
        "wolfgangbarthel",
        "greyd0g",
        "shantanu561993",
        "xkroot",
        "Uniqu3Ch1",
        "chucksploit",
        "werdhaihai",
        "kernel-sanders",
        "badboycxcc",
        "JinBaiWansec",
        "honorxux",
        "AgeloVito",
        "ybdt",
        "QKioi",
        "Gue5t-zz",
        "odzhan",
        "Arrnitage",
        "xiaofghd893",
        "BorjaMerino",
        "pyramidyon",
        "bancomat1"
    ],
    "watchers_count": 163,
    "watchers": [
        "RalphDesmangles",
        "fhlip0",
        "hulto",
        "Answerr",
        "alexchristy",
        "1N73LL1G3NC3x",
        "gsmith257-cyber",
        "EddieIvan01",
        "JKme",
        "helloyw",
        "niaojin",
        "aleenzz",
        "moonflowersl",
        "TryGOTry",
        "evilashz",
        "timwhitez",
        "tingtho",
        "Zeng-aN",
        "ix111",
        "chuck2909",
        "crisprss",
        "fni535",
        "notb9",
        "seventeenman",
        "leo9722",
        "a11111ths",
        "TTP-Xtian",
        "0A7V9A",
        "rn0ch4",
        "Ridter",
        "luxcupitor",
        "ScriptIdiot",
        "AnonymousAccount-173",
        "baigae",
        "0r3ak",
        "come2darkside",
        "Hello-xBugs",
        "fatfatfong",
        "BlackSnufkin",
        "c3pain",
        "joaoviictorti",
        "RCStep",
        "zmkeh",
        "grim3",
        "silentEAG",
        "fnpial",
        "HenryChanDC",
        "c1y2m3",
        "mwatkins-leviathan",
        "FZKiritsugu",
        "swtornio",
        "ares-ns",
        "spumon1",
        "an0x03e8",
        "theLSA",
        "MahanRajabi80",
        "petarbojic",
        "rbwdenny",
        "B0y1n4o4",
        "5y5tem5",
        "Slzdude",
        "S3lrius",
        "sh4hin",
        "jnabnsn",
        "sorabug",
        "antx-code",
        "VoldeSec",
        "SecurityAddicted",
        "sweetpastabox",
        "Junyc18",
        "DrDenkiBran",
        "Abbbbbqvq",
        "TomTom18-eng",
        "Hnisec",
        "h0ld1rs",
        "boringthegod",
        "naksyn",
        "Kr0ff",
        "itaymigdal",
        "lz520520",
        "TechThupport",
        "bambooqj",
        "branoodle",
        "clod81",
        "zhzyker",
        "growl67",
        "winezer0",
        "Tripse",
        "checkdock",
        "outmansec",
        "dinosn",
        "pard0p",
        "sp1d3rb0y",
        "ShomKaR",
        "manbehindthemadness",
        "bik3te",
        "Cr4sh",
        "2867a0",
        "xrkk",
        "Amarswar",
        "nclv",
        "zha0gongz1",
        "Dharani-sanjaiy",
        "yueyeah",
        "hyperware1337",
        "hirak0",
        "kpa1on",
        "kunpen",
        "Cer3s-k",
        "0xflagplz",
        "katvvisdom",
        "slimwang",
        "SolomonSklash",
        "je5442804",
        "ro0kie3",
        "Imanfeng",
        "Taius",
        "Pent",
        "davehardy20",
        "killvxk",
        "vforvasilis",
        "naliferopoulos",
        "kleiton0x00",
        "y11en",
        "cdn415",
        "bridge-four",
        "zzage",
        "Xtraverageoperator",
        "leonjza",
        "M0untainShley",
        "mwnickerson",
        "ik5",
        "destroylq",
        "lzzbb",
        "startagain2016",
        "stemmm",
        "aubreyrs",
        "XzByte",
        "A2kaid",
        "rakiamaker",
        "fdx-xdf",
        "mikeman",
        "wolfgangbarthel",
        "greyd0g",
        "shantanu561993",
        "xkroot",
        "Uniqu3Ch1",
        "chucksploit",
        "werdhaihai",
        "kernel-sanders",
        "badboycxcc",
        "JinBaiWansec",
        "honorxux",
        "AgeloVito",
        "ybdt",
        "QKioi",
        "Gue5t-zz",
        "odzhan",
        "Arrnitage",
        "xiaofghd893",
        "BorjaMerino",
        "pyramidyon",
        "bancomat1"
    ],
    "contributor_count": 2,
    "contributors": [
        "RtlDallas",
        "NLT33"
    ],
    "open_pull_request_count": 0,
    "open_pull_requests": [],
    "label_count": 9,
    "labels": [
        "bug",
        "documentation",
        "duplicate",
        "enhancement",
        "good first issue",
        "help wanted",
        "invalid",
        "question",
        "wontfix"
    ],
    "subscribers": [
        "RtlDallas",
        "xkroot"
    ],
    "subscribers_count": 2,
    "committers": [
        "web-flow",
        "web-flow",
        "web-flow",
        "web-flow",
        "web-flow",
        "web-flow",
        "web-flow",
        "web-flow",
        "web-flow",
        "web-flow",
        "web-flow",
        "web-flow",
        "web-flow"
    ],
    "committers_count": 1,
    "committers_emails": [
        "141521637+RtlDallas@users.noreply.github.com",
        "101682521+NLT33@users.noreply.github.com",
        "141521637+RtlDallas@users.noreply.github.com",
        "141521637+RtlDallas@users.noreply.github.com",
        "141521637+RtlDallas@users.noreply.github.com",
        "141521637+RtlDallas@users.noreply.github.com",
        "141521637+RtlDallas@users.noreply.github.com",
        "141521637+RtlDallas@users.noreply.github.com",
        "141521637+RtlDallas@users.noreply.github.com",
        "141521637+RtlDallas@users.noreply.github.com",
        "141521637+RtlDallas@users.noreply.github.com",
        "141521637+RtlDallas@users.noreply.github.com",
        "141521637+RtlDallas@users.noreply.github.com"
    ],
    "committers_emails_count": 2,
    "assignees": [
        "RtlDallas"
    ],
    "assignees_count": 1
}