{
    "forks_count": 7,
    "forkers": [
        "gavz",
        "yeshuibo",
        "Sec-Fork",
        "gmh5225",
        "hxlxmjxbbxs",
        "jeffchan69",
        "bigbrobro",
        "redCode001"
    ],
    "stargazers_count": 47,
    "stargazers": [
        "d3f0x0",
        "hirak0",
        "podjackel",
        "RalphDesmangles",
        "cyberchris3",
        "bigbrobro",
        "Ringx3",
        "rezaduty",
        "a7t0fwa7",
        "iNarcissuss",
        "JinBaiWansec",
        "ChiefGyk3D",
        "yueyeah",
        "nclv",
        "rc-cmartinez",
        "Nurdich",
        "kleiton0x00",
        "niaojin",
        "BorjaMerino",
        "sh4hin",
        "4l3x777",
        "askme765cs",
        "killvxk",
        "kanren3",
        "zmkeh",
        "gamous",
        "heromantf",
        "AimiP02",
        "assarbad",
        "Dliv3",
        "dust-life",
        "HenryChanDC",
        "kernel-sanders",
        "spumon1",
        "zhzyker",
        "Lou1sEx",
        "getcode2git",
        "liangzai-ff",
        "eatmans",
        "yeshuibo",
        "JeremyNGalloway",
        "DummyKitty",
        "T-RN-R",
        "Iveco",
        "ik5",
        "orscohen",
        "winterknife"
    ],
    "watchers_count": 47,
    "watchers": [
        "d3f0x0",
        "hirak0",
        "podjackel",
        "RalphDesmangles",
        "cyberchris3",
        "bigbrobro",
        "Ringx3",
        "rezaduty",
        "a7t0fwa7",
        "iNarcissuss",
        "JinBaiWansec",
        "ChiefGyk3D",
        "yueyeah",
        "nclv",
        "rc-cmartinez",
        "Nurdich",
        "kleiton0x00",
        "niaojin",
        "BorjaMerino",
        "sh4hin",
        "4l3x777",
        "askme765cs",
        "killvxk",
        "kanren3",
        "zmkeh",
        "gamous",
        "heromantf",
        "AimiP02",
        "assarbad",
        "Dliv3",
        "dust-life",
        "HenryChanDC",
        "kernel-sanders",
        "spumon1",
        "zhzyker",
        "Lou1sEx",
        "getcode2git",
        "liangzai-ff",
        "eatmans",
        "yeshuibo",
        "JeremyNGalloway",
        "DummyKitty",
        "T-RN-R",
        "Iveco",
        "ik5",
        "orscohen",
        "winterknife"
    ],
    "contributor_count": 1,
    "contributors": [
        "amjcyber"
    ],
    "open_pull_request_count": 0,
    "open_pull_requests": [],
    "label_count": 9,
    "labels": [
        "bug",
        "documentation",
        "duplicate",
        "enhancement",
        "good first issue",
        "help wanted",
        "invalid",
        "question",
        "wontfix"
    ],
    "subscribers": [
        "amjcyber"
    ],
    "subscribers_count": 1,
    "committers": [
        "web-flow",
        "web-flow",
        "web-flow",
        "web-flow",
        "web-flow"
    ],
    "committers_count": 1,
    "committers_emails": [
        "101707527+amjcyber@users.noreply.github.com",
        "101707527+amjcyber@users.noreply.github.com",
        "101707527+amjcyber@users.noreply.github.com",
        "101707527+amjcyber@users.noreply.github.com",
        "101707527+amjcyber@users.noreply.github.com"
    ],
    "committers_emails_count": 1,
    "assignees": [
        "amjcyber"
    ],
    "assignees_count": 1
}