{
    "forks_count": 34,
    "forkers": [
        "john101offical",
        "mabangde",
        "xinxiemy",
        "PNP-MA",
        "highchoice",
        "cvlabsio",
        "gasdgh",
        "DevilBot000",
        "vhdtogo",
        "ItzMatty3241",
        "n0-traces",
        "Tgentimc",
        "0Days1",
        "via-labs",
        "x746b",
        "dontian122",
        "wyzerg",
        "test1213145",
        "xcalibure2",
        "ohyeah521",
        "gavz",
        "thelostworldFree",
        "gmh5225",
        "mukarramkhalid",
        "emdnaia",
        "Kara-4search",
        "Pumpkinmooner",
        "AgeloVito",
        "Sec-Fork",
        "Ciyfly",
        "Giraffe711",
        "hackdou",
        "Arfind",
        "Qlng"
    ],
    "stargazers_count": 184,
    "stargazers": [
        "bcdlbgm",
        "fengyinzhe",
        "evilashz",
        "V1rtu0l",
        "Wsndiedi",
        "aleenzz",
        "Cer3s-k",
        "GHacher",
        "Arfind",
        "baigae",
        "KlinKlinKlin",
        "milu001",
        "hybchenxing",
        "xihuangshi",
        "fdx-xdf",
        "jmpoep",
        "timwhitez",
        "irony0egoist",
        "sniper1c",
        "Ciyfly",
        "5U8J",
        "Autoplay1999",
        "sh4hin",
        "puppis42",
        "alpaca121",
        "ajin-max",
        "zhzyker",
        "Muggle-1",
        "0r3ak",
        "eexp",
        "p4ssw0rd-bypass",
        "AgeloVito",
        "hackersb110",
        "pow1e",
        "Sharlong-Wen",
        "b1ank1108",
        "triplexlove",
        "Kara-4search",
        "outmansec",
        "F11st",
        "Marblue",
        "qianbenhyu",
        "N1sh3xll",
        "P1a0z1",
        "WingBy-Fkalis",
        "wudijun",
        "scanfsec",
        "evi1ox",
        "askme765cs",
        "kstathis",
        "Tycx2ry",
        "mukarramkhalid",
        "1njected",
        "famasoon",
        "zhanyiyi",
        "chaohui997",
        "3hm1ly",
        "Ryankapa",
        "nannanshen",
        "thelostworldFree",
        "rs0d",
        "chennqqi",
        "Ta0ing",
        "ro0kie3",
        "yellowfliag1",
        "0xTriboulet",
        "FZKiritsugu",
        "sh1xo",
        "lsr00ter",
        "tuna1999",
        "moonflowersl",
        "l3unger",
        "Aquilao",
        "wuxueeee",
        "5y5tem5",
        "richinseattle",
        "habib26-14",
        "DevSpork",
        "OffensiveBrute",
        "nashor1",
        "yrjo",
        "evildrummer",
        "bakabakaba",
        "itaymigdal",
        "ohyeah521",
        "danielwu182",
        "LordCasser",
        "yangfan6888",
        "seaofdesert",
        "ddwGeGe",
        "bohr777",
        "Hello-xBugs",
        "nadav-ram",
        "Tirthikas",
        "tdsbs",
        "chr0n1k",
        "hirak0",
        "Root0ne",
        "330938192",
        "ice-wzl",
        "captain686",
        "bambooqj",
        "xcalibure2",
        "moon2l",
        "verydeveloper-byte",
        "xzxxzzzz000",
        "Ringx3",
        "tdr130",
        "wyzerg",
        "Hnisec",
        "chenroot1",
        "momouser76",
        "dontian122",
        "ab-Alex",
        "TaoLiFocus",
        "niaojin",
        "f4ckpty",
        "Ptkatz",
        "0xmaximus",
        "leis1",
        "tututu-patch",
        "Giraffe711",
        "Evilran",
        "MeloX07",
        "via-labs",
        "iliopoul",
        "H3rmesk1t",
        "RcoIl",
        "dust-life",
        "UnT7",
        "M0chae1",
        "0Days1",
        "BGE-faith",
        "ayevesepihip",
        "wonderkun",
        "jiubanlo",
        "N1g0yBug",
        "Siebene",
        "d0ub1ec0d3",
        "d3f0x0",
        "nezha0583",
        "carsonchan12345",
        "sorabug",
        "corrupt3k",
        "Black-l",
        "Feidao-fei",
        "cr1me0",
        "test-for-play",
        "drwscefn",
        "Vith0r",
        "a7t0fwa7",
        "n0-traces",
        "xf555er",
        "emakedie",
        "xiaotsai",
        "h-shawon",
        "Arreb0-1",
        "vhdtogo",
        "kyjybx",
        "cmjlove1",
        "chrisbensch",
        "szabo-ferenc",
        "Asa1117",
        "xichen-G",
        "ELMERIKH",
        "mlkjjkclsdcsd",
        "highchoice",
        "Buaixihongshi",
        "Imanfeng",
        "nanaao",
        "k3lpi3b4nsh33",
        "Nurdich",
        "xinxiemy",
        "cream-sec",
        "zabuzazabuya",
        "hljdqwxq",
        "NiChits",
        "taygun08",
        "KiK0xF",
        "honorxux",
        "ltlly",
        "b0txec",
        "userdddd",
        "Hxnxe"
    ],
    "watchers_count": 184,
    "watchers": [
        "bcdlbgm",
        "fengyinzhe",
        "evilashz",
        "V1rtu0l",
        "Wsndiedi",
        "aleenzz",
        "Cer3s-k",
        "GHacher",
        "Arfind",
        "baigae",
        "KlinKlinKlin",
        "milu001",
        "hybchenxing",
        "xihuangshi",
        "fdx-xdf",
        "jmpoep",
        "timwhitez",
        "irony0egoist",
        "sniper1c",
        "Ciyfly",
        "5U8J",
        "Autoplay1999",
        "sh4hin",
        "puppis42",
        "alpaca121",
        "ajin-max",
        "zhzyker",
        "Muggle-1",
        "0r3ak",
        "eexp",
        "p4ssw0rd-bypass",
        "AgeloVito",
        "hackersb110",
        "pow1e",
        "Sharlong-Wen",
        "b1ank1108",
        "triplexlove",
        "Kara-4search",
        "outmansec",
        "F11st",
        "Marblue",
        "qianbenhyu",
        "N1sh3xll",
        "P1a0z1",
        "WingBy-Fkalis",
        "wudijun",
        "scanfsec",
        "evi1ox",
        "askme765cs",
        "kstathis",
        "Tycx2ry",
        "mukarramkhalid",
        "1njected",
        "famasoon",
        "zhanyiyi",
        "chaohui997",
        "3hm1ly",
        "Ryankapa",
        "nannanshen",
        "thelostworldFree",
        "rs0d",
        "chennqqi",
        "Ta0ing",
        "ro0kie3",
        "yellowfliag1",
        "0xTriboulet",
        "FZKiritsugu",
        "sh1xo",
        "lsr00ter",
        "tuna1999",
        "moonflowersl",
        "l3unger",
        "Aquilao",
        "wuxueeee",
        "5y5tem5",
        "richinseattle",
        "habib26-14",
        "DevSpork",
        "OffensiveBrute",
        "nashor1",
        "yrjo",
        "evildrummer",
        "bakabakaba",
        "itaymigdal",
        "ohyeah521",
        "danielwu182",
        "LordCasser",
        "yangfan6888",
        "seaofdesert",
        "ddwGeGe",
        "bohr777",
        "Hello-xBugs",
        "nadav-ram",
        "Tirthikas",
        "tdsbs",
        "chr0n1k",
        "hirak0",
        "Root0ne",
        "330938192",
        "ice-wzl",
        "captain686",
        "bambooqj",
        "xcalibure2",
        "moon2l",
        "verydeveloper-byte",
        "xzxxzzzz000",
        "Ringx3",
        "tdr130",
        "wyzerg",
        "Hnisec",
        "chenroot1",
        "momouser76",
        "dontian122",
        "ab-Alex",
        "TaoLiFocus",
        "niaojin",
        "f4ckpty",
        "Ptkatz",
        "0xmaximus",
        "leis1",
        "tututu-patch",
        "Giraffe711",
        "Evilran",
        "MeloX07",
        "via-labs",
        "iliopoul",
        "H3rmesk1t",
        "RcoIl",
        "dust-life",
        "UnT7",
        "M0chae1",
        "0Days1",
        "BGE-faith",
        "ayevesepihip",
        "wonderkun",
        "jiubanlo",
        "N1g0yBug",
        "Siebene",
        "d0ub1ec0d3",
        "d3f0x0",
        "nezha0583",
        "carsonchan12345",
        "sorabug",
        "corrupt3k",
        "Black-l",
        "Feidao-fei",
        "cr1me0",
        "test-for-play",
        "drwscefn",
        "Vith0r",
        "a7t0fwa7",
        "n0-traces",
        "xf555er",
        "emakedie",
        "xiaotsai",
        "h-shawon",
        "Arreb0-1",
        "vhdtogo",
        "kyjybx",
        "cmjlove1",
        "chrisbensch",
        "szabo-ferenc",
        "Asa1117",
        "xichen-G",
        "ELMERIKH",
        "mlkjjkclsdcsd",
        "highchoice",
        "Buaixihongshi",
        "Imanfeng",
        "nanaao",
        "k3lpi3b4nsh33",
        "Nurdich",
        "xinxiemy",
        "cream-sec",
        "zabuzazabuya",
        "hljdqwxq",
        "NiChits",
        "taygun08",
        "KiK0xF",
        "honorxux",
        "ltlly",
        "b0txec",
        "userdddd",
        "Hxnxe"
    ],
    "contributor_count": 1,
    "contributors": [
        "TianNaYa"
    ],
    "open_pull_request_count": 0,
    "open_pull_requests": [],
    "label_count": 9,
    "labels": [
        "bug",
        "documentation",
        "duplicate",
        "enhancement",
        "good first issue",
        "help wanted",
        "invalid",
        "question",
        "wontfix"
    ],
    "subscribers": [],
    "subscribers_count": 0,
    "committers": [
        "TianNaYa",
        "TianNaYa",
        "TianNaYa",
        "TianNaYa",
        "TianNaYa",
        "TianNaYa",
        "TianNaYa",
        "TianNaYa",
        "TianNaYa",
        "TianNaYa",
        "TianNaYa",
        "TianNaYa",
        "TianNaYa"
    ],
    "committers_count": 1,
    "committers_emails": [
        "61389299+TianNaYa@users.noreply.github.com",
        "61389299+TianNaYa@users.noreply.github.com",
        "61389299+TianNaYa@users.noreply.github.com",
        "61389299+TianNaYa@users.noreply.github.com",
        "61389299+TianNaYa@users.noreply.github.com",
        "61389299+TianNaYa@users.noreply.github.com",
        "61389299+TianNaYa@users.noreply.github.com",
        "61389299+TianNaYa@users.noreply.github.com",
        "61389299+TianNaYa@users.noreply.github.com",
        "61389299+TianNaYa@users.noreply.github.com",
        "61389299+TianNaYa@users.noreply.github.com",
        "61389299+TianNaYa@users.noreply.github.com",
        "61389299+TianNaYa@users.noreply.github.com"
    ],
    "committers_emails_count": 1,
    "authors": [
        "TianNaYa",
        "TianNaYa",
        "TianNaYa",
        "TianNaYa",
        "TianNaYa",
        "TianNaYa",
        "TianNaYa",
        "TianNaYa",
        "TianNaYa",
        "TianNaYa",
        "TianNaYa",
        "TianNaYa",
        "TianNaYa"
    ],
    "authors_count": 1,
    "assignees": [
        "aleenzz",
        "evilashz",
        "TianNaYa",
        "TryGOTry"
    ],
    "assignees_count": 4
}