{
    "forks_count": 1,
    "forkers": [
        "jeanbemeo"
    ],
    "stargazers_count": 2,
    "stargazers": [
        "justingoldberg",
        "TTP-Xtian"
    ],
    "watchers_count": 2,
    "watchers": [
        "justingoldberg",
        "TTP-Xtian"
    ],
    "contributor_count": 1,
    "contributors": [
        "SleepTheGod"
    ],
    "open_pull_request_count": 0,
    "open_pull_requests": [],
    "label_count": 9,
    "labels": [
        "bug",
        "documentation",
        "duplicate",
        "enhancement",
        "good first issue",
        "help wanted",
        "invalid",
        "question",
        "wontfix"
    ],
    "subscribers": [
        "SleepTheGod"
    ],
    "subscribers_count": 1,
    "committers": [
        "web-flow",
        "web-flow",
        "web-flow",
        "web-flow",
        "web-flow",
        "web-flow",
        "web-flow"
    ],
    "committers_count": 1,
    "committers_emails": [
        "86472964+SleepTheGod@users.noreply.github.com",
        "86472964+SleepTheGod@users.noreply.github.com",
        "86472964+SleepTheGod@users.noreply.github.com",
        "86472964+SleepTheGod@users.noreply.github.com",
        "86472964+SleepTheGod@users.noreply.github.com",
        "86472964+SleepTheGod@users.noreply.github.com",
        "86472964+SleepTheGod@users.noreply.github.com"
    ],
    "committers_emails_count": 1,
    "authors": [
        "SleepTheGod",
        "SleepTheGod",
        "SleepTheGod",
        "SleepTheGod",
        "SleepTheGod",
        "SleepTheGod",
        "SleepTheGod"
    ],
    "authors_count": 1,
    "assignees": [
        "SleepTheGod"
    ],
    "assignees_count": 1
}