{
    "forks_count": 23,
    "forkers": [
        "Gohanckz",
        "ronin-dojo",
        "XRIO0",
        "only-sunny",
        "lorenzomarx",
        "starkxun",
        "enomothem",
        "nak000",
        "Sadatali9",
        "can-u-kiss-me",
        "0xS0l0",
        "s3ancascadia",
        "ajtazer",
        "UzUm4K01",
        "moluyouwo",
        "Banshee444",
        "ifconfig-me",
        "donyayeemrooz",
        "N0M4Df4ll3n",
        "Suares5k",
        "alexxx033",
        "AIisaweapon",
        "bittuvamshi",
        "dkstar11q",
        "marshal00xx"
    ],
    "stargazers_count": 124,
    "stargazers": [
        "whiteov3rflow",
        "MoonBirdLin",
        "HunterX461",
        "nefro85",
        "iccugs",
        "Badi1605",
        "kpa1on",
        "chuck2909",
        "Nishantbhagat57",
        "yasi34cop",
        "Ark402",
        "H0rus01",
        "highchoice",
        "davidbehrend",
        "leonardotw",
        "Costly",
        "DrTableBasse",
        "Jamalakhtar",
        "yassinelgmmal",
        "Suares5k",
        "r4ds3c",
        "ffaw",
        "elektrikalan",
        "fajarslvn",
        "ved009",
        "lgeefs",
        "haitkadir",
        "SebMenozzi",
        "XxRagulxX",
        "ditohd",
        "luxtee",
        "zhifana",
        "bittuvamshi",
        "eLoyyyyy",
        "Stuub",
        "alexxx033",
        "Alpastx",
        "Yextep",
        "abbas0day",
        "actuallygagan",
        "moewhale",
        "come2darkside",
        "meta40r",
        "N0M4Df4ll3n",
        "TTP-Xtian",
        "Human1st",
        "donyayeemrooz",
        "Fr4nkFletcher",
        "vijay922",
        "BigYoungs",
        "0x71rex",
        "kingsmandralph",
        "4mazing",
        "linuxchunk",
        "LinkWithZelda",
        "terrychen92",
        "SecStarBot",
        "kmustriver",
        "Iceish",
        "JulioNG101",
        "0xJeti",
        "GodenID",
        "flybug8",
        "brimo9",
        "manishavalecha",
        "jkerai1",
        "wirepuca",
        "st3rven",
        "5qu1n7",
        "Subxpl0it",
        "Hiroki-Sawada-y",
        "OOx80",
        "shad0w0lf",
        "0xS0l0",
        "lexnovic",
        "MoblyJ",
        "PushkraJ99",
        "Hong5489",
        "DeserranoJorden",
        "Que-sar",
        "yamakadi",
        "awakeningspirit",
        "DoubtfulTurnip",
        "anatchacko",
        "nmalthaf",
        "Grimsons",
        "Hosseinm13",
        "Raj-Singh-45",
        "Zedeldi",
        "ahmaad2221d",
        "Euzebius",
        "AliiAhmadi",
        "Gharaei-Net",
        "Lpo09",
        "hirak0",
        "victorobahor",
        "deeexcee-io",
        "gitgotgitgotit",
        "noobosaurus-r3x",
        "bazzofx",
        "paran0ids0ul",
        "M1northreat",
        "elchaka0",
        "saeed205",
        "lypd0",
        "the-root-user",
        "malwared1",
        "0xASTRA",
        "w4r10-b0b",
        "0x0d3ad",
        "enomothem",
        "starkxun",
        "OshekharO",
        "lorenzomarx",
        "coffee-90",
        "CheckzCo",
        "sangamahesh",
        "nclv",
        "only-sunny",
        "lager1",
        "smn666",
        "DET171",
        "jaikishantulswani",
        "Goofygiraffe06"
    ],
    "watchers_count": 124,
    "watchers": [
        "whiteov3rflow",
        "MoonBirdLin",
        "HunterX461",
        "nefro85",
        "iccugs",
        "Badi1605",
        "kpa1on",
        "chuck2909",
        "Nishantbhagat57",
        "yasi34cop",
        "Ark402",
        "H0rus01",
        "highchoice",
        "davidbehrend",
        "leonardotw",
        "Costly",
        "DrTableBasse",
        "Jamalakhtar",
        "yassinelgmmal",
        "Suares5k",
        "r4ds3c",
        "ffaw",
        "elektrikalan",
        "fajarslvn",
        "ved009",
        "lgeefs",
        "haitkadir",
        "SebMenozzi",
        "XxRagulxX",
        "ditohd",
        "luxtee",
        "zhifana",
        "bittuvamshi",
        "eLoyyyyy",
        "Stuub",
        "alexxx033",
        "Alpastx",
        "Yextep",
        "abbas0day",
        "actuallygagan",
        "moewhale",
        "come2darkside",
        "meta40r",
        "N0M4Df4ll3n",
        "TTP-Xtian",
        "Human1st",
        "donyayeemrooz",
        "Fr4nkFletcher",
        "vijay922",
        "BigYoungs",
        "0x71rex",
        "kingsmandralph",
        "4mazing",
        "linuxchunk",
        "LinkWithZelda",
        "terrychen92",
        "SecStarBot",
        "kmustriver",
        "Iceish",
        "JulioNG101",
        "0xJeti",
        "GodenID",
        "flybug8",
        "brimo9",
        "manishavalecha",
        "jkerai1",
        "wirepuca",
        "st3rven",
        "5qu1n7",
        "Subxpl0it",
        "Hiroki-Sawada-y",
        "OOx80",
        "shad0w0lf",
        "0xS0l0",
        "lexnovic",
        "MoblyJ",
        "PushkraJ99",
        "Hong5489",
        "DeserranoJorden",
        "Que-sar",
        "yamakadi",
        "awakeningspirit",
        "DoubtfulTurnip",
        "anatchacko",
        "nmalthaf",
        "Grimsons",
        "Hosseinm13",
        "Raj-Singh-45",
        "Zedeldi",
        "ahmaad2221d",
        "Euzebius",
        "AliiAhmadi",
        "Gharaei-Net",
        "Lpo09",
        "hirak0",
        "victorobahor",
        "deeexcee-io",
        "gitgotgitgotit",
        "noobosaurus-r3x",
        "bazzofx",
        "paran0ids0ul",
        "M1northreat",
        "elchaka0",
        "saeed205",
        "lypd0",
        "the-root-user",
        "malwared1",
        "0xASTRA",
        "w4r10-b0b",
        "0x0d3ad",
        "enomothem",
        "starkxun",
        "OshekharO",
        "lorenzomarx",
        "coffee-90",
        "CheckzCo",
        "sangamahesh",
        "nclv",
        "only-sunny",
        "lager1",
        "smn666",
        "DET171",
        "jaikishantulswani",
        "Goofygiraffe06"
    ],
    "contributor_count": 2,
    "contributors": [
        "Stuub",
        "ajtazer"
    ],
    "open_pull_request_count": 0,
    "open_pull_requests": [],
    "label_count": 9,
    "labels": [
        "bug",
        "documentation",
        "duplicate",
        "enhancement",
        "good first issue",
        "help wanted",
        "invalid",
        "question",
        "wontfix"
    ],
    "subscribers": [
        "Stuub",
        "1hehaq",
        "0xJeti",
        "OOx80",
        "fuadarradhi",
        "ShalabhDevliyal",
        "blackcodersec"
    ],
    "subscribers_count": 7,
    "committers": [
        "web-flow",
        "web-flow",
        "ajtazer",
        "web-flow",
        "web-flow",
        "Stuub",
        "web-flow",
        "web-flow",
        "web-flow",
        "Stuub",
        "Stuub",
        "Stuub",
        "web-flow",
        "Stuub",
        "web-flow",
        "web-flow",
        "web-flow",
        "Stuub",
        "Stuub",
        "Stuub",
        "web-flow",
        "Stuub"
    ],
    "committers_count": 3,
    "committers_emails": [
        "60468836+Stuub@users.noreply.github.com",
        "60468836+Stuub@users.noreply.github.com",
        "ajcoolx619@gmail.com",
        "60468836+Stuub@users.noreply.github.com",
        "60468836+Stuub@users.noreply.github.com",
        "stuartnufcbeck@outlook.com",
        "60468836+Stuub@users.noreply.github.com",
        "60468836+Stuub@users.noreply.github.com",
        "60468836+Stuub@users.noreply.github.com",
        "stuartnufcbeck@outlook.com",
        "stuartnufcbeck@outlook.com",
        "stuartnufcbeck@outlook.com",
        "60468836+Stuub@users.noreply.github.com",
        "stuartnufcbeck@outlook.com",
        "60468836+Stuub@users.noreply.github.com",
        "60468836+Stuub@users.noreply.github.com",
        "60468836+Stuub@users.noreply.github.com",
        "stuartnufcbeck@outlook.com",
        "stuartnufcbeck@outlook.com",
        "stuartnufcbeck@outlook.com",
        "60468836+Stuub@users.noreply.github.com",
        "stuartnufcbeck@outlook.com"
    ],
    "committers_emails_count": 3,
    "assignees": [
        "Stuub"
    ],
    "assignees_count": 1
}