{"forks_count":40,"forkers":["mlegeza","Red-infosec","engene163","bssasasc777","bormaxi8080","HeyMaverick","ingramali","kronosun","Tobey123","AbdulMalik9876","shuaibibobo","PHANTOM617","JavaGarcia","go-bi","swagkarna","b34c0n5","xcalibure2","zealias","Pet007nique","leyeseyi","Darksidesfear","v-k-k","secdev02","Tourountzis","Starla2u","hotelzululima","D-Bitman","Rajaryan827","hdev-sec","chenpython","iamasbcx","killvxk","ronin-dojo","H1d3r","ASkyeye","Hellboy7","rvrsh3ll","highchoice","samy4samy","a7t0fwa7"],"stargazers_count":257,"stargazers":["FZKiritsugu","kleiton0x00","steepcloud","Dayhta","S3lrius","a7t0fwa7","guh123","sumitvgithub","davehardy20","6mile","ongyuann","an0x03e8","jkerai1","AssassinUKG","dinosn","cornerbrooke","lck0","MD-DILDAR-MANDAL","iglami","nadav-ram","habib26-14","highchoice","KeyStrOke95","int3hh","Kr0ff","hudjefa","6t2","Ap3x","gongtaoo","4l3x777","heavyscan","xrkk","TylersTech2020","amateur2light","DHCyber","dust-life","RCStep","killvxk","yjthrstgeragr","seventeenman","HenryChanDC","lawndoc","ghoulsec","helloyw","Ushura","M0chae1","BGE-faith","chenpython","gh0stkey","akkuman","moon2l","tzf-omkey","Rajaryan827","maximum-black","D-Bitman","DtorrX","Feynmann9","cart0uche","dan-bolsun","qqvirus","3cr3sc3nt","DimSystem","OffensiveBrute","fillopes","Gitoffomalawn","paranoidrookie","robcarton3","0xadc","irony0egoist","rtfghd","xkroot","D4RKTIG3R0","hxysaury","daSk1d","7k1nx34b","gembleman","freefallmode","NeilPayne69","Vanarakara","Dltd","QYchanj","gerimisc","carlosotgz","dekadentno","RVRX","MattMarji","JeremyNGalloway","Taius","Skyhawk1207","topperge","wajihyassine","BenjiTrapp","ndejong","NeyTwix","bertrand-f","Bcdo","neeemu","godlovepenn","mirusu400","samidunimsara","ccscaesar","kozmic","joedugga-ciscosbg","EclipseX270","gr0s4b1","sodinokibi","Pricetag333","xxmelkezedek","Aruk4s","0xNoobody","r2fo","jejaimes","nclv","Octavian0073","Mirabis","leyeseyi","aSapien","Mr-Process","uknowsec","Mayter","Spambustas","evi1ox","wishjam","localurk","Pizz33","16778738","kondeck2020","Ridter","Ak74-577","Ashomes","TomTom18-eng","Dliv3","je5442804","sh1xo","MushR00m","chengongpp","Eason-A8","xnianq","aboutbo","Donovoi","greyd0g","cmjlove1","Lz1y","wuppp","yanghaoi","cloudplume","Cloutain","Zero08067","hackmiss","shadow9528","fungazi27","yuriaugustus","newsoft","AZEC0x00","hamsec-aumni","fishtian1987","zealias","chr0n1k","gongchengcheng","xcalibure2","sh4hin","swagkarna","latortuga71","dragon1x","zero77","woaiqiukui","JavaGarcia","NYT7","alexanderkasten","weblabsaus","rezaduty","0x023","MeloX07","seraphrimDigital","sh4m2hwz","0xMafty","ian05021","laztname","Saltinbank-SyS","itaymigdal","Kjv1611isch","combat166","bigbadcyborg","tconqueror","fatmeat","VoldeSec","V1rtu0l","UIWP0","RandomCyberM","zwjjustdoit","m3mph1z789","pr1m0rdial","kixcd","ssxla","suicidewcore","DrDenkiBran","Mankid1-1","Boshtrat","Allamaris0","Yanageeker","IvanIC-crypto","tangentbordskrigaren","Young28Dos","eforentropy","BJNFNE","qszxnp","bormaxi8080","lu-ckystars","true0899","opsec-bot","engene163","Sp0Q1","imaverick1337","AfnanBinAbbas","evildrummer","Kerne7","safedv","error-mew-exe-not-found","0xsyr0","Nero22k","hashiromer","blue-devil","Lucylu4u","zmkeh","0xrinegade","fantadevelopment","RemakingEden","kalithedev","forghani77","stanley0010","Run0nceEx","bazzofx","rakan-dev","scriptprivate","blendedin","chrisbensch","kerln7","VAnD4L","testmina77","oraclesstriker","hirak0","omnidavid","cliffhop23","tvlk-fachrioktavian","mlegeza","lukasrdarev","Zeklok1","minhhieuinsight","ebatelchyrok","junkaze08","Gmxian1413","3ud4jm0nj4","giovanni3291","maxz12","manduhcalderon","Saikumar-0230"],"watchers_count":257,"watchers":["FZKiritsugu","kleiton0x00","steepcloud","Dayhta","S3lrius","a7t0fwa7","guh123","sumitvgithub","davehardy20","6mile","ongyuann","an0x03e8","jkerai1","AssassinUKG","dinosn","cornerbrooke","lck0","MD-DILDAR-MANDAL","iglami","nadav-ram","habib26-14","highchoice","KeyStrOke95","int3hh","Kr0ff","hudjefa","6t2","Ap3x","gongtaoo","4l3x777","heavyscan","xrkk","TylersTech2020","amateur2light","DHCyber","dust-life","RCStep","killvxk","yjthrstgeragr","seventeenman","HenryChanDC","lawndoc","ghoulsec","helloyw","Ushura","M0chae1","BGE-faith","chenpython","gh0stkey","akkuman","moon2l","tzf-omkey","Rajaryan827","maximum-black","D-Bitman","DtorrX","Feynmann9","cart0uche","dan-bolsun","qqvirus","3cr3sc3nt","DimSystem","OffensiveBrute","fillopes","Gitoffomalawn","paranoidrookie","robcarton3","0xadc","irony0egoist","rtfghd","xkroot","D4RKTIG3R0","hxysaury","daSk1d","7k1nx34b","gembleman","freefallmode","NeilPayne69","Vanarakara","Dltd","QYchanj","gerimisc","carlosotgz","dekadentno","RVRX","MattMarji","JeremyNGalloway","Taius","Skyhawk1207","topperge","wajihyassine","BenjiTrapp","ndejong","NeyTwix","bertrand-f","Bcdo","neeemu","godlovepenn","mirusu400","samidunimsara","ccscaesar","kozmic","joedugga-ciscosbg","EclipseX270","gr0s4b1","sodinokibi","Pricetag333","xxmelkezedek","Aruk4s","0xNoobody","r2fo","jejaimes","nclv","Octavian0073","Mirabis","leyeseyi","aSapien","Mr-Process","uknowsec","Mayter","Spambustas","evi1ox","wishjam","localurk","Pizz33","16778738","kondeck2020","Ridter","Ak74-577","Ashomes","TomTom18-eng","Dliv3","je5442804","sh1xo","MushR00m","chengongpp","Eason-A8","xnianq","aboutbo","Donovoi","greyd0g","cmjlove1","Lz1y","wuppp","yanghaoi","cloudplume","Cloutain","Zero08067","hackmiss","shadow9528","fungazi27","yuriaugustus","newsoft","AZEC0x00","hamsec-aumni","fishtian1987","zealias","chr0n1k","gongchengcheng","xcalibure2","sh4hin","swagkarna","latortuga71","dragon1x","zero77","woaiqiukui","JavaGarcia","NYT7","alexanderkasten","weblabsaus","rezaduty","0x023","MeloX07","seraphrimDigital","sh4m2hwz","0xMafty","ian05021","laztname","Saltinbank-SyS","itaymigdal","Kjv1611isch","combat166","bigbadcyborg","tconqueror","fatmeat","VoldeSec","V1rtu0l","UIWP0","RandomCyberM","zwjjustdoit","m3mph1z789","pr1m0rdial","kixcd","ssxla","suicidewcore","DrDenkiBran","Mankid1-1","Boshtrat","Allamaris0","Yanageeker","IvanIC-crypto","tangentbordskrigaren","Young28Dos","eforentropy","BJNFNE","qszxnp","bormaxi8080","lu-ckystars","true0899","opsec-bot","engene163","Sp0Q1","imaverick1337","AfnanBinAbbas","evildrummer","Kerne7","safedv","error-mew-exe-not-found","0xsyr0","Nero22k","hashiromer","blue-devil","Lucylu4u","zmkeh","0xrinegade","fantadevelopment","RemakingEden","kalithedev","forghani77","stanley0010","Run0nceEx","bazzofx","rakan-dev","scriptprivate","blendedin","chrisbensch","kerln7","VAnD4L","testmina77","oraclesstriker","hirak0","omnidavid","cliffhop23","tvlk-fachrioktavian","mlegeza","lukasrdarev","Zeklok1","minhhieuinsight","ebatelchyrok","junkaze08","Gmxian1413","3ud4jm0nj4","giovanni3291","maxz12","manduhcalderon","Saikumar-0230"],"contributor_count":1,"contributors":["shaddy43"],"open_pull_request_count":0,"open_pull_requests":[],"label_count":9,"labels":["bug","documentation","duplicate","enhancement","good first issue","help wanted","invalid","question","wontfix"],"subscribers":["shaddy43","xkroot","goodluck4you","dragon1x","hubert3","Mankid1-1"],"subscribers_count":6,"committers":["web-flow","web-flow","web-flow","web-flow","web-flow"],"committers_count":1,"committers_emails":["shayan@cytomate.net","34940939+shaddy43@users.noreply.github.com","shayan@cytomate.net","shayan@cytomate.net","34940939+shaddy43@users.noreply.github.com","34940939+shaddy43@users.noreply.github.com","shayan@cytomate.net","shayan@cytomate.net","shayan@cytomate.net","shayan@cytomate.net","shayan@cytomate.net","shayan@cytomate.net","shayan@cytomate.net","shayan@cytomate.net","shayan@cytomate.net","shayan@cytomate.net","shayan@cytomate.net","shayan@cytomate.net","shayan@cytomate.net","shayan@cytomate.net","shayan@cytomate.net","shayan@cytomate.net","shayan@cytomate.net","shayan@cytomate.net","shayan@cytomate.net","34940939+shaddy43@users.noreply.github.com","shayan@cytomate.net","shayan@cytomate.net","34940939+shaddy43@users.noreply.github.com","shayan@cytomate.net","shayan@cytomate.net","shayan@cytomate.net","shayan@cytomate.net","shayan@cytomate.net","shayan@cytomate.net","shayan@cytomate.net","shayan@cytomate.net","shayan@cytomate.net","shayan@cytomate.net","shayan@cytomate.net","shayan@cytomate.net","shayan@cytomate.net","shayan@cytomate.net","shayan@cytomate.net","shayan@cytomate.net","shayan@cytomate.net"],"committers_emails_count":2,"authors":["shaddy43","shaddy43","shaddy43","shaddy43","shaddy43"],"authors_count":1,"assignees":["shaddy43"],"assignees_count":1}