{
    "forks_count": 24,
    "forkers": [
        "Say383",
        "ingramali",
        "Ryuug4",
        "coopmarshall",
        "mgarzon",
        "tektite-io",
        "fenglin-1",
        "AndreNunes7",
        "R44wk",
        "ahmadfaurani",
        "killerwhiles",
        "OneFistGit",
        "gavz",
        "ASkyeye",
        "Red-infosec",
        "sidneysimas",
        "zeropart",
        "Avadhut8003",
        "c0de-sin",
        "Stoicmehedi",
        "a7t0fwa7",
        "AsymmetricFrequency",
        "princeleonal",
        "AnasLachheb"
    ],
    "stargazers_count": 148,
    "stargazers": [
        "qepting91",
        "osvaldotenorio",
        "heavyscan",
        "princeleonal",
        "icheernoom",
        "cornerbrooke",
        "stivenhacker",
        "AsymmetricFrequency",
        "famasoon",
        "LunyMeow",
        "a7t0fwa7",
        "hello4r1end",
        "Mag1cByt3s",
        "MiiLLIm",
        "flavioJoshua",
        "AssassinUKG",
        "BenjiTrapp",
        "unbaiat",
        "RmFrZU90aGVycyEK",
        "4ndr3ux4ms",
        "Hence0x",
        "Hacshar",
        "rs0d",
        "iglami",
        "davehardy20",
        "sh4hin",
        "BowenBrenton",
        "d1pakda5",
        "shreethaar",
        "6xS0beit",
        "matthewomccorkle",
        "teebow1e",
        "moonflowersl",
        "reycotallo98",
        "hacks2learn",
        "Shri1610",
        "Noli-Me-Tangere",
        "TTP-Xtian",
        "KeyStrOke95",
        "0xHillside",
        "softdream1981",
        "kcnickerson",
        "th3g3ntl3m4n84",
        "TheAbyssalOne",
        "Black-Hole1004",
        "RemusDBD",
        "vot3k",
        "babbsgit",
        "jr69ss",
        "JFOZ1010",
        "shrek3n",
        "HudsonSeiler",
        "Mr3ch0",
        "t3chnocat",
        "cybrly",
        "cmndcntrlcyber",
        "int3hh",
        "Faltom790",
        "Tonnyno94",
        "GustavYoung",
        "ci-vamp",
        "CarlosSantos3084",
        "syndrowm",
        "enrbh",
        "jrpanda",
        "iccugs",
        "nadav-ram",
        "msimon96",
        "joshualouden",
        "niaojin",
        "1fvyuio333",
        "hulto",
        "7imbitz",
        "nullmonk",
        "kondeck2020",
        "sumitvgithub",
        "s4dmach1ne",
        "GerhardBotha97",
        "startagain2016",
        "Liehu",
        "akkuman",
        "AnikateSawhney",
        "liangbo6",
        "fuzzy3k",
        "changheluor007",
        "Zab-an",
        "AndreNunes7",
        "Riprock",
        "liangzai-ff",
        "Vdgonc",
        "chuck2909",
        "ste0815",
        "tawazim",
        "christin634",
        "pranqster",
        "giorni",
        "eniac888",
        "ik5",
        "Norange1220",
        "Mvizer",
        "wllidr",
        "keyll0ger",
        "0x20c",
        "unix-ninja",
        "odzhan",
        "ice-wzl",
        "SRW-OG",
        "eladyesh",
        "toobus",
        "Kr0ff",
        "yamakadi",
        "NicelyCla",
        "fangjinshun",
        "anyeshe",
        "dsturge01",
        "dev-fortress",
        "m8sec",
        "6t2",
        "Kode-n-Rolla",
        "che904",
        "coopmarshall",
        "jwardsmith",
        "stathious",
        "chutuananh2k",
        "Aior01",
        "iojymbo",
        "tmoney11",
        "btaub",
        "dev-bah-ctr",
        "rafaelbaldasso",
        "5y5tem5",
        "corrupt3k",
        "lck0",
        "BETONGUNO",
        "MielPopsssssss",
        "SenshiOffsec",
        "Starla2u",
        "Vulnpire",
        "xrkk",
        "SeeKT",
        "juexindadao",
        "yandek16",
        "ricanwarfare",
        "brendantay",
        "BypasserThe",
        "Trying2learn3",
        "DaveLak"
    ],
    "watchers_count": 148,
    "watchers": [
        "qepting91",
        "osvaldotenorio",
        "heavyscan",
        "princeleonal",
        "icheernoom",
        "cornerbrooke",
        "stivenhacker",
        "AsymmetricFrequency",
        "famasoon",
        "LunyMeow",
        "a7t0fwa7",
        "hello4r1end",
        "Mag1cByt3s",
        "MiiLLIm",
        "flavioJoshua",
        "AssassinUKG",
        "BenjiTrapp",
        "unbaiat",
        "RmFrZU90aGVycyEK",
        "4ndr3ux4ms",
        "Hence0x",
        "Hacshar",
        "rs0d",
        "iglami",
        "davehardy20",
        "sh4hin",
        "BowenBrenton",
        "d1pakda5",
        "shreethaar",
        "6xS0beit",
        "matthewomccorkle",
        "teebow1e",
        "moonflowersl",
        "reycotallo98",
        "hacks2learn",
        "Shri1610",
        "Noli-Me-Tangere",
        "TTP-Xtian",
        "KeyStrOke95",
        "0xHillside",
        "softdream1981",
        "kcnickerson",
        "th3g3ntl3m4n84",
        "TheAbyssalOne",
        "Black-Hole1004",
        "RemusDBD",
        "vot3k",
        "babbsgit",
        "jr69ss",
        "JFOZ1010",
        "shrek3n",
        "HudsonSeiler",
        "Mr3ch0",
        "t3chnocat",
        "cybrly",
        "cmndcntrlcyber",
        "int3hh",
        "Faltom790",
        "Tonnyno94",
        "GustavYoung",
        "ci-vamp",
        "CarlosSantos3084",
        "syndrowm",
        "enrbh",
        "jrpanda",
        "iccugs",
        "nadav-ram",
        "msimon96",
        "joshualouden",
        "niaojin",
        "1fvyuio333",
        "hulto",
        "7imbitz",
        "nullmonk",
        "kondeck2020",
        "sumitvgithub",
        "s4dmach1ne",
        "GerhardBotha97",
        "startagain2016",
        "Liehu",
        "akkuman",
        "AnikateSawhney",
        "liangbo6",
        "fuzzy3k",
        "changheluor007",
        "Zab-an",
        "AndreNunes7",
        "Riprock",
        "liangzai-ff",
        "Vdgonc",
        "chuck2909",
        "ste0815",
        "tawazim",
        "christin634",
        "pranqster",
        "giorni",
        "eniac888",
        "ik5",
        "Norange1220",
        "Mvizer",
        "wllidr",
        "keyll0ger",
        "0x20c",
        "unix-ninja",
        "odzhan",
        "ice-wzl",
        "SRW-OG",
        "eladyesh",
        "toobus",
        "Kr0ff",
        "yamakadi",
        "NicelyCla",
        "fangjinshun",
        "anyeshe",
        "dsturge01",
        "dev-fortress",
        "m8sec",
        "6t2",
        "Kode-n-Rolla",
        "che904",
        "coopmarshall",
        "jwardsmith",
        "stathious",
        "chutuananh2k",
        "Aior01",
        "iojymbo",
        "tmoney11",
        "btaub",
        "dev-bah-ctr",
        "rafaelbaldasso",
        "5y5tem5",
        "corrupt3k",
        "lck0",
        "BETONGUNO",
        "MielPopsssssss",
        "SenshiOffsec",
        "Starla2u",
        "Vulnpire",
        "xrkk",
        "SeeKT",
        "juexindadao",
        "yandek16",
        "ricanwarfare",
        "brendantay",
        "BypasserThe",
        "Trying2learn3",
        "DaveLak"
    ],
    "contributor_count": 0,
    "contributors": [],
    "open_pull_request_count": 0,
    "open_pull_requests": [],
    "label_count": 9,
    "labels": [
        "bug",
        "documentation",
        "duplicate",
        "enhancement",
        "good first issue",
        "help wanted",
        "invalid",
        "question",
        "wontfix"
    ],
    "subscribers": [
        "stivenhacker"
    ],
    "subscribers_count": 1,
    "committers": [],
    "committers_count": 0,
    "committers_emails": [
        "oscarstivenmv@gmail.com"
    ],
    "committers_emails_count": 1,
    "assignees": [
        "stivenhacker"
    ],
    "assignees_count": 1
}