{
    "forks_count": 14,
    "forkers": [
        "v4nyl",
        "avrah",
        "l1kw1d",
        "Hdys0vn",
        "Sec-Fork",
        "s3ancascadia",
        "bravery9",
        "shantanu561993",
        "coderINIT",
        "126789t",
        "ttsite",
        "gavz",
        "emdnaia",
        "ASkyeye"
    ],
    "stargazers_count": 129,
    "stargazers": [
        "Krypteria",
        "luxcupitor",
        "JimSycurity",
        "tillstuder",
        "FZKiritsugu",
        "loo9o",
        "nclv",
        "chr0n1k",
        "N4kedTurtle",
        "6b3478",
        "itaymigdal",
        "galoryber",
        "ongyuann",
        "RalphDesmangles",
        "KabirShackers",
        "shiyeshu",
        "bond00",
        "habib26-14",
        "Tx0actical",
        "scareing",
        "0xbad53c",
        "cocoonkid",
        "D1CEMAN",
        "hirak0",
        "fnpial",
        "Thauza",
        "Vasco0x4",
        "kpa1on",
        "theguly",
        "Mayter",
        "vampire-lab",
        "wh0amitz",
        "dsokoler",
        "burpheart",
        "Mohadib2",
        "SecStarBot",
        "S3cur3Th1sSh1t",
        "byt3bl33d3r",
        "5y5tem5",
        "BlackNurse",
        "S3lrius",
        "RamadhanAmizudin",
        "dur4ng",
        "jeffmcjunkin",
        "anon767",
        "password-reset",
        "BenjiTrapp",
        "FreeZeroDays",
        "eladyesh",
        "steepcloud",
        "clod81",
        "DrMeosch",
        "ik5",
        "whinamax",
        "lck0",
        "xqd-ai",
        "cyberust",
        "jakuta-tech",
        "stultitiophobia",
        "m2rc-p",
        "0A7V9A",
        "jisanlong",
        "tr4c3",
        "JacquesGariepy",
        "come2darkside",
        "invokethreatguy",
        "LsvanDarko",
        "FilipposM",
        "Obimydudee",
        "Yeeb1",
        "teebow1e",
        "Justryuz",
        "v1stra",
        "kleiton0x00",
        "dunderhay",
        "xrkk",
        "test12311123123",
        "your3cho",
        "xzxxzzzz000",
        "Cer3s-k",
        "gsmith257-cyber",
        "Ringx3",
        "edermi",
        "dust-life",
        "AkechiShiro",
        "aniqfakhrul",
        "boh",
        "fhlip0",
        "Darktortue",
        "ROHAN11292",
        "mesh7s",
        "an00byss",
        "n0tspam",
        "gh-fml",
        "Arcayr",
        "playhousehosting",
        "c4nc",
        "InfiniteSuns",
        "shantanu561993",
        "secfb",
        "a7t0fwa7",
        "bravery9",
        "AssassinUKG",
        "NoobCat2000",
        "EddieIvan01",
        "JKme",
        "zhzyker",
        "Taius",
        "Tripse",
        "drmckay",
        "tailvpn",
        "matmad",
        "beratgisler",
        "Margaruga",
        "Hdys0vn",
        "yueyeah",
        "natesubra",
        "geliuz",
        "ro0kie3",
        "dinosn",
        "tingtho",
        "soffensive",
        "joshualouden",
        "OG77tr",
        "Zab-an",
        "v4nyl",
        "jeff6521",
        "Kr0ff",
        "robshee81"
    ],
    "watchers_count": 129,
    "watchers": [
        "Krypteria",
        "luxcupitor",
        "JimSycurity",
        "tillstuder",
        "FZKiritsugu",
        "loo9o",
        "nclv",
        "chr0n1k",
        "N4kedTurtle",
        "6b3478",
        "itaymigdal",
        "galoryber",
        "ongyuann",
        "RalphDesmangles",
        "KabirShackers",
        "shiyeshu",
        "bond00",
        "habib26-14",
        "Tx0actical",
        "scareing",
        "0xbad53c",
        "cocoonkid",
        "D1CEMAN",
        "hirak0",
        "fnpial",
        "Thauza",
        "Vasco0x4",
        "kpa1on",
        "theguly",
        "Mayter",
        "vampire-lab",
        "wh0amitz",
        "dsokoler",
        "burpheart",
        "Mohadib2",
        "SecStarBot",
        "S3cur3Th1sSh1t",
        "byt3bl33d3r",
        "5y5tem5",
        "BlackNurse",
        "S3lrius",
        "RamadhanAmizudin",
        "dur4ng",
        "jeffmcjunkin",
        "anon767",
        "password-reset",
        "BenjiTrapp",
        "FreeZeroDays",
        "eladyesh",
        "steepcloud",
        "clod81",
        "DrMeosch",
        "ik5",
        "whinamax",
        "lck0",
        "xqd-ai",
        "cyberust",
        "jakuta-tech",
        "stultitiophobia",
        "m2rc-p",
        "0A7V9A",
        "jisanlong",
        "tr4c3",
        "JacquesGariepy",
        "come2darkside",
        "invokethreatguy",
        "LsvanDarko",
        "FilipposM",
        "Obimydudee",
        "Yeeb1",
        "teebow1e",
        "Justryuz",
        "v1stra",
        "kleiton0x00",
        "dunderhay",
        "xrkk",
        "test12311123123",
        "your3cho",
        "xzxxzzzz000",
        "Cer3s-k",
        "gsmith257-cyber",
        "Ringx3",
        "edermi",
        "dust-life",
        "AkechiShiro",
        "aniqfakhrul",
        "boh",
        "fhlip0",
        "Darktortue",
        "ROHAN11292",
        "mesh7s",
        "an00byss",
        "n0tspam",
        "gh-fml",
        "Arcayr",
        "playhousehosting",
        "c4nc",
        "InfiniteSuns",
        "shantanu561993",
        "secfb",
        "a7t0fwa7",
        "bravery9",
        "AssassinUKG",
        "NoobCat2000",
        "EddieIvan01",
        "JKme",
        "zhzyker",
        "Taius",
        "Tripse",
        "drmckay",
        "tailvpn",
        "matmad",
        "beratgisler",
        "Margaruga",
        "Hdys0vn",
        "yueyeah",
        "natesubra",
        "geliuz",
        "ro0kie3",
        "dinosn",
        "tingtho",
        "soffensive",
        "joshualouden",
        "OG77tr",
        "Zab-an",
        "v4nyl",
        "jeff6521",
        "Kr0ff",
        "robshee81"
    ],
    "contributor_count": 1,
    "contributors": [
        "HiddenInSlack"
    ],
    "open_pull_request_count": 0,
    "open_pull_requests": [],
    "label_count": 9,
    "labels": [
        "bug",
        "documentation",
        "duplicate",
        "enhancement",
        "good first issue",
        "help wanted",
        "invalid",
        "question",
        "wontfix"
    ],
    "subscribers": [
        "apanonimo",
        "ttsite"
    ],
    "subscribers_count": 2,
    "committers": [
        "HiddenInSlack"
    ],
    "committers_count": 1,
    "committers_emails": [
        "abadbarreiroiago@gmail.com"
    ],
    "committers_emails_count": 1,
    "assignees": [
        "antuache",
        "apanonimo",
        "HiddenInSlack",
        "Margaruga",
        "xassiz"
    ],
    "assignees_count": 5
}