{"forks_count":35,"forkers":["killvxk","blackmetal2000","DungFlavored","dpakon1","zc-githubs","marklove5102","TigerWalker","minhnq1618","V1rtu0l","shuaibibobo","domainisseized","80x86asm","ldsa165","3as0n","sf0x","shrek3n","windoze-Stuff","tralivali1234","wbaby","fengjixuchui","hotelzululima","gavz","wisdark","xld-hub","Haunted-Banshee","ScriptIdiot","CrackerCat","QueenSquishy","reiterjr","funnybananas","malwarejake","fckoo","ezhangle","gmh5225","xalicex"],"stargazers_count":262,"stargazers":["xalicex","joaoviictorti","aweMinchoo","1N73LL1G3NC3x","voidvxvt","beerandgin","fdx-xdf","amnestria","j0nh4t","fgsec","shogunlab","0xsyr0","geobour98","Jaxii","kleborgn","fckoo","lanverly","tan-wei","6t2","Armillus","Sija","Axactt","soc1ety","0xenia","BenjiTrapp","Yeah9782","Dump-GUY","gsmith257-cyber","itaymigdal","shavitush","michaellrowley","maskelihileci","funnybananas","hugsy","adamsvoboda","xchwarze","thejanit0r","davidlebr1","coremedic","m4ul3r","int3hh","Lz1y","rivit98","vic4key","BlackOfWorld","Ben-Lichtman","coffeecoffeecoffeecoffeecoffee","Kr0ff","clod81","QueenSquishy","hyuunnn","x1tan","Marshall-Hallenbeck","smthdfirent","FZKiritsugu","Still34","RCStep","Jakob6174","luobuda","R1ddles","rn0ch4","zmkeh","EddieIvan01","xrkk","sorabug","sh1xo","dinosn","lebr0nli","chr0n1k","d0gkiller87","bond00","gemilepus","vschwaberow","x0nu11byt3","helloobaby","4l3x777","cocomelonc","presianbg","M0chae1","xld-hub","nclv","Cloutain","VmwarePro","florylsk","eligrey","babbsgit","PwnDexter","x86struct","eversinc33","Lifka","S3cur3Th1sSh1t","TTP-Xtian","InfiniteSuns","EvilBytecode","banhbaochi3n","termist0r","bitlov3r","idanmaman2","pwnf","wisdark","edermi","xorhex","niaojin","Martin7F","dirtybirthdaycake","shrek3n","unkvolism","odzhan","alecnunn","hastalamuerte","nbaertsch","AptAmoeba","solarc3","LaRancion","maskmovdqu","badboycxcc","AwesomeW","Dharani-sanjaiy","evipepota","dunderhay","FreeZeroDays","BeneficialCode","bakatame","alekseypindrus","heromantf","TheGreatestGgoat","ImmuneLion318","S3lrius","JerryLinLinLin","Brynyard","0xArsene","ems44","ignacioj","AriSchmarii","bambooqj","yamakadi","morimolymoly","M450ud","VoldeSec","frizznoway","Miroxy12","aancw","xrmr","RamadhanAmizudin","0xHossam","sh4hin","1Gould","khanh8910","CCCougar","OffensiveBrute","0xRobert","RalphDesmangles","zero77","gelven4sec","lexika979","p4yl0ad","1A7V9A","TH3P1T","0DAYBROKER","6661620a","mxdh","kernel-sanders","Cishanduwang","nek0y4nsu","SolomonSklash","s-Fl","hirak0","rootisareservedword","kaliworld","Taius","Drone-spec","d3adzo","blaisebits","Kibouo","dust-life","ryan-weil","Dmytro-Pashko","UsernameTaken420","user23333","hxteam","dom-lgtm","Atsika","Keramas","rainysoul","jasondrawdy","lobe007","twilight1337","shantanu561993","wr0belj","iotjiejie1","derek-zhang123","kensh1ro","Miscf","sbago","daSk1d","morphineJ","tssailzz8","theGuildHall","DianaNites","Bazaid","blackhat-t","wes4m","paranoidrookie","Hello-xBugs","domainisseized","Teach2Breach","Jurek7777","nashor1","Mrhyuan","sodinokibi","luxcupitor","latortuga71","0xvm","veath1","paran0ids0ul","naliferopoulos","hckrngnr","r0eXpeR","ChenHuge","1oid","FLAC454","ranni0225","sevenhhhh","Mad-Qj","asmhex","yinsel","luxl","reevesrs24","richinseattle","aledns","Saltinbank-SyS","mohamed33389iojoj","marklove5102","Vith0r","T-RN-R","l1918-spec","DrDenkiBran","MilleniumSpark","florianamette","Mrhax0rr","newqnes","liukcj","Ap3x","mssky9527","fhlip0","Zab-an","terrarier2111","LostAquilae","lzzbb","nyxpdb","dhw","VX1988","winterknife","jasoneterry","mensong","OneOnOneOff","righttobeforgott3n","Sndav","Zahiwa655","weizhengwei","bphucc","Esgr0bar"],"watchers_count":262,"watchers":["xalicex","joaoviictorti","aweMinchoo","1N73LL1G3NC3x","voidvxvt","beerandgin","fdx-xdf","amnestria","j0nh4t","fgsec","shogunlab","0xsyr0","geobour98","Jaxii","kleborgn","fckoo","lanverly","tan-wei","6t2","Armillus","Sija","Axactt","soc1ety","0xenia","BenjiTrapp","Yeah9782","Dump-GUY","gsmith257-cyber","itaymigdal","shavitush","michaellrowley","maskelihileci","funnybananas","hugsy","adamsvoboda","xchwarze","thejanit0r","davidlebr1","coremedic","m4ul3r","int3hh","Lz1y","rivit98","vic4key","BlackOfWorld","Ben-Lichtman","coffeecoffeecoffeecoffeecoffee","Kr0ff","clod81","QueenSquishy","hyuunnn","x1tan","Marshall-Hallenbeck","smthdfirent","FZKiritsugu","Still34","RCStep","Jakob6174","luobuda","R1ddles","rn0ch4","zmkeh","EddieIvan01","xrkk","sorabug","sh1xo","dinosn","lebr0nli","chr0n1k","d0gkiller87","bond00","gemilepus","vschwaberow","x0nu11byt3","helloobaby","4l3x777","cocomelonc","presianbg","M0chae1","xld-hub","nclv","Cloutain","VmwarePro","florylsk","eligrey","babbsgit","PwnDexter","x86struct","eversinc33","Lifka","S3cur3Th1sSh1t","TTP-Xtian","InfiniteSuns","EvilBytecode","banhbaochi3n","termist0r","bitlov3r","idanmaman2","pwnf","wisdark","edermi","xorhex","niaojin","Martin7F","dirtybirthdaycake","shrek3n","unkvolism","odzhan","alecnunn","hastalamuerte","nbaertsch","AptAmoeba","solarc3","LaRancion","maskmovdqu","badboycxcc","AwesomeW","Dharani-sanjaiy","evipepota","dunderhay","FreeZeroDays","BeneficialCode","bakatame","alekseypindrus","heromantf","TheGreatestGgoat","ImmuneLion318","S3lrius","JerryLinLinLin","Brynyard","0xArsene","ems44","ignacioj","AriSchmarii","bambooqj","yamakadi","morimolymoly","M450ud","VoldeSec","frizznoway","Miroxy12","aancw","xrmr","RamadhanAmizudin","0xHossam","sh4hin","1Gould","khanh8910","CCCougar","OffensiveBrute","0xRobert","RalphDesmangles","zero77","gelven4sec","lexika979","p4yl0ad","1A7V9A","TH3P1T","0DAYBROKER","6661620a","mxdh","kernel-sanders","Cishanduwang","nek0y4nsu","SolomonSklash","s-Fl","hirak0","rootisareservedword","kaliworld","Taius","Drone-spec","d3adzo","blaisebits","Kibouo","dust-life","ryan-weil","Dmytro-Pashko","UsernameTaken420","user23333","hxteam","dom-lgtm","Atsika","Keramas","rainysoul","jasondrawdy","lobe007","twilight1337","shantanu561993","wr0belj","iotjiejie1","derek-zhang123","kensh1ro","Miscf","sbago","daSk1d","morphineJ","tssailzz8","theGuildHall","DianaNites","Bazaid","blackhat-t","wes4m","paranoidrookie","Hello-xBugs","domainisseized","Teach2Breach","Jurek7777","nashor1","Mrhyuan","sodinokibi","luxcupitor","latortuga71","0xvm","veath1","paran0ids0ul","naliferopoulos","hckrngnr","r0eXpeR","ChenHuge","1oid","FLAC454","ranni0225","sevenhhhh","Mad-Qj","asmhex","yinsel","luxl","reevesrs24","richinseattle","aledns","Saltinbank-SyS","mohamed33389iojoj","marklove5102","Vith0r","T-RN-R","l1918-spec","DrDenkiBran","MilleniumSpark","florianamette","Mrhax0rr","newqnes","liukcj","Ap3x","mssky9527","fhlip0","Zab-an","terrarier2111","LostAquilae","lzzbb","nyxpdb","dhw","VX1988","winterknife","jasoneterry","mensong","OneOnOneOff","righttobeforgott3n","Sndav","Zahiwa655","weizhengwei","bphucc","Esgr0bar"],"contributor_count":1,"contributors":["hasherezade"],"open_pull_request_count":0,"open_pull_requests":[],"label_count":9,"labels":["bug","documentation","duplicate","enhancement","good first issue","help wanted","invalid","question","wontfix"],"subscribers":["hasherezade","fengjixuchui","jasondrawdy","domainisseized","marklove5102"],"subscribers_count":5,"committers":["hasherezade","web-flow","web-flow","web-flow","hasherezade","hasherezade","hasherezade","web-flow","web-flow","web-flow","web-flow","web-flow","web-flow","hasherezade"],"committers_count":2,"committers_emails":["hasherezade@gmail.com","hasherezade@users.noreply.github.com","hasherezade@users.noreply.github.com","lorenz.troiza@rub.de","hasherezade@users.noreply.github.com","hasherezade@gmail.com","hasherezade@gmail.com","hasherezade@gmail.com","hasherezade@users.noreply.github.com","hasherezade@users.noreply.github.com","hasherezade@users.noreply.github.com","hasherezade@users.noreply.github.com","hasherezade@users.noreply.github.com","hasherezade@users.noreply.github.com","hasherezade@gmail.com"],"committers_emails_count":3,"authors":["hasherezade","hasherezade","hasherezade","hasherezade","hasherezade","hasherezade","hasherezade","hasherezade","hasherezade","hasherezade","hasherezade","hasherezade","hasherezade","hasherezade"],"authors_count":1,"assignees":["hasherezade"],"assignees_count":1}