{
    "forks_count": 36,
    "forkers": [
        "cyperdev",
        "theomilan3",
        "sikhol",
        "offsoc",
        "liamdavis1990",
        "peddipedderu",
        "M0hex",
        "jermainlaforce",
        "LaRancion",
        "nick0lass",
        "dn9uy3n",
        "Chronoss3",
        "fengjixuchui",
        "Saksham2002",
        "Nfttkcauzy",
        "dev0x41",
        "vhdtogo",
        "gent79reid",
        "NoTsPepino",
        "k4mu5",
        "c0de-sin",
        "t3hbb",
        "Cyber-aesthetic",
        "b34c0n5",
        "marcoshat",
        "cutff",
        "s3ancascadia",
        "mskky",
        "YbSgCm",
        "ASkyeye",
        "NtksCnZV",
        "shantanu561993",
        "zha0",
        "Heyholiday067",
        "jhnmthw",
        "Fr4nzisko",
        "gavz",
        "jcvikl"
    ],
    "stargazers_count": 163,
    "stargazers": [
        "koztkozt",
        "1N73LL1G3NC3x",
        "embargod",
        "Bishopf7",
        "jivoi",
        "abduIaziz",
        "r00tb1t",
        "JerryLinLinLin",
        "ilyasKerbal",
        "lefayjey",
        "AzizKpln",
        "n0ts0cial",
        "Karpyurii",
        "ahrixia",
        "MiSERYYYYY",
        "KeyStrOke95",
        "tarekxxx",
        "Xtraverageoperator",
        "reveng007",
        "lap1nou",
        "tothemoon08",
        "clod81",
        "kapiushion",
        "rohan836",
        "dottorvenom",
        "boh",
        "gh-fml",
        "BlackNurse",
        "Elohim22",
        "Hacshar",
        "MahanRajabi80",
        "mucahitkaradag",
        "it-t4mpan",
        "kzuna",
        "Ak74-577",
        "panghu-boss",
        "itaymigdal",
        "ninj4c0d3r",
        "dust-life",
        "detrixVR",
        "shantanu561993",
        "teebow1e",
        "lVUSALl",
        "LatentPirate",
        "aancw",
        "skyleronken",
        "Codekies",
        "pwnmeow",
        "katvvisdom",
        "tdr130",
        "Mouhib-hero",
        "TTP-Xtian",
        "LaRancion",
        "Ashifcoder",
        "canc3s",
        "habib26-14",
        "n0n5m1l3",
        "DrTableBasse",
        "5hidobu",
        "Cr4CK3DD",
        "presianbg",
        "unbaiat",
        "gitgotgitgotit",
        "an0x03e8",
        "bravery9",
        "mwatkins-leviathan",
        "murasa-minamitsu",
        "cutff",
        "GitPlaya",
        "NoobCat2000",
        "ibaderx7",
        "them1k",
        "0xvm",
        "a7t0fwa7",
        "khalil0191",
        "AssassinUKG",
        "gitdurandal",
        "jimmy-ly00",
        "Subn0x",
        "Mag1cByt3s",
        "rez4sadi",
        "NoTsPepino",
        "x0rium",
        "lsr00ter",
        "supadumb",
        "Kr0ff",
        "Munna6999",
        "0xmaximus",
        "theLSA",
        "ELMERIKH",
        "Snowden-AQ",
        "HackMogador",
        "3v4Si0N",
        "six2dez",
        "c3pain",
        "rn0ch4",
        "Vith0r",
        "0x61616161",
        "JackJuly",
        "d3c0d3d",
        "twseptian",
        "furax124",
        "ares-ns",
        "Renyidudumen",
        "thomhughes",
        "J1ezds",
        "okitry",
        "alexandersovinkin",
        "MaoriSmurf238",
        "1ec",
        "ObsiFlame",
        "B3MK0",
        "unkvolism",
        "hirak0",
        "Saltinbank-SyS",
        "suszczyk",
        "JeremyNGalloway",
        "chutuananh2k",
        "sh4hin",
        "128kjay",
        "Faisal-Alfaifi",
        "hastalamuerte",
        "behneyh",
        "yzy666699",
        "Oni-kuki",
        "anir0y",
        "yueyeah",
        "just4anut",
        "nikkoenggaliano",
        "cakebomb999",
        "CooperMoffatt",
        "nclv",
        "idafchev",
        "Grivel-l",
        "alexblom102",
        "4sakenGol3m",
        "fuzzingboy",
        "col-1002",
        "mmutj",
        "INotGreen",
        "BambiZombie",
        "wivd",
        "CybrLake",
        "BYT3W1Z4RD",
        "reall0c",
        "nezha0583",
        "manishavalecha",
        "m1nhn",
        "cwinfosec",
        "andersonhsporto",
        "matheuslaidler",
        "SpadesA99",
        "luxcupitor",
        "0x20c",
        "AVISIX",
        "sorabug",
        "cambosa",
        "theomilan3",
        "OffensiveBrute",
        "RobertoMMM",
        "vhdtogo",
        "Taius",
        "ro0kie3"
    ],
    "watchers_count": 163,
    "watchers": [
        "koztkozt",
        "1N73LL1G3NC3x",
        "embargod",
        "Bishopf7",
        "jivoi",
        "abduIaziz",
        "r00tb1t",
        "JerryLinLinLin",
        "ilyasKerbal",
        "lefayjey",
        "AzizKpln",
        "n0ts0cial",
        "Karpyurii",
        "ahrixia",
        "MiSERYYYYY",
        "KeyStrOke95",
        "tarekxxx",
        "Xtraverageoperator",
        "reveng007",
        "lap1nou",
        "tothemoon08",
        "clod81",
        "kapiushion",
        "rohan836",
        "dottorvenom",
        "boh",
        "gh-fml",
        "BlackNurse",
        "Elohim22",
        "Hacshar",
        "MahanRajabi80",
        "mucahitkaradag",
        "it-t4mpan",
        "kzuna",
        "Ak74-577",
        "panghu-boss",
        "itaymigdal",
        "ninj4c0d3r",
        "dust-life",
        "detrixVR",
        "shantanu561993",
        "teebow1e",
        "lVUSALl",
        "LatentPirate",
        "aancw",
        "skyleronken",
        "Codekies",
        "pwnmeow",
        "katvvisdom",
        "tdr130",
        "Mouhib-hero",
        "TTP-Xtian",
        "LaRancion",
        "Ashifcoder",
        "canc3s",
        "habib26-14",
        "n0n5m1l3",
        "DrTableBasse",
        "5hidobu",
        "Cr4CK3DD",
        "presianbg",
        "unbaiat",
        "gitgotgitgotit",
        "an0x03e8",
        "bravery9",
        "mwatkins-leviathan",
        "murasa-minamitsu",
        "cutff",
        "GitPlaya",
        "NoobCat2000",
        "ibaderx7",
        "them1k",
        "0xvm",
        "a7t0fwa7",
        "khalil0191",
        "AssassinUKG",
        "gitdurandal",
        "jimmy-ly00",
        "Subn0x",
        "Mag1cByt3s",
        "rez4sadi",
        "NoTsPepino",
        "x0rium",
        "lsr00ter",
        "supadumb",
        "Kr0ff",
        "Munna6999",
        "0xmaximus",
        "theLSA",
        "ELMERIKH",
        "Snowden-AQ",
        "HackMogador",
        "3v4Si0N",
        "six2dez",
        "c3pain",
        "rn0ch4",
        "Vith0r",
        "0x61616161",
        "JackJuly",
        "d3c0d3d",
        "twseptian",
        "furax124",
        "ares-ns",
        "Renyidudumen",
        "thomhughes",
        "J1ezds",
        "okitry",
        "alexandersovinkin",
        "MaoriSmurf238",
        "1ec",
        "ObsiFlame",
        "B3MK0",
        "unkvolism",
        "hirak0",
        "Saltinbank-SyS",
        "suszczyk",
        "JeremyNGalloway",
        "chutuananh2k",
        "sh4hin",
        "128kjay",
        "Faisal-Alfaifi",
        "hastalamuerte",
        "behneyh",
        "yzy666699",
        "Oni-kuki",
        "anir0y",
        "yueyeah",
        "just4anut",
        "nikkoenggaliano",
        "cakebomb999",
        "CooperMoffatt",
        "nclv",
        "idafchev",
        "Grivel-l",
        "alexblom102",
        "4sakenGol3m",
        "fuzzingboy",
        "col-1002",
        "mmutj",
        "INotGreen",
        "BambiZombie",
        "wivd",
        "CybrLake",
        "BYT3W1Z4RD",
        "reall0c",
        "nezha0583",
        "manishavalecha",
        "m1nhn",
        "cwinfosec",
        "andersonhsporto",
        "matheuslaidler",
        "SpadesA99",
        "luxcupitor",
        "0x20c",
        "AVISIX",
        "sorabug",
        "cambosa",
        "theomilan3",
        "OffensiveBrute",
        "RobertoMMM",
        "vhdtogo",
        "Taius",
        "ro0kie3"
    ],
    "contributor_count": 1,
    "contributors": [
        "V-i-x-x"
    ],
    "open_pull_request_count": 0,
    "open_pull_requests": [],
    "label_count": 9,
    "labels": [
        "bug",
        "documentation",
        "duplicate",
        "enhancement",
        "good first issue",
        "help wanted",
        "invalid",
        "question",
        "wontfix"
    ],
    "subscribers": [
        "V-i-x-x",
        "cutff",
        "eemailme",
        "fengjixuchui"
    ],
    "subscribers_count": 4,
    "committers": [
        "web-flow",
        "web-flow",
        "V-i-x-x",
        "V-i-x-x",
        "web-flow",
        "web-flow",
        "web-flow",
        "web-flow",
        "V-i-x-x",
        "web-flow"
    ],
    "committers_count": 2,
    "committers_emails": [
        "21037679+V-i-x-x@users.noreply.github.com",
        "21037679+V-i-x-x@users.noreply.github.com",
        "21037679+V-i-x-x@users.noreply.github.com",
        "21037679+V-i-x-x@users.noreply.github.com",
        "21037679+V-i-x-x@users.noreply.github.com",
        "21037679+V-i-x-x@users.noreply.github.com",
        "21037679+V-i-x-x@users.noreply.github.com",
        "21037679+V-i-x-x@users.noreply.github.com",
        "21037679+V-i-x-x@users.noreply.github.com",
        "21037679+V-i-x-x@users.noreply.github.com"
    ],
    "committers_emails_count": 1,
    "assignees": [
        "V-i-x-x"
    ],
    "assignees_count": 1
}