{"forks_count":34,"forkers":["UzUm4K01","Marx-wrld","killvxk","th3Bak3r","nak000","EranGoldman","ShadowDragonDumps","RedTeams","pythoncode4day","secdev02","mokeneto","ramosslyz","r00t7oo2jm","Ahzahr","Prakash-Shetty-in","mdiqbalahmad","davehull-wiz","Seronsecurity","som3one0","chriss-0x01","slowmistio","mskky","jermainlaforce","c0de-sin","gdraperi","Sec-Fork","gmh5225","dkstar11q","fckoo","ASkyeye","ggasperat","ScriptIdiot","hotelzululima","CPO-EH","emdnaia","shantanu561993"],"stargazers_count":320,"stargazers":["swtornio","lapolis","exord66","shantanu561993","j0nh4t","nclv","S3lrius","JimSycurity","marcoheijkoop","dust-life","mrjhnsn","paran0ids0ul","5y5tem5","chr0n1k","cybrly","AnalystM","mlcsec","0xbad53c","boringthegod","somethingnew2-0","clod81","S3cur3Th1sSh1t","WolfieMcFly","steepcloud","invokethreatguy","lefayjey","0xvm","katvvisdom","binarytrails","ScriptIdiot","scareing","Donovoi","gsmith257-cyber","sgf","Dharani-sanjaiy","opragel","poppopjmp","vschwaberow","kaywoz","MoonRide303","Ridter","Zab-an","davehardy20","INotGreen","lowSoA","stmyers","sudonoodle","spyr0-sec","DemiOneA","0xRobert","mwatkins-leviathan","omarirose","wavvs","thesubtlety","m4nbat","thecybermafia","autun12","c3pain","fckoo","RalphDesmangles","fnpial","byt3bl33d3r","shellcromancer","kernel-sanders","000pp","KevCui","mr-pmillz","jackson5sec","BenjiTrapp","martingalloar","cmjlove1","PwnDexter","mattreduce","zha0gongz1","zhzyker","aracelym210","maulvialf","yamakadi","ZephrFish","razvan-negri","TTP-Xtian","pm-bhatt","affix","CHYbeta","magnologan","antogerva","matteounitn","CyberHues","shlomicode","arthur4ires","f0xtr07","MisterJackP","kozmer","chrisatdev","gaangulosa","cedowens","Guillrmo","pvfOliveira","aalex954","ShinobiHanzo","eladyesh","JoelMontano","owensan","bormaxi8080","infosecn1nja","videxrealone","davegallant","jfreeland","mavzerburak0","cyrinux","x0prc","password-reset","tracure1337","sinarayc","yoclaire","ik5","MushR00m","connorrutt","th3k3ymak3r","zulu-caPWN","YUUMAKOMORI","Tripse","SawyersPresent","Liopun","keeganparr1","Taius","scrypt-kitty","r00tdaemon","ethanzh","just5ky","JeremyNGalloway","Seronsecurity","orsoto","cleong14","FreeZeroDays","TomTomNavigator","derrick-roach","st3rven","BoredSecGuy","TheRedOperator","an00byss","shpantzer","chrisisbeef","iansu","mdiqbalahmad","andrasays","a7t0fwa7","NoobCat2000","jglopez","WesleyWong420","marcoslopes","jmarie911","Maleick","jamie-netspi","presianbg","chengteck","feelinlucky","b4r0nd3l4b1rr4","zwanski2019","SammyTbeile","robmcguinness","kamakauzy","lojikil","gerbsec","newsoft","rtcms","seanfeeney","nask0","durgasainath","kozmic","samyak-jain","jerrinss5","jamesclair","d0gman","jejaimes","EmZaid","mertdas","hirak0","neeemu","pwnf","dingop","Flip41","fl0mb","mikejhendricks","chuck2909","edjshelton","Shellgio","sanderdewit","natesubra","ArduinoAficionado","vattenrum","epichoxha","adnankoroth","HudsonSeiler","whitefight18","dustyfresh","yueyeah","gitdurandal","alexnimo","RadoslavSheytanov","SeeNanshaneisurely","shaddai","important-security-account","ori-rezonate","dinosn","bafbomb","elinesterov","A-khateeb","arn7av","rootB33R-353","xrkk","brandon-secid","RonRezonate","tututu-patch","Mayter","nrojas","mdb-scottb","t3chnocat","Genbox","peterctrl","circlehk","Techbrunch","hio7","mokeneto","teamktown","panosdimitrellos","priyaoz","thomasdarimont","wicusross","dev-2null","ZachAttackMLR","songpyong","rogerioacp","tuna1999","GeorgePatsias","tux234","austinsonger","m0xsec","ErikLentz","OilyBoHunk","rmusser01","BlackNurse","kafoula","mavrc","marcopolox","p4yl0ad","le-vamp","JoeChip-dev","idmken","tagsou","joshualouden","malwareuniversity","dunderhay","slemire","S1ckB0y1337","RajChowdhury240","endymi","glowbase","manishavalecha","KhasMek","rezaduty","matosdiego","Sickone3","steveAG","jimmy-ly00","cpnj00","mrpnkt","MahanRajabi80","BorjaMerino","tdr130","xrmr","aiwoduoyidian","MielPopsssssss","gosirys","D4rkz3rO","mendacus","vinegrep","Kr0ff","SecurityAddicted","0nsec","xen00rw","lkys37en","AZEC0x00","mangkoran","0x25bit","n8tr0n","florianamette","cybersader","mgeeky","FZKiritsugu","ghoulsec","kyle41111","CaptainBoggle","banananananana","DarkInnocence","wotmd","brice-automatizit","ruchimk","xsxz","sadhuroot","Escobarj6","Eyezuhk","andrisi","c3l3si4n","beescuit","MrNegative370","usneil","infosecwiz","Ptkatz","fdx-xdf","xzxxzzzz000","thdy","cammclain","andir","jedisct1","cbyt3","Cyberlobtomy","just4anut","EngAmrAssal","gaelnite"],"watchers_count":320,"watchers":["swtornio","lapolis","exord66","shantanu561993","j0nh4t","nclv","S3lrius","JimSycurity","marcoheijkoop","dust-life","mrjhnsn","paran0ids0ul","5y5tem5","chr0n1k","cybrly","AnalystM","mlcsec","0xbad53c","boringthegod","somethingnew2-0","clod81","S3cur3Th1sSh1t","WolfieMcFly","steepcloud","invokethreatguy","lefayjey","0xvm","katvvisdom","binarytrails","ScriptIdiot","scareing","Donovoi","gsmith257-cyber","sgf","Dharani-sanjaiy","opragel","poppopjmp","vschwaberow","kaywoz","MoonRide303","Ridter","Zab-an","davehardy20","INotGreen","lowSoA","stmyers","sudonoodle","spyr0-sec","DemiOneA","0xRobert","mwatkins-leviathan","omarirose","wavvs","thesubtlety","m4nbat","thecybermafia","autun12","c3pain","fckoo","RalphDesmangles","fnpial","byt3bl33d3r","shellcromancer","kernel-sanders","000pp","KevCui","mr-pmillz","jackson5sec","BenjiTrapp","martingalloar","cmjlove1","PwnDexter","mattreduce","zha0gongz1","zhzyker","aracelym210","maulvialf","yamakadi","ZephrFish","razvan-negri","TTP-Xtian","pm-bhatt","affix","CHYbeta","magnologan","antogerva","matteounitn","CyberHues","shlomicode","arthur4ires","f0xtr07","MisterJackP","kozmer","chrisatdev","gaangulosa","cedowens","Guillrmo","pvfOliveira","aalex954","ShinobiHanzo","eladyesh","JoelMontano","owensan","bormaxi8080","infosecn1nja","videxrealone","davegallant","jfreeland","mavzerburak0","cyrinux","x0prc","password-reset","tracure1337","sinarayc","yoclaire","ik5","MushR00m","connorrutt","th3k3ymak3r","zulu-caPWN","YUUMAKOMORI","Tripse","SawyersPresent","Liopun","keeganparr1","Taius","scrypt-kitty","r00tdaemon","ethanzh","just5ky","JeremyNGalloway","Seronsecurity","orsoto","cleong14","FreeZeroDays","TomTomNavigator","derrick-roach","st3rven","BoredSecGuy","TheRedOperator","an00byss","shpantzer","chrisisbeef","iansu","mdiqbalahmad","andrasays","a7t0fwa7","NoobCat2000","jglopez","WesleyWong420","marcoslopes","jmarie911","Maleick","jamie-netspi","presianbg","chengteck","feelinlucky","b4r0nd3l4b1rr4","zwanski2019","SammyTbeile","robmcguinness","kamakauzy","lojikil","gerbsec","newsoft","rtcms","seanfeeney","nask0","durgasainath","kozmic","samyak-jain","jerrinss5","jamesclair","d0gman","jejaimes","EmZaid","mertdas","hirak0","neeemu","pwnf","dingop","Flip41","fl0mb","mikejhendricks","chuck2909","edjshelton","Shellgio","sanderdewit","natesubra","ArduinoAficionado","vattenrum","epichoxha","adnankoroth","HudsonSeiler","whitefight18","dustyfresh","yueyeah","gitdurandal","alexnimo","RadoslavSheytanov","SeeNanshaneisurely","shaddai","important-security-account","ori-rezonate","dinosn","bafbomb","elinesterov","A-khateeb","arn7av","rootB33R-353","xrkk","brandon-secid","RonRezonate","tututu-patch","Mayter","nrojas","mdb-scottb","t3chnocat","Genbox","peterctrl","circlehk","Techbrunch","hio7","mokeneto","teamktown","panosdimitrellos","priyaoz","thomasdarimont","wicusross","dev-2null","ZachAttackMLR","songpyong","rogerioacp","tuna1999","GeorgePatsias","tux234","austinsonger","m0xsec","ErikLentz","OilyBoHunk","rmusser01","BlackNurse","kafoula","mavrc","marcopolox","p4yl0ad","le-vamp","JoeChip-dev","idmken","tagsou","joshualouden","malwareuniversity","dunderhay","slemire","S1ckB0y1337","RajChowdhury240","endymi","glowbase","manishavalecha","KhasMek","rezaduty","matosdiego","Sickone3","steveAG","jimmy-ly00","cpnj00","mrpnkt","MahanRajabi80","BorjaMerino","tdr130","xrmr","aiwoduoyidian","MielPopsssssss","gosirys","D4rkz3rO","mendacus","vinegrep","Kr0ff","SecurityAddicted","0nsec","xen00rw","lkys37en","AZEC0x00","mangkoran","0x25bit","n8tr0n","florianamette","cybersader","mgeeky","FZKiritsugu","ghoulsec","kyle41111","CaptainBoggle","banananananana","DarkInnocence","wotmd","brice-automatizit","ruchimk","xsxz","sadhuroot","Escobarj6","Eyezuhk","andrisi","c3l3si4n","beescuit","MrNegative370","usneil","infosecwiz","Ptkatz","fdx-xdf","xzxxzzzz000","thdy","cammclain","andir","jedisct1","cbyt3","Cyberlobtomy","just4anut","EngAmrAssal","gaelnite"],"contributor_count":1,"contributors":["CCob"],"open_pull_request_count":0,"open_pull_requests":[],"label_count":9,"labels":["bug","documentation","duplicate","enhancement","good first issue","help wanted","invalid","question","wontfix"],"subscribers":["andymaier3","CCob","TomTomNavigator","sanderdewit","ArduinoAficionado","sn1ck3r5"],"subscribers_count":6,"committers":["web-flow","CCob","CCob","CCob","CCob","CCob","CCob","CCob","CCob","CCob","web-flow","CCob"],"committers_count":2,"committers_emails":["CCob@users.noreply.github.com","CCob@users.noreply.github.com","CCob@users.noreply.github.com","CCob@users.noreply.github.com","CCob@users.noreply.github.com","CCob@users.noreply.github.com","CCob@users.noreply.github.com","CCob@users.noreply.github.com","CCob@users.noreply.github.com","CCob@users.noreply.github.com","CCob@users.noreply.github.com","CCob@users.noreply.github.com"],"committers_emails_count":1,"authors":["CCob","CCob","CCob","CCob","CCob","CCob","CCob","CCob","CCob","CCob","CCob","CCob"],"authors_count":1,"assignees":["CCob"],"assignees_count":1}