{
    "forks_count": 23,
    "forkers": [
        "erfasfasfass",
        "Danucosukosuko",
        "RIgodonius",
        "jammie",
        "Chronoss3",
        "KhanofJericho0147",
        "NFL-ISO",
        "ronin-dojo",
        "0xSojalSec",
        "anoduck",
        "emdnaia",
        "Binz120",
        "test1213145",
        "zha0",
        "xkroot",
        "b3r1ch",
        "JMousqueton",
        "shrek3n",
        "Equleus",
        "apkc",
        "offsoc",
        "WakakaDoZ",
        "oakkaya"
    ],
    "stargazers_count": 58,
    "stargazers": [
        "EvilBytecode",
        "oakkaya",
        "S9MF",
        "joshualouden",
        "tyler-smith",
        "TaxMachine",
        "dreezysec",
        "alhiiif",
        "dwisiswant0",
        "wgetnz",
        "sh4hin",
        "furax124",
        "c-nv-s",
        "habib26-14",
        "iccugs",
        "liu1998-yowu",
        "tuna1999",
        "80r1ng",
        "zzage",
        "XiaoliChan",
        "teebow1e",
        "hrtywhy",
        "fnpial",
        "chuck2909",
        "shrek3n",
        "OffensiveBrute",
        "Yextep",
        "nclv",
        "vhumint",
        "EclipseX270",
        "Maantje92",
        "CryptonicSphinx",
        "luccawashere",
        "xMandq",
        "xkroot",
        "SecDbg",
        "davehardy20",
        "xiaotsai",
        "tdr130",
        "scumdestroy",
        "qwasd631",
        "danzek",
        "Binz120",
        "yandek16",
        "moon2l",
        "VX-cookies",
        "anoduck",
        "GerhardBotha97",
        "hckrngnr",
        "kyjybx",
        "abcheroworld",
        "DebianDolor",
        "lastnameradeon",
        "yangxiang113464",
        "RIgodonius",
        "acastillorobles77",
        "zil00g",
        "PirateBoot"
    ],
    "watchers_count": 58,
    "watchers": [
        "EvilBytecode",
        "oakkaya",
        "S9MF",
        "joshualouden",
        "tyler-smith",
        "TaxMachine",
        "dreezysec",
        "alhiiif",
        "dwisiswant0",
        "wgetnz",
        "sh4hin",
        "furax124",
        "c-nv-s",
        "habib26-14",
        "iccugs",
        "liu1998-yowu",
        "tuna1999",
        "80r1ng",
        "zzage",
        "XiaoliChan",
        "teebow1e",
        "hrtywhy",
        "fnpial",
        "chuck2909",
        "shrek3n",
        "OffensiveBrute",
        "Yextep",
        "nclv",
        "vhumint",
        "EclipseX270",
        "Maantje92",
        "CryptonicSphinx",
        "luccawashere",
        "xMandq",
        "xkroot",
        "SecDbg",
        "davehardy20",
        "xiaotsai",
        "tdr130",
        "scumdestroy",
        "qwasd631",
        "danzek",
        "Binz120",
        "yandek16",
        "moon2l",
        "VX-cookies",
        "anoduck",
        "GerhardBotha97",
        "hckrngnr",
        "kyjybx",
        "abcheroworld",
        "DebianDolor",
        "lastnameradeon",
        "yangxiang113464",
        "RIgodonius",
        "acastillorobles77",
        "zil00g",
        "PirateBoot"
    ],
    "contributor_count": 1,
    "contributors": [
        "SecDbg"
    ],
    "open_pull_request_count": 0,
    "open_pull_requests": [],
    "label_count": 10,
    "labels": [
        "bug",
        "documentation",
        "duplicate",
        "enhancement",
        "good first issue",
        "help wanted",
        "invalid",
        "question",
        "user is pedophile",
        "wontfix"
    ],
    "subscribers": [
        "SecDbg",
        "APT-ZERO",
        "xkroot"
    ],
    "subscribers_count": 3,
    "committers": [
        "web-flow",
        "web-flow",
        "web-flow",
        "web-flow",
        "web-flow",
        "web-flow",
        "web-flow",
        "web-flow",
        "web-flow",
        "SecDbg",
        "SecDbg",
        "SecDbg",
        "SecDbg",
        "SecDbg",
        "SecDbg",
        "SecDbg",
        "web-flow",
        "SecDbg",
        "SecDbg",
        "SecDbg",
        "SecDbg"
    ],
    "committers_count": 2,
    "committers_emails": [
        "73649897+SecDbg@users.noreply.github.com",
        "73649897+SecDbg@users.noreply.github.com",
        "73649897+SecDbg@users.noreply.github.com",
        "73649897+SecDbg@users.noreply.github.com",
        "73649897+SecDbg@users.noreply.github.com",
        "73649897+SecDbg@users.noreply.github.com",
        "73649897+SecDbg@users.noreply.github.com",
        "73649897+SecDbg@users.noreply.github.com",
        "73649897+SecDbg@users.noreply.github.com",
        "73649897+SecDbg@users.noreply.github.com",
        "73649897+SecDbg@users.noreply.github.com",
        "73649897+SecDbg@users.noreply.github.com",
        "73649897+SecDbg@users.noreply.github.com",
        "73649897+SecDbg@users.noreply.github.com",
        "73649897+SecDbg@users.noreply.github.com",
        "73649897+SecDbg@users.noreply.github.com",
        "73649897+SecDbg@users.noreply.github.com",
        "73649897+SecDbg@users.noreply.github.com",
        "73649897+SecDbg@users.noreply.github.com",
        "73649897+SecDbg@users.noreply.github.com",
        "73649897+SecDbg@users.noreply.github.com"
    ],
    "committers_emails_count": 1,
    "assignees": [
        "SecDbg"
    ],
    "assignees_count": 1
}