{"forks_count":31,"forkers":["Shreayan","dupouyleo","XzByte","diagnostikon","SkyL9ne","GhoStZA-debug","cryptoexpertssss","vsa77","akglitch","AliceRiley","saadtahir995","pranjalanimesh","thebug-code","napstar","outisronin","Pro-Tik","BNGZ18","phoekerson","Aleh4ckndro","HU-MA","Praxxxer","jgrose","porta76","LostFace-Hub","lloydagola","00094","michaelgailling","leonardoll","RavenView-ai","johnpaulensign","yusuf-madkour"],"stargazers_count":169,"stargazers":["joshualouden","idkhidden","TaybieBabie","urpayn","hamb0n-3","thewriteway","ninjazan420","mdmonk","Maajx8","TheDarkWolfer","kiwii64","johnpaulensign","arfwene","Jonny-Burkholder","FrauDreizehn","CthulhuIsRight","mazzman120","IMPUREDESIGNS","spmedia","incendiary","FrancescoGrazioso","0verZeeR","michaelgailling","OopsyJuice","CJM01","LV6LV","itsLolo","zzylos","mayki0909","ridetheflatline","RyzinRiley","tvarsis","MatthewMacomber","d11z","barryways","knyaseff","jero202","Ejento","DonCozuuko","NCSickels","Expl0dingCat","BL4CKR4Y","chillmanstr8","dexteon","jonathanb-19","GithubforBen","xorhpp","AlexDev404","dennisimoo","bubblelung","CHRO2025","Baphomet","Evangelospro","sofilip","breixopd","lkys37en","DongKat","jgrose","burmas","NODE2C","ricknullsec","Praxxxer","MrYellowHeart","whoopsi-daisy","s5314s","vaygr","abhiyt","jud3ns0hn","RauanBPK","frereit","Auric115","S4vz4d","Aleh4ckndro","berris","h-a-s-a-n","Ephrimgnanam","wh0am3y3","attck-nexus","AnandBhasme","Hayasaca","bjornjulian00","lloydagola","Mewtwo1028","chidomil","hjcccompany","tarickarnold","Takowski","obananazo","Raphlex13","motorsss","jR4dh3y","Daren578","imbadatpickingnames","kuhafiq","HarshPanchal18","ToCarbajal","RhinoCoder","advixity","rfazi","An0nym0us92","Jamboxxx","SpiritRiven","ALinkbetweenNets","thebug-code","ZyadMostafa","bughra383","romain3433","Nhlakanipho22","movanet","philiponboard","Tello-P","Giladx","damntoochill","CanParlayan","irfanykywz","RegalW","parthivkumarnikku","akglitch","0xHexSec","whynothingevermakessense","GnomeGuerrier","KylerianHD","griskiiy","Mc-gabys","DWJStraat","eduardorubim","galego83","0MARr00t","GaganMishra305","Rohit221103","usametov","nocturnalmc","havrancek","Skretkowicz","wizardom00","huazz233","BorjaMerino","WARWICK89","murtada864","jgpython","4wn51dq","romainduc57","micaelmaciel","Tuffeur","SkyL9ne","localhostage","Duckduckgobrowser","zero77","mohloko","KingNinx","Eazor","KiwiDesJahres","glxzander","Shreayan","cybrly","kay-a11y","benjisbeans","DrewCam","thragusjr","Flashman00700","sinumerikz","avenstewart","GeVaaNi","saniYaro","rainst","eysless","Arichikurumo","miravon","syndrowm"],"watchers_count":169,"watchers":["joshualouden","idkhidden","TaybieBabie","urpayn","hamb0n-3","thewriteway","ninjazan420","mdmonk","Maajx8","TheDarkWolfer","kiwii64","johnpaulensign","arfwene","Jonny-Burkholder","FrauDreizehn","CthulhuIsRight","mazzman120","IMPUREDESIGNS","spmedia","incendiary","FrancescoGrazioso","0verZeeR","michaelgailling","OopsyJuice","CJM01","LV6LV","itsLolo","zzylos","mayki0909","ridetheflatline","RyzinRiley","tvarsis","MatthewMacomber","d11z","barryways","knyaseff","jero202","Ejento","DonCozuuko","NCSickels","Expl0dingCat","BL4CKR4Y","chillmanstr8","dexteon","jonathanb-19","GithubforBen","xorhpp","AlexDev404","dennisimoo","bubblelung","CHRO2025","Baphomet","Evangelospro","sofilip","breixopd","lkys37en","DongKat","jgrose","burmas","NODE2C","ricknullsec","Praxxxer","MrYellowHeart","whoopsi-daisy","s5314s","vaygr","abhiyt","jud3ns0hn","RauanBPK","frereit","Auric115","S4vz4d","Aleh4ckndro","berris","h-a-s-a-n","Ephrimgnanam","wh0am3y3","attck-nexus","AnandBhasme","Hayasaca","bjornjulian00","lloydagola","Mewtwo1028","chidomil","hjcccompany","tarickarnold","Takowski","obananazo","Raphlex13","motorsss","jR4dh3y","Daren578","imbadatpickingnames","kuhafiq","HarshPanchal18","ToCarbajal","RhinoCoder","advixity","rfazi","An0nym0us92","Jamboxxx","SpiritRiven","ALinkbetweenNets","thebug-code","ZyadMostafa","bughra383","romain3433","Nhlakanipho22","movanet","philiponboard","Tello-P","Giladx","damntoochill","CanParlayan","irfanykywz","RegalW","parthivkumarnikku","akglitch","0xHexSec","whynothingevermakessense","GnomeGuerrier","KylerianHD","griskiiy","Mc-gabys","DWJStraat","eduardorubim","galego83","0MARr00t","GaganMishra305","Rohit221103","usametov","nocturnalmc","havrancek","Skretkowicz","wizardom00","huazz233","BorjaMerino","WARWICK89","murtada864","jgpython","4wn51dq","romainduc57","micaelmaciel","Tuffeur","SkyL9ne","localhostage","Duckduckgobrowser","zero77","mohloko","KingNinx","Eazor","KiwiDesJahres","glxzander","Shreayan","cybrly","kay-a11y","benjisbeans","DrewCam","thragusjr","Flashman00700","sinumerikz","avenstewart","GeVaaNi","saniYaro","rainst","eysless","Arichikurumo","miravon","syndrowm"],"contributor_count":1,"contributors":["sarwaaaar"],"open_pull_request_count":0,"open_pull_requests":[],"label_count":9,"labels":["bug","documentation","duplicate","enhancement","good first issue","help wanted","invalid","question","wontfix"],"subscribers":["michaelgailling"],"subscribers_count":1,"committers":["sarwaaaar","sarwaaaar","sarwaaaar","sarwaaaar","sarwaaaar","sarwaaaar","sarwaaaar","web-flow","web-flow","sarwaaaar","sarwaaaar","web-flow","web-flow","sarwaaaar","sarwaaaar","sarwaaaar","sarwaaaar","sarwaaaar","sarwaaaar","sarwaaaar","sarwaaaar","sarwaaaar","sarwaaaar","sarwaaaar"],"committers_count":2,"committers_emails":["sarwaaaar@icloud.com","sarwaaaar@icloud.com","sarwaaaar@icloud.com","sarwaaaar@icloud.com","sarwaaaar@icloud.com","sarwaaaar@icloud.com","sarwaaaar@icloud.com","sarwaaaar@icloud.com","sarwaaaar@icloud.com","sarwaaaar@icloud.com","sarwaaaar@icloud.com","sarwaaaar@icloud.com","sarwaaaar@icloud.com","sarwaaaar@icloud.com","sarwaaaar@icloud.com","sarwaaaar@icloud.com","sarwaaaar@icloud.com","sarwaaaar@icloud.com","sarwaaaar@icloud.com","sarwaaaar@icloud.com","sarwaaaar@icloud.com","sarwaaaar@icloud.com","sarwaaaar@icloud.com","sarwaaaar@icloud.com"],"committers_emails_count":1,"authors":["sarwaaaar","sarwaaaar","sarwaaaar","sarwaaaar","sarwaaaar","sarwaaaar","sarwaaaar","sarwaaaar","sarwaaaar","sarwaaaar","sarwaaaar","sarwaaaar","sarwaaaar","sarwaaaar","sarwaaaar","sarwaaaar","sarwaaaar","sarwaaaar","sarwaaaar","sarwaaaar","sarwaaaar","sarwaaaar","sarwaaaar","sarwaaaar"],"authors_count":1,"assignees":["sarwaaaar"],"assignees_count":1}