{"forks_count":14,"forkers":["a10ncoder","dmore","HLOverflow","yamerooo123","Pierre-Gronau-ndaal","christiancscott","xsnizer","gavz","yeshuibo","Sec-Fork","gmh5225","hxlxmj","jeffchan69","bigbrobro","redCode001"],"stargazers_count":91,"stargazers":["d3f0x0","hirak0","BlaiseOfGlory","RalphDesmangles","cyberchris3","bigbrobro","Ringx3","rezaduty","a7t0fwa7","iNarcissuss","JinBaiWansec","ChiefGyk3D","yueyeah","nclv","rc-cmartinez","Nurdich","kleiton0x00","niaojin","BorjaMerino","sh4hin","4l3x777","askme765cs","killvxk","kanren3","zmkeh","gamous","heromantf","AimiP02","assarbad","Dliv3","dust-life","HenryChanDC","kernel-sanders","Syst2m","spumon1","zhzyker","Lou1sEx","getcode2git","liangzai-ff","eatmans","yeshuibo","JeremyNGalloway","DummyKitty","Iveco","ik5","orscohen","winterknife","Saltinbank-SyS","aqartah","T-RN-R","xhd4","dfirnewbie","matbilodeau","remotedino","Manouweb","kalanisanders","densestjaguar66","DHCyber","netbiosX","ulf78","MarcoWaradi","fatfatfong","christiancscott","rishanw","xrkk","0xOFenomeno","f-bader","syndersage","ger008","gh0stpwn","Ressurect0","owensan","PowerPress","HockeyInJune","yamerooo123","ariefprabowo","T4llmaNL","jwardsmith","mitzep0x1","chryzsh","KlinKlinKlin","cr-orcohen","git-lew","iccugs","lpg127","SWKazoo","OneOnOneOff","hastalamuerte","KFreiburghaus","777erp","NoobCat2000"],"watchers_count":91,"watchers":["d3f0x0","hirak0","BlaiseOfGlory","RalphDesmangles","cyberchris3","bigbrobro","Ringx3","rezaduty","a7t0fwa7","iNarcissuss","JinBaiWansec","ChiefGyk3D","yueyeah","nclv","rc-cmartinez","Nurdich","kleiton0x00","niaojin","BorjaMerino","sh4hin","4l3x777","askme765cs","killvxk","kanren3","zmkeh","gamous","heromantf","AimiP02","assarbad","Dliv3","dust-life","HenryChanDC","kernel-sanders","Syst2m","spumon1","zhzyker","Lou1sEx","getcode2git","liangzai-ff","eatmans","yeshuibo","JeremyNGalloway","DummyKitty","Iveco","ik5","orscohen","winterknife","Saltinbank-SyS","aqartah","T-RN-R","xhd4","dfirnewbie","matbilodeau","remotedino","Manouweb","kalanisanders","densestjaguar66","DHCyber","netbiosX","ulf78","MarcoWaradi","fatfatfong","christiancscott","rishanw","xrkk","0xOFenomeno","f-bader","syndersage","ger008","gh0stpwn","Ressurect0","owensan","PowerPress","HockeyInJune","yamerooo123","ariefprabowo","T4llmaNL","jwardsmith","mitzep0x1","chryzsh","KlinKlinKlin","cr-orcohen","git-lew","iccugs","lpg127","SWKazoo","OneOnOneOff","hastalamuerte","KFreiburghaus","777erp","NoobCat2000"],"contributor_count":1,"contributors":["amjcyber"],"open_pull_request_count":0,"open_pull_requests":[],"label_count":9,"labels":["bug","documentation","duplicate","enhancement","good first issue","help wanted","invalid","question","wontfix"],"subscribers":["amjcyber"],"subscribers_count":1,"committers":["web-flow","web-flow","web-flow","web-flow","web-flow"],"committers_count":1,"committers_emails":["101707527+amjcyber@users.noreply.github.com","101707527+amjcyber@users.noreply.github.com","101707527+amjcyber@users.noreply.github.com","101707527+amjcyber@users.noreply.github.com","101707527+amjcyber@users.noreply.github.com"],"committers_emails_count":1,"authors":["amjcyber","amjcyber","amjcyber","amjcyber","amjcyber"],"authors_count":1,"assignees":["amjcyber"],"assignees_count":1}