{"forks_count":23,"forkers":["oops4git","curtishoughton","0xSojalSec","offsoc","jermainlaforce","Kemelafrin","apkc","c0de-sin","gmh5225","cd9e","H1d3r","Hello-xBugs","ASkyeye","an0x03e8","tnt2402","xiaozhi1314","Sec-Fork","Arfind","gavz","fckoo","mukarramkhalid","beyond-order","emdnaia"],"stargazers_count":173,"stargazers":["zmkeh","Bazaid","hacks2learn","voidvxvt","ayy-arsnl","CausticKirbyZ","icheernoom","tehstoni","tangentbordskrigaren","reewardius","hoaazz","mukarramkhalid","Saltinbank-SyS","scareing","sh4hin","VictorZuyev","fhlip0","gsmith257-cyber","6t2","AptAmoeba","FZKiritsugu","brmkit","Oni-kuki","fckoo","paran0ids0ul","pard0p","vay3t","yamakadi","clod81","n8tr0n","abhinavprasad47","1N73LL1G3NC3x","Mrhax0rr","shrek3n","DeepzUa","behneyh","spider1-dev","BenjiTrapp","bbaileycyber","poluvasyan","sudonoodle","isjuye","heavyscan","1njected","NilangaPerera","ongyuann","Vasco0x4","zjicmDarkWing","JinBaiWansec","S3lrius","Arfind","jeffmcjunkin","uknowsec","zhzyker","kepler404","mssky9527","lsr00ter","outmansec","FLeiXiuS","Ridter","blaquee","0xHillside","aleenzz","evildrummer","xiaozhi1314","Iamgublin","Yeah9782","Ringx3","js0ncheng","LaRancion","ghoulsec","moonflowersl","an0x03e8","luxcupitor","greyd0g","xsshim","wonderkun","Hello-xBugs","ghecko","chryzsh","kleiton0x00","Kr0ff","WaterExecution","ethanolivertroy","hckrngnr","xrkk","BY-musi","LCKhuber","mgeeky","silentEAG","UIWP0","cd9e","Abbbbbqvq","S9MF","dottorvenom","triplexlove","mcdulltii","user23333","pr0xr","Dharani-sanjaiy","pyllyukko","edermi","six2dez","r4ulcl","clem9669","ix111","brimstone","dust-life","OffensiveBrute","chr0n1k","famasoon","paranoidrookie","H3d45","duqqqq","leonjza","R3zk0n","joshualouden","keeganparr1","iccugs","DrDenkiBran","hirak0","imnotcha0s","whiterabb17","er28-0652","RCStep","craigsmooth","AgonySec","Swifto0","nickvourd","nick0lass","d3f0x0","killvxk","kixcd","xzxxzzzz000","Spez77777","0xbad53c","NoobCat2000","3HiPeR","WFoy-Ortiz","zet235","cx-4","Rob-Speers","Nihal-Tiwari","zpaav","mepher","terrybytheday","Tx0actical","salihozanal","po3nyo","tr88th","Barriuso","habib26-14","DummyKitty","curtishoughton","B0y1n4o4","Movara","allanp0e","zhizun66","v4nyl","iliopoul","ConquerLearn","lineeralgebra","BorjaMerino","ewilded","ryan5hanahan","askme765cs","kunpen","TheCryingGame","yinsel","Und3rf10w","ybdt","cbyt3","kingZynj"],"watchers_count":173,"watchers":["zmkeh","Bazaid","hacks2learn","voidvxvt","ayy-arsnl","CausticKirbyZ","icheernoom","tehstoni","tangentbordskrigaren","reewardius","hoaazz","mukarramkhalid","Saltinbank-SyS","scareing","sh4hin","VictorZuyev","fhlip0","gsmith257-cyber","6t2","AptAmoeba","FZKiritsugu","brmkit","Oni-kuki","fckoo","paran0ids0ul","pard0p","vay3t","yamakadi","clod81","n8tr0n","abhinavprasad47","1N73LL1G3NC3x","Mrhax0rr","shrek3n","DeepzUa","behneyh","spider1-dev","BenjiTrapp","bbaileycyber","poluvasyan","sudonoodle","isjuye","heavyscan","1njected","NilangaPerera","ongyuann","Vasco0x4","zjicmDarkWing","JinBaiWansec","S3lrius","Arfind","jeffmcjunkin","uknowsec","zhzyker","kepler404","mssky9527","lsr00ter","outmansec","FLeiXiuS","Ridter","blaquee","0xHillside","aleenzz","evildrummer","xiaozhi1314","Iamgublin","Yeah9782","Ringx3","js0ncheng","LaRancion","ghoulsec","moonflowersl","an0x03e8","luxcupitor","greyd0g","xsshim","wonderkun","Hello-xBugs","ghecko","chryzsh","kleiton0x00","Kr0ff","WaterExecution","ethanolivertroy","hckrngnr","xrkk","BY-musi","LCKhuber","mgeeky","silentEAG","UIWP0","cd9e","Abbbbbqvq","S9MF","dottorvenom","triplexlove","mcdulltii","user23333","pr0xr","Dharani-sanjaiy","pyllyukko","edermi","six2dez","r4ulcl","clem9669","ix111","brimstone","dust-life","OffensiveBrute","chr0n1k","famasoon","paranoidrookie","H3d45","duqqqq","leonjza","R3zk0n","joshualouden","keeganparr1","iccugs","DrDenkiBran","hirak0","imnotcha0s","whiterabb17","er28-0652","RCStep","craigsmooth","AgonySec","Swifto0","nickvourd","nick0lass","d3f0x0","killvxk","kixcd","xzxxzzzz000","Spez77777","0xbad53c","NoobCat2000","3HiPeR","WFoy-Ortiz","zet235","cx-4","Rob-Speers","Nihal-Tiwari","zpaav","mepher","terrybytheday","Tx0actical","salihozanal","po3nyo","tr88th","Barriuso","habib26-14","DummyKitty","curtishoughton","B0y1n4o4","Movara","allanp0e","zhizun66","v4nyl","iliopoul","ConquerLearn","lineeralgebra","BorjaMerino","ewilded","ryan5hanahan","askme765cs","kunpen","TheCryingGame","yinsel","Und3rf10w","ybdt","cbyt3","kingZynj"],"contributor_count":1,"contributors":["rasta-mouse"],"open_pull_request_count":0,"open_pull_requests":[],"label_count":9,"labels":["bug","documentation","duplicate","enhancement","good first issue","help wanted","invalid","question","wontfix"],"subscribers":["rasta-mouse","bbaileycyber"],"subscribers_count":2,"committers":["rasta-mouse","rasta-mouse","rasta-mouse"],"committers_count":1,"committers_emails":["rasta@rastamouse.me","rasta@rastamouse.me","rasta@rastamouse.me"],"committers_emails_count":1,"authors":["rasta-mouse","rasta-mouse","rasta-mouse"],"authors_count":1,"assignees":["rasta-mouse"],"assignees_count":1}