{
    "forks_count": 5,
    "forkers": [
        "DrRyyyan",
        "signedbytes",
        "tucommenceapousser",
        "wwwmd5vip",
        "gavz"
    ],
    "stargazers_count": 43,
    "stargazers": [
        "matthew-mcateer",
        "hudjefa",
        "Zeokat",
        "fasial332",
        "fsilva78",
        "CicadaMikoto",
        "Taius",
        "Saltinbank-SyS",
        "SchwartzKamel",
        "shlomicode",
        "fnpial",
        "wrapss",
        "saberzaid",
        "JeremyEngram",
        "ShinobiHanzo",
        "Kariuki62",
        "ROHAN11292",
        "pvfOliveira",
        "ik5",
        "parsabe",
        "Danino218",
        "rutagoat",
        "dkalvelis",
        "Socolatso",
        "We5ter",
        "BlackDiverX",
        "Whitsme",
        "Trevohack",
        "ahmaad2221d",
        "Yash19-Yash19",
        "rainmana",
        "cidies",
        "hirak0",
        "stream1990",
        "stprasst",
        "ydecl",
        "yueyeah",
        "mr-rizwan-syed",
        "matosdiego",
        "ProReaver",
        "imadsvx",
        "signedbytes",
        "D4RKTIG3R0"
    ],
    "watchers_count": 43,
    "watchers": [
        "matthew-mcateer",
        "hudjefa",
        "Zeokat",
        "fasial332",
        "fsilva78",
        "CicadaMikoto",
        "Taius",
        "Saltinbank-SyS",
        "SchwartzKamel",
        "shlomicode",
        "fnpial",
        "wrapss",
        "saberzaid",
        "JeremyEngram",
        "ShinobiHanzo",
        "Kariuki62",
        "ROHAN11292",
        "pvfOliveira",
        "ik5",
        "parsabe",
        "Danino218",
        "rutagoat",
        "dkalvelis",
        "Socolatso",
        "We5ter",
        "BlackDiverX",
        "Whitsme",
        "Trevohack",
        "ahmaad2221d",
        "Yash19-Yash19",
        "rainmana",
        "cidies",
        "hirak0",
        "stream1990",
        "stprasst",
        "ydecl",
        "yueyeah",
        "mr-rizwan-syed",
        "matosdiego",
        "ProReaver",
        "imadsvx",
        "signedbytes",
        "D4RKTIG3R0"
    ],
    "contributor_count": 1,
    "contributors": [
        "opabravo"
    ],
    "open_pull_request_count": 0,
    "open_pull_requests": [],
    "label_count": 9,
    "labels": [
        "bug",
        "documentation",
        "duplicate",
        "enhancement",
        "good first issue",
        "help wanted",
        "invalid",
        "question",
        "wontfix"
    ],
    "subscribers": [
        "opabravo",
        "jhhd88"
    ],
    "subscribers_count": 2,
    "committers": [
        "opabravo",
        "opabravo",
        "opabravo",
        "web-flow",
        "opabravo"
    ],
    "committers_count": 2,
    "committers_emails": [
        "21262207+opabravo@users.noreply.github.com",
        "21262207+opabravo@users.noreply.github.com",
        "21262207+opabravo@users.noreply.github.com",
        "21262207+opabravo@users.noreply.github.com",
        "21262207+opabravo@users.noreply.github.com"
    ],
    "committers_emails_count": 1,
    "assignees": [
        "opabravo"
    ],
    "assignees_count": 1
}