{"forks_count":10,"forkers":["dmore","RedTeams","lsr00ter","wisdark","ASkyeye","ZephrFish","gavz","gmh5225","lleon1435","samy4samy"],"stargazers_count":121,"stargazers":["mlcsec","boringthegod","kstathis","Cracked5pider","AdrienIT","brimstone","Taius","m3rcer","lleon1435","th3k3ymak3r","scareing","famasoon","davehardy20","SamSepiolProxy","Und3rf10w","0xPrimo","OffensiveBrute","itaymigdal","steepcloud","jeffmcjunkin","byyanxia","omaramin17","Armillus","4l3x777","djnnvx","behneyh","S3lrius","RalphDesmangles","nadav-ram","h0ny","aancw","hyperware1337","0r3ak","WesleyWong420","bond00","Saltinbank-SyS","dust-life","gsmith257-cyber","Lz1y","helloyw","subhash0x","zmkeh","sodinokibi","hoaazz","BenjiTrapp","schroder-mao","sh4hin","0xbad53c","k3nundrum","0xTriboulet","hashtaginfosec","RagingRedRiot","0xCenter","TheGreatestGgoat","d3vobed","koztkozt","naksyn","pard0p","ix111","wisdark","theguly","grim3","kernel-sanders","2867a0","hugojcqs","yesiamdollar","yamakadi","matthewomccorkle","killvxk","beerandgin","EclipseX270","xrkk","paranoidrookie","amirr0r","daSk1d","Gh0stz1","bridge-four","Techbrunch","askme765cs","chryzsh","Cat0x1","cmprmsd","Flip41","24-2021","Keramas","Movara","blaisebits","fatmeat","lkys37en","honorxux","cmjlove1","zhourong245","pcgoodboy","nclv","dinosn","gongtaoo","goldenscale","IOKernel","zjicmDarkWing","AZEC0x00","edermi","lukepatterson31","Maleick","xzxxzzzz000","KlinKlinKlin","orscohen","HenryChanDC","mssky9527","kapiushion","nickhakkz","iliopoul","ConquerLearn","ebatelchyrok","kyjybx","byinarie","lineeralgebra","voidvxvt","Mrhax0rr","hirak0","kixcd","just4anut"],"watchers_count":121,"watchers":["mlcsec","boringthegod","kstathis","Cracked5pider","AdrienIT","brimstone","Taius","m3rcer","lleon1435","th3k3ymak3r","scareing","famasoon","davehardy20","SamSepiolProxy","Und3rf10w","0xPrimo","OffensiveBrute","itaymigdal","steepcloud","jeffmcjunkin","byyanxia","omaramin17","Armillus","4l3x777","djnnvx","behneyh","S3lrius","RalphDesmangles","nadav-ram","h0ny","aancw","hyperware1337","0r3ak","WesleyWong420","bond00","Saltinbank-SyS","dust-life","gsmith257-cyber","Lz1y","helloyw","subhash0x","zmkeh","sodinokibi","hoaazz","BenjiTrapp","schroder-mao","sh4hin","0xbad53c","k3nundrum","0xTriboulet","hashtaginfosec","RagingRedRiot","0xCenter","TheGreatestGgoat","d3vobed","koztkozt","naksyn","pard0p","ix111","wisdark","theguly","grim3","kernel-sanders","2867a0","hugojcqs","yesiamdollar","yamakadi","matthewomccorkle","killvxk","beerandgin","EclipseX270","xrkk","paranoidrookie","amirr0r","daSk1d","Gh0stz1","bridge-four","Techbrunch","askme765cs","chryzsh","Cat0x1","cmprmsd","Flip41","24-2021","Keramas","Movara","blaisebits","fatmeat","lkys37en","honorxux","cmjlove1","zhourong245","pcgoodboy","nclv","dinosn","gongtaoo","goldenscale","IOKernel","zjicmDarkWing","AZEC0x00","edermi","lukepatterson31","Maleick","xzxxzzzz000","KlinKlinKlin","orscohen","HenryChanDC","mssky9527","kapiushion","nickhakkz","iliopoul","ConquerLearn","ebatelchyrok","kyjybx","byinarie","lineeralgebra","voidvxvt","Mrhax0rr","hirak0","kixcd","just4anut"],"contributor_count":1,"contributors":["mlcsec"],"open_pull_request_count":0,"open_pull_requests":[],"label_count":9,"labels":["bug","documentation","duplicate","enhancement","good first issue","help wanted","invalid","question","wontfix"],"subscribers":["mlcsec","H1ghl4nd3rs"],"subscribers_count":2,"committers":["web-flow","mlcsec","web-flow"],"committers_count":2,"committers_emails":["47215311+mlcsec@users.noreply.github.com","47215311+mlcsec@users.noreply.github.com","47215311+mlcsec@users.noreply.github.com"],"committers_emails_count":1,"authors":["mlcsec","mlcsec","mlcsec"],"authors_count":1,"assignees":["mlcsec"],"assignees_count":1}