{"forks_count":5,"forkers":["killvxk","crazycars","cvlabsio","th3k3ymak3r","seahop"],"stargazers_count":41,"stargazers":["j3soh","nodauf","th3k3ymak3r","zwned","S3lrius","Subxpl0it","invokethreatguy","TTP-Xtian","fhlip0","Kr0ff","PaulzePirate","0xbad53c","petarbojic","CraigUnder","filipesam","iojymbo","RalphDesmangles","chryzsh","vforvasilis","nclv","boh","gh-fml","Macmod","jakuta-tech","lutzenfried","xrkk","0xSV1","Xenov-X","k3nundrum","DarthBish0p","lkys37en","iliopoul","sponnusa","jgoosey","killvxk","antroguy","Cerbersec","gsmith257-cyber","cbyt3","xzxxzzzz000","Keyvian"],"watchers_count":41,"watchers":["j3soh","nodauf","th3k3ymak3r","zwned","S3lrius","Subxpl0it","invokethreatguy","TTP-Xtian","fhlip0","Kr0ff","PaulzePirate","0xbad53c","petarbojic","CraigUnder","filipesam","iojymbo","RalphDesmangles","chryzsh","vforvasilis","nclv","boh","gh-fml","Macmod","jakuta-tech","lutzenfried","xrkk","0xSV1","Xenov-X","k3nundrum","DarthBish0p","lkys37en","iliopoul","sponnusa","jgoosey","killvxk","antroguy","Cerbersec","gsmith257-cyber","cbyt3","xzxxzzzz000","Keyvian"],"contributor_count":1,"contributors":["Mr-Un1k0d3r"],"open_pull_request_count":0,"open_pull_requests":[],"label_count":9,"labels":["bug","documentation","duplicate","enhancement","good first issue","help wanted","invalid","question","wontfix"],"subscribers":["Mr-Un1k0d3r","eemailme"],"subscribers_count":2,"committers":["web-flow","web-flow","web-flow","web-flow","web-flow","web-flow","web-flow","web-flow","web-flow","web-flow","web-flow"],"committers_count":1,"committers_emails":["mr.un1k0d3r@gmail.com","mr.un1k0d3r@gmail.com","mr.un1k0d3r@gmail.com","mr.un1k0d3r@gmail.com","mr.un1k0d3r@gmail.com","mr.un1k0d3r@gmail.com","mr.un1k0d3r@gmail.com","mr.un1k0d3r@gmail.com","mr.un1k0d3r@gmail.com","mr.un1k0d3r@gmail.com","mr.un1k0d3r@gmail.com"],"committers_emails_count":1,"authors":["Mr-Un1k0d3r","Mr-Un1k0d3r","Mr-Un1k0d3r","Mr-Un1k0d3r","Mr-Un1k0d3r","Mr-Un1k0d3r","Mr-Un1k0d3r","Mr-Un1k0d3r","Mr-Un1k0d3r","Mr-Un1k0d3r","Mr-Un1k0d3r"],"authors_count":1,"assignees":["Mr-Un1k0d3r"],"assignees_count":1}