{"forks_count":43,"forkers":["oilcrest","k1827889","ZccAcc","Marx-wrld","lleon1435","nicelnicel","dmore","fengjixuchui","Passw","short","ZTK-009","killvxk","mukarramkhalid","marklove5102","iamasbcx","webstorage119","tehmasta","in12hacker","H4xl0r","mrevilliver","a7t0fwa7","primody","clayne","cd9e","shantanu561993","Shootmir","ghurcka","Isiaon","lucianbuilder","0prrr","an0x03e8","breachlabs-org","y11en","Empty2081","haidragon","PHANTOM617","JentleTao","haiandaxia","V1rtu0l","gavz","wisdark","lkheh","CrackerCat","peterpavles","MsF-NTDLL","Chronoss3","gmh5225"],"stargazers_count":259,"stargazers":["TH3P1T","IOKernel","shogunlab","piedacoulisse2","joaoviictorti","clod81","FZKiritsugu","gsmith257-cyber","xmarkinmtlx","ghecko","habib26-14","reiterjr","ROLLINGaSTONE","ThunderCls","RalphDesmangles","cyberchris3","yeshuibo","knightswd","koip02","tingtho","aancw","niaojin","youcannotseemeagain","H3d45","TheFlash2k","TomTom18-eng","tuna1999","BlackTrace","veath1","k-fire","AmorFiti","q-a-z","hyuunnn","NoobCat2000","reveng007","blue-devil","aletnox","an0x03e8","jilvan1234","LaminouAbibou","itaymigdal","SpadesA99","MushR00m","dur4ng","jonz-secops","AdrienMenaud","BlackSnufkin","dark6naw","hashbulla","dust-life","med099","alpaca121","boringthegod","ScriptIdiot","fnpial","6t2","Barriuso","0A7V9A","0xbad53c","sh1xo","Lesterol","kleiton0x00","moonflowersl","x0rium","taxd1","S3lrius","RCStep","Hello-xBugs","m7rick","wisdark","chr0n1k","EddieIvan01","Vith0r","Omar-Alfozan","dfirnewbie","TechByTom","seaofrandomness","maxStirner1","iccugs","microsoftems","davehardy20","initinfosec","Jaxii","scareing","V1rtu0l","zsy-arch","sundaysec","user23333","plutochn","burberryfly","steepcloud","Empty2081","jiangdada6","edermi","passwa11","stuxnet147","joker88","iNarcissuss","Mac-O-War","petarbojic","yjosephchoi","michaellcader","y11en","dycsy","Iamgublin","zmkeh","FreelancePentester","smallsun107","0xvm","MadHatterENV","S1ckB0y1337","rootisareservedword","breachlabs-org","lsr00ter","smvorwerk","LinRaymond2006","six2dez","sust4in","hudjefa","exoosh","nickvourd","BorjaMerino","xrkk","kmghari001","tr4c3","macc1989","manesec","ffreality","CicadaMikoto","pykiller","Pernat1y","0xd3ac","babbsgit","Tupler","danielwu182","an3ker","Calvindd2f","c3l3si4n","TimingBelt","NuLL3rr0r","khalil0191","user2212","pvfOliveira","nek0y4nsu","rasoulian","AssassinUKG","kierangroome","kpa1on","IC3-CR3AM","bldd14","ik5","tais9","ROHAN11292","nowak0x01","EgeBalci","n0n5m1l3","1rm","c3pain","sisodiahs","DamonMohammadbagher","shantanu561993","hirak0","clayne","Miladbr","HELL-l","dadamnmayne","nzcv","sh4hin","adem-ilhan","DeepzUa","EvilEnigma","GuardianN06","xsshim","Ushura","kcufId","n0sign4l-official","godsourcecode","DrMeosch","v4nyl","a7t0fwa7","ares-ns","wonderzdh","unsafeblackcat","Reis84","sumerzhang","Taius","HudsonSeiler","RoziSec","7Shad0w","famasoon","stultitiophobia","Saltinbank-SyS","in12hacker","assarbad","sw00z","zero77","tehmasta","startagain2016","kernel-sanders","jivoi","luxcupitor","Unkn0wnCreator","nclv","Warren-Jace","entropy-z","j3seer","M0chae1","PwnDexter","MatthMoestl","ic4rta","verydeveloper-byte","silverskyvicto","sodinokibi","ghostn4444","Rablidad","0x4b16b2","OffensiveBrute","0xHossam","bitlov3r","Autodystopia","derek-zhang123","mohamed33389iojoj","0xflux","fuzzlove","0x18a6","marklove5102","1moaomoao1","mukarramkhalid","greek0x0","KlinKlinKlin","sevan403","lastnameradeon","Passw","TheGreatestGgoat","For-ACGN","jacobocasado","ai-Ev1lC0rP","Wasdubya","ConquerLearn","4l3x777","gamous","LaVivaEspada","Khoroamu","nicelnicel","lv183037","ANHKWAR1337","soy-saber","lleon1435","VoldeSec","voidvxvt","ELMERIKH","expl0itabl3","ebatelchyrok","cbyt3","Lz1y","ZccAcc","logs-dates","bufferbandit","just4anut"],"watchers_count":259,"watchers":["TH3P1T","IOKernel","shogunlab","piedacoulisse2","joaoviictorti","clod81","FZKiritsugu","gsmith257-cyber","xmarkinmtlx","ghecko","habib26-14","reiterjr","ROLLINGaSTONE","ThunderCls","RalphDesmangles","cyberchris3","yeshuibo","knightswd","koip02","tingtho","aancw","niaojin","youcannotseemeagain","H3d45","TheFlash2k","TomTom18-eng","tuna1999","BlackTrace","veath1","k-fire","AmorFiti","q-a-z","hyuunnn","NoobCat2000","reveng007","blue-devil","aletnox","an0x03e8","jilvan1234","LaminouAbibou","itaymigdal","SpadesA99","MushR00m","dur4ng","jonz-secops","AdrienMenaud","BlackSnufkin","dark6naw","hashbulla","dust-life","med099","alpaca121","boringthegod","ScriptIdiot","fnpial","6t2","Barriuso","0A7V9A","0xbad53c","sh1xo","Lesterol","kleiton0x00","moonflowersl","x0rium","taxd1","S3lrius","RCStep","Hello-xBugs","m7rick","wisdark","chr0n1k","EddieIvan01","Vith0r","Omar-Alfozan","dfirnewbie","TechByTom","seaofrandomness","maxStirner1","iccugs","microsoftems","davehardy20","initinfosec","Jaxii","scareing","V1rtu0l","zsy-arch","sundaysec","user23333","plutochn","burberryfly","steepcloud","Empty2081","jiangdada6","edermi","passwa11","stuxnet147","joker88","iNarcissuss","Mac-O-War","petarbojic","yjosephchoi","michaellcader","y11en","dycsy","Iamgublin","zmkeh","FreelancePentester","smallsun107","0xvm","MadHatterENV","S1ckB0y1337","rootisareservedword","breachlabs-org","lsr00ter","smvorwerk","LinRaymond2006","six2dez","sust4in","hudjefa","exoosh","nickvourd","BorjaMerino","xrkk","kmghari001","tr4c3","macc1989","manesec","ffreality","CicadaMikoto","pykiller","Pernat1y","0xd3ac","babbsgit","Tupler","danielwu182","an3ker","Calvindd2f","c3l3si4n","TimingBelt","NuLL3rr0r","khalil0191","user2212","pvfOliveira","nek0y4nsu","rasoulian","AssassinUKG","kierangroome","kpa1on","IC3-CR3AM","bldd14","ik5","tais9","ROHAN11292","nowak0x01","EgeBalci","n0n5m1l3","1rm","c3pain","sisodiahs","DamonMohammadbagher","shantanu561993","hirak0","clayne","Miladbr","HELL-l","dadamnmayne","nzcv","sh4hin","adem-ilhan","DeepzUa","EvilEnigma","GuardianN06","xsshim","Ushura","kcufId","n0sign4l-official","godsourcecode","DrMeosch","v4nyl","a7t0fwa7","ares-ns","wonderzdh","unsafeblackcat","Reis84","sumerzhang","Taius","HudsonSeiler","RoziSec","7Shad0w","famasoon","stultitiophobia","Saltinbank-SyS","in12hacker","assarbad","sw00z","zero77","tehmasta","startagain2016","kernel-sanders","jivoi","luxcupitor","Unkn0wnCreator","nclv","Warren-Jace","entropy-z","j3seer","M0chae1","PwnDexter","MatthMoestl","ic4rta","verydeveloper-byte","silverskyvicto","sodinokibi","ghostn4444","Rablidad","0x4b16b2","OffensiveBrute","0xHossam","bitlov3r","Autodystopia","derek-zhang123","mohamed33389iojoj","0xflux","fuzzlove","0x18a6","marklove5102","1moaomoao1","mukarramkhalid","greek0x0","KlinKlinKlin","sevan403","lastnameradeon","Passw","TheGreatestGgoat","For-ACGN","jacobocasado","ai-Ev1lC0rP","Wasdubya","ConquerLearn","4l3x777","gamous","LaVivaEspada","Khoroamu","nicelnicel","lv183037","ANHKWAR1337","soy-saber","lleon1435","VoldeSec","voidvxvt","ELMERIKH","expl0itabl3","ebatelchyrok","cbyt3","Lz1y","ZccAcc","logs-dates","bufferbandit","just4anut"],"contributor_count":1,"contributors":["NUL0x4C"],"open_pull_request_count":0,"open_pull_requests":[],"label_count":9,"labels":["bug","documentation","duplicate","enhancement","good first issue","help wanted","invalid","question","wontfix"],"subscribers":["eemailme","marklove5102","fengjixuchui"],"subscribers_count":3,"committers":["web-flow","web-flow","web-flow","web-flow"],"committers_count":1,"committers_emails":["ORCx41@gmail.com","ORCx41@gmail.com","ORCx41@gmail.com","ORCx41@gmail.com"],"committers_emails_count":1,"authors":["NUL0x4C","NUL0x4C","NUL0x4C","NUL0x4C"],"authors_count":1,"assignees":["mrd0x","NUL0x4C"],"assignees_count":2}