{
    "forks_count": 24,
    "forkers": [
        "forkgitss",
        "dmore",
        "bahadirtmzr",
        "jarek-bir",
        "dcmjid",
        "Red-infosec",
        "ShadowDragonDumps",
        "xCyberCrusader",
        "lleon1435",
        "zodiacddos",
        "Teflotask",
        "edermi",
        "30579096",
        "sioux69",
        "killvxk",
        "gmh5225",
        "Sent1nelX",
        "xbl2022",
        "cd9e",
        "wisdark",
        "Cyb3rm3g",
        "djayaGit",
        "jermainlaforce",
        "emdnaia"
    ],
    "stargazers_count": 168,
    "stargazers": [
        "TechThupport",
        "ATLKR",
        "crypt0p3g",
        "hayicle",
        "0xbad53c",
        "th3k3ymak3r",
        "phreakocious",
        "A-poc",
        "gsmith257-cyber",
        "TTP-Xtian",
        "hookech0",
        "levonkohoutek",
        "Drag0nR3b0rn",
        "FreelancePentester",
        "fullspectrumdev",
        "colemanjp",
        "xrkk",
        "Hipepper",
        "MarijusBriedis",
        "willemdh",
        "yrjo",
        "jaschadub",
        "QuantumTandorisa",
        "chaosong",
        "AnthonyCamper",
        "OneOnOneOff",
        "abcheroworld",
        "moonflowersl",
        "wisdark",
        "zweily",
        "JeremyNGalloway",
        "rmdes",
        "zoghal",
        "DamnVanish",
        "siagung",
        "H4cking2theGate",
        "Kilroy1337",
        "cd9e",
        "xsshim",
        "ayoubfathi",
        "omarkurt",
        "rilleyktwist",
        "fiddyschmitt",
        "GZGT",
        "wanf3ng",
        "S4ndxBeGrasped",
        "thecybermafia",
        "habib26-14",
        "famous0123",
        "future-username",
        "garelp",
        "bormaxi8080",
        "RenegadeOutcast",
        "ddinice",
        "subhashdasyam",
        "iccugs",
        "globussig",
        "hoangitk",
        "michaelclermont",
        "brains93",
        "KaanErturk",
        "orzchen",
        "kernel-sanders",
        "copecog",
        "samyk",
        "TheRedOperator",
        "kempd1",
        "SecurityAddicted",
        "Th3Tr1ckst3r",
        "M4mb0X",
        "Sporedrone",
        "gbemijohn",
        "danielthorvil",
        "abdennebi",
        "cyrilevos",
        "gbabiano",
        "c0untingNumbers",
        "zcattacz",
        "Kursk-141",
        "dkadev",
        "Heinzler",
        "killvxk",
        "theguly",
        "g-l-m",
        "pew",
        "kaliworld",
        "Cloutain",
        "ctr1hub",
        "Taius",
        "ItsTerm1n4l",
        "prhille13",
        "Saltinbank-SyS",
        "Jibbscript",
        "rjwhitworth",
        "upgundecha",
        "neeemu",
        "growl67",
        "lobe007",
        "m1dsummer",
        "tharavel",
        "timberlanm",
        "infosecwatchman",
        "ViperXSec",
        "RamadhanAmizudin",
        "newsoft",
        "zerdnem",
        "MaverickArcane",
        "sh4hin",
        "al0ne",
        "x1hy9",
        "MrRobotsAA",
        "kaka77",
        "hirak0",
        "mattreduce",
        "Natedude",
        "priyaoz",
        "edermi",
        "fhlip0",
        "dan-bolsun",
        "Lz1y",
        "nvk123",
        "PhilBReed",
        "limon768",
        "RamyAllam",
        "Teflotask",
        "G-MAN-TOP1",
        "zodiacddos",
        "Muyujiu",
        "blackhat-t",
        "gerbsec",
        "schrodyn",
        "Voldemort-cmd",
        "lleon1435",
        "xCyberCrusader",
        "AnkurYogi",
        "C0rm4cs",
        "Mrhax0rr",
        "owen-pierce",
        "sf1nks",
        "linjan",
        "mrThe",
        "madasee",
        "Kode-n-Rolla",
        "KlinKlinKlin",
        "GROOOOAAAARK",
        "0xtomek",
        "ManuelAF",
        "hellomotor",
        "ShawnStephens517",
        "Utopico-Rosa",
        "yo870",
        "ShellUnease",
        "MilleniumSpark",
        "xsxz",
        "fiercebrute",
        "moon2l",
        "AliMalekli",
        "stultitiophobia",
        "zotona",
        "Fillup99999",
        "ph03nixdev",
        "carlesreig",
        "1eo1",
        "qianbenhyu",
        "manishavalecha",
        "resource-not-found-blank",
        "Jefferderp",
        "contacthe"
    ],
    "watchers_count": 168,
    "watchers": [
        "TechThupport",
        "ATLKR",
        "crypt0p3g",
        "hayicle",
        "0xbad53c",
        "th3k3ymak3r",
        "phreakocious",
        "A-poc",
        "gsmith257-cyber",
        "TTP-Xtian",
        "hookech0",
        "levonkohoutek",
        "Drag0nR3b0rn",
        "FreelancePentester",
        "fullspectrumdev",
        "colemanjp",
        "xrkk",
        "Hipepper",
        "MarijusBriedis",
        "willemdh",
        "yrjo",
        "jaschadub",
        "QuantumTandorisa",
        "chaosong",
        "AnthonyCamper",
        "OneOnOneOff",
        "abcheroworld",
        "moonflowersl",
        "wisdark",
        "zweily",
        "JeremyNGalloway",
        "rmdes",
        "zoghal",
        "DamnVanish",
        "siagung",
        "H4cking2theGate",
        "Kilroy1337",
        "cd9e",
        "xsshim",
        "ayoubfathi",
        "omarkurt",
        "rilleyktwist",
        "fiddyschmitt",
        "GZGT",
        "wanf3ng",
        "S4ndxBeGrasped",
        "thecybermafia",
        "habib26-14",
        "famous0123",
        "future-username",
        "garelp",
        "bormaxi8080",
        "RenegadeOutcast",
        "ddinice",
        "subhashdasyam",
        "iccugs",
        "globussig",
        "hoangitk",
        "michaelclermont",
        "brains93",
        "KaanErturk",
        "orzchen",
        "kernel-sanders",
        "copecog",
        "samyk",
        "TheRedOperator",
        "kempd1",
        "SecurityAddicted",
        "Th3Tr1ckst3r",
        "M4mb0X",
        "Sporedrone",
        "gbemijohn",
        "danielthorvil",
        "abdennebi",
        "cyrilevos",
        "gbabiano",
        "c0untingNumbers",
        "zcattacz",
        "Kursk-141",
        "dkadev",
        "Heinzler",
        "killvxk",
        "theguly",
        "g-l-m",
        "pew",
        "kaliworld",
        "Cloutain",
        "ctr1hub",
        "Taius",
        "ItsTerm1n4l",
        "prhille13",
        "Saltinbank-SyS",
        "Jibbscript",
        "rjwhitworth",
        "upgundecha",
        "neeemu",
        "growl67",
        "lobe007",
        "m1dsummer",
        "tharavel",
        "timberlanm",
        "infosecwatchman",
        "ViperXSec",
        "RamadhanAmizudin",
        "newsoft",
        "zerdnem",
        "MaverickArcane",
        "sh4hin",
        "al0ne",
        "x1hy9",
        "MrRobotsAA",
        "kaka77",
        "hirak0",
        "mattreduce",
        "Natedude",
        "priyaoz",
        "edermi",
        "fhlip0",
        "dan-bolsun",
        "Lz1y",
        "nvk123",
        "PhilBReed",
        "limon768",
        "RamyAllam",
        "Teflotask",
        "G-MAN-TOP1",
        "zodiacddos",
        "Muyujiu",
        "blackhat-t",
        "gerbsec",
        "schrodyn",
        "Voldemort-cmd",
        "lleon1435",
        "xCyberCrusader",
        "AnkurYogi",
        "C0rm4cs",
        "Mrhax0rr",
        "owen-pierce",
        "sf1nks",
        "linjan",
        "mrThe",
        "madasee",
        "Kode-n-Rolla",
        "KlinKlinKlin",
        "GROOOOAAAARK",
        "0xtomek",
        "ManuelAF",
        "hellomotor",
        "ShawnStephens517",
        "Utopico-Rosa",
        "yo870",
        "ShellUnease",
        "MilleniumSpark",
        "xsxz",
        "fiercebrute",
        "moon2l",
        "AliMalekli",
        "stultitiophobia",
        "zotona",
        "Fillup99999",
        "ph03nixdev",
        "carlesreig",
        "1eo1",
        "qianbenhyu",
        "manishavalecha",
        "resource-not-found-blank",
        "Jefferderp",
        "contacthe"
    ],
    "contributor_count": 1,
    "contributors": [
        "efeali"
    ],
    "open_pull_request_count": 0,
    "open_pull_requests": [],
    "label_count": 9,
    "labels": [
        "bug",
        "documentation",
        "duplicate",
        "enhancement",
        "good first issue",
        "help wanted",
        "invalid",
        "question",
        "wontfix"
    ],
    "subscribers": [
        "efeali",
        "d1m007",
        "Utopico-Rosa"
    ],
    "subscribers_count": 3,
    "committers": [
        "web-flow",
        "web-flow",
        "web-flow",
        "web-flow",
        "web-flow",
        "web-flow",
        "web-flow",
        "web-flow",
        "web-flow",
        "web-flow",
        "web-flow",
        "web-flow"
    ],
    "committers_count": 1,
    "committers_emails": [
        "efeali@gmail.com",
        "efeali@gmail.com",
        "0xaefe@gmail.com",
        "0xaefe@gmail.com",
        "efeali@gmail.com",
        "efeali@gmail.com",
        "efeali@gmail.com",
        "efeali@gmail.com",
        "efeali@gmail.com",
        "efeali@gmail.com",
        "efeali@gmail.com",
        "efeali@gmail.com",
        "efeali@gmail.com",
        "efeali@gmail.com"
    ],
    "committers_emails_count": 2,
    "authors": [
        "efeali",
        "efeali",
        "efeali",
        "efeali",
        "efeali",
        "efeali",
        "efeali",
        "efeali",
        "efeali",
        "efeali",
        "efeali",
        "efeali"
    ],
    "authors_count": 1,
    "assignees": [
        "efeali"
    ],
    "assignees_count": 1
}