{
    "forks_count": 2,
    "forkers": [
        "ingramali",
        "zeropart"
    ],
    "stargazers_count": 34,
    "stargazers": [
        "isPique",
        "TTP-Xtian",
        "MarlinHacker",
        "snow146",
        "422413711",
        "Leftfi3ld",
        "javav12",
        "MarkVoid01",
        "emadadel4",
        "davidldennison",
        "nahmedsid",
        "Deranged0tter",
        "ervinismu",
        "Saltinbank-SyS",
        "sn00rlax",
        "just4anut",
        "anouarbro",
        "yousefmohamed66",
        "4sakenGol3m",
        "benzo0dev",
        "AMRD1234",
        "emilvissing",
        "HYPEMANlaflare",
        "ibay770",
        "Mrhax0rr",
        "Redearme",
        "XiaoliChan",
        "S3lrius",
        "localurk",
        "xzxxzzzz000",
        "SilentDev33",
        "Adolf16",
        "0xSh3RlocK",
        "noir-nik"
    ],
    "watchers_count": 34,
    "watchers": [
        "isPique",
        "TTP-Xtian",
        "MarlinHacker",
        "snow146",
        "422413711",
        "Leftfi3ld",
        "javav12",
        "MarkVoid01",
        "emadadel4",
        "davidldennison",
        "nahmedsid",
        "Deranged0tter",
        "ervinismu",
        "Saltinbank-SyS",
        "sn00rlax",
        "just4anut",
        "anouarbro",
        "yousefmohamed66",
        "4sakenGol3m",
        "benzo0dev",
        "AMRD1234",
        "emilvissing",
        "HYPEMANlaflare",
        "ibay770",
        "Mrhax0rr",
        "Redearme",
        "XiaoliChan",
        "S3lrius",
        "localurk",
        "xzxxzzzz000",
        "SilentDev33",
        "Adolf16",
        "0xSh3RlocK",
        "noir-nik"
    ],
    "contributor_count": 1,
    "contributors": [
        "isPique"
    ],
    "open_pull_request_count": 0,
    "open_pull_requests": [],
    "label_count": 9,
    "labels": [
        "bug",
        "documentation",
        "duplicate",
        "enhancement",
        "good first issue",
        "help wanted",
        "invalid",
        "question",
        "wontfix"
    ],
    "subscribers": [
        "isPique",
        "ozf"
    ],
    "subscribers_count": 2,
    "committers": [
        "web-flow",
        "web-flow",
        "web-flow",
        "web-flow",
        "web-flow",
        "web-flow",
        "web-flow",
        "web-flow",
        "web-flow",
        "web-flow",
        "web-flow",
        "web-flow",
        "web-flow",
        "web-flow",
        "web-flow",
        "web-flow",
        "web-flow",
        "web-flow",
        "web-flow",
        "web-flow",
        "web-flow",
        "web-flow"
    ],
    "committers_count": 1,
    "committers_emails": [
        "139041426+isPique@users.noreply.github.com",
        "139041426+isPique@users.noreply.github.com",
        "139041426+isPique@users.noreply.github.com",
        "139041426+isPique@users.noreply.github.com",
        "139041426+isPique@users.noreply.github.com",
        "139041426+isPique@users.noreply.github.com",
        "139041426+isPique@users.noreply.github.com",
        "139041426+isPique@users.noreply.github.com",
        "139041426+isPique@users.noreply.github.com",
        "139041426+isPique@users.noreply.github.com",
        "139041426+isPique@users.noreply.github.com",
        "139041426+isPique@users.noreply.github.com",
        "139041426+isPique@users.noreply.github.com",
        "139041426+isPique@users.noreply.github.com",
        "139041426+isPique@users.noreply.github.com",
        "139041426+isPique@users.noreply.github.com",
        "139041426+isPique@users.noreply.github.com",
        "139041426+isPique@users.noreply.github.com",
        "139041426+isPique@users.noreply.github.com",
        "139041426+isPique@users.noreply.github.com",
        "139041426+isPique@users.noreply.github.com",
        "139041426+isPique@users.noreply.github.com"
    ],
    "committers_emails_count": 1,
    "authors": [
        "isPique",
        "isPique",
        "isPique",
        "isPique",
        "isPique",
        "isPique",
        "isPique",
        "isPique",
        "isPique",
        "isPique",
        "isPique",
        "isPique",
        "isPique",
        "isPique",
        "isPique",
        "isPique",
        "isPique",
        "isPique",
        "isPique",
        "isPique",
        "isPique",
        "isPique"
    ],
    "authors_count": 1,
    "assignees": [
        "isPique"
    ],
    "assignees_count": 1
}