{
    "forks_count": 15,
    "forkers": [
        "dbueltm-oc",
        "GitHangar",
        "opoet7",
        "wisdark",
        "cossinadevil2k",
        "Arokota",
        "CxBug",
        "0xSojalSec",
        "damaidec",
        "mojowebs",
        "fckoo",
        "rvrsh3ll",
        "orinocoz",
        "jonz-secops",
        "pr0tean"
    ],
    "stargazers_count": 149,
    "stargazers": [
        "aN0mad",
        "S3lrius",
        "1nPr0c",
        "puzzlepeaches",
        "garrettfoster13",
        "CausticKirbyZ",
        "aniqfakhrul",
        "Zab-an",
        "stmyers",
        "eversinc33",
        "ar0x4",
        "1njected",
        "Bad-Jubies",
        "PrathameshWalunj",
        "FatCyclone",
        "v1stra",
        "paul-trapani-atx",
        "tagsou",
        "TechThupport",
        "PurpleSpid3r",
        "kcnickerson",
        "dunderhay",
        "zwned",
        "bobdolectf",
        "th3k3ymak3r",
        "spiritofagon",
        "yeshuibo",
        "cmjlove1",
        "k3nundrum",
        "famasoon",
        "808G3t-R3kt808",
        "onlyforbakup",
        "chr0n1k",
        "icheernoom",
        "5y5tem5",
        "geeknik",
        "SanjP97",
        "ekisa",
        "joshualouden",
        "Korving-F",
        "ClickyFingerz",
        "acuciureanu",
        "mehmethafif",
        "OffensiveBrute",
        "WS-G",
        "koztkozt",
        "aleenzz",
        "spyr0-sec",
        "zmkeh",
        "orinocoz",
        "edwardfernandes",
        "embargod",
        "nickvourd",
        "cmprmsd",
        "christianboyle",
        "RickConsole",
        "6t2",
        "Veids",
        "ferr079",
        "RyanWhity",
        "bartblaze",
        "invokethreatguy",
        "c4nc",
        "MelForze",
        "fckoo",
        "MadeInTurkiye",
        "sumitvgithub",
        "davehardy20",
        "ruppde",
        "videxrealone",
        "reynas",
        "eladyesh",
        "mwatkins-leviathan",
        "jsimonelliUHC",
        "AbstractClass",
        "gavz",
        "fatmeat",
        "kehoecj",
        "password-reset",
        "MrChrisWeinert",
        "ChoiSG",
        "aptx272",
        "Palt",
        "lkarlslund",
        "sh4hin",
        "v4resk",
        "Bli5s",
        "endymi",
        "JimSycurity",
        "hjorslev",
        "dunielpls",
        "kleiton0x00",
        "soft-parsley",
        "ceramicskate0",
        "Mayyhem",
        "roycewilliams",
        "jpthew",
        "hugojcqs",
        "nyxgeek",
        "TheLosingEdge",
        "1N73LL1G3NC3x",
        "hastalamuerte",
        "pwnf",
        "jhony-alavez",
        "vvv-347",
        "swagkarna",
        "gpxlnx",
        "slemire",
        "amirr0r",
        "t-tani",
        "habib26-14",
        "Saltinbank-SyS",
        "yamakadi",
        "iccugs",
        "CxBug",
        "Irate-Walrus",
        "luxcupitor",
        "FLeiXiuS",
        "Taius",
        "Sandprati",
        "atxz2",
        "JoeyVerleg",
        "dust-life",
        "Tx0actical",
        "gr0s4b1",
        "rick-ridgley",
        "hirak0",
        "edermi",
        "Keramas",
        "cossinadevil2k",
        "wisdark",
        "Logan-Elliott",
        "vforvasilis",
        "blacktraffic",
        "ik5",
        "opoet7",
        "onecloudemoji",
        "n1kn0w",
        "soffensive",
        "Creetomars",
        "a7t0fwa7",
        "fuzzy3k",
        "nn0ses",
        "d0gkiller87",
        "msimon96",
        "nclv",
        "oktay454",
        "ewilded",
        "jabdy86"
    ],
    "watchers_count": 149,
    "watchers": [
        "aN0mad",
        "S3lrius",
        "1nPr0c",
        "puzzlepeaches",
        "garrettfoster13",
        "CausticKirbyZ",
        "aniqfakhrul",
        "Zab-an",
        "stmyers",
        "eversinc33",
        "ar0x4",
        "1njected",
        "Bad-Jubies",
        "PrathameshWalunj",
        "FatCyclone",
        "v1stra",
        "paul-trapani-atx",
        "tagsou",
        "TechThupport",
        "PurpleSpid3r",
        "kcnickerson",
        "dunderhay",
        "zwned",
        "bobdolectf",
        "th3k3ymak3r",
        "spiritofagon",
        "yeshuibo",
        "cmjlove1",
        "k3nundrum",
        "famasoon",
        "808G3t-R3kt808",
        "onlyforbakup",
        "chr0n1k",
        "icheernoom",
        "5y5tem5",
        "geeknik",
        "SanjP97",
        "ekisa",
        "joshualouden",
        "Korving-F",
        "ClickyFingerz",
        "acuciureanu",
        "mehmethafif",
        "OffensiveBrute",
        "WS-G",
        "koztkozt",
        "aleenzz",
        "spyr0-sec",
        "zmkeh",
        "orinocoz",
        "edwardfernandes",
        "embargod",
        "nickvourd",
        "cmprmsd",
        "christianboyle",
        "RickConsole",
        "6t2",
        "Veids",
        "ferr079",
        "RyanWhity",
        "bartblaze",
        "invokethreatguy",
        "c4nc",
        "MelForze",
        "fckoo",
        "MadeInTurkiye",
        "sumitvgithub",
        "davehardy20",
        "ruppde",
        "videxrealone",
        "reynas",
        "eladyesh",
        "mwatkins-leviathan",
        "jsimonelliUHC",
        "AbstractClass",
        "gavz",
        "fatmeat",
        "kehoecj",
        "password-reset",
        "MrChrisWeinert",
        "ChoiSG",
        "aptx272",
        "Palt",
        "lkarlslund",
        "sh4hin",
        "v4resk",
        "Bli5s",
        "endymi",
        "JimSycurity",
        "hjorslev",
        "dunielpls",
        "kleiton0x00",
        "soft-parsley",
        "ceramicskate0",
        "Mayyhem",
        "roycewilliams",
        "jpthew",
        "hugojcqs",
        "nyxgeek",
        "TheLosingEdge",
        "1N73LL1G3NC3x",
        "hastalamuerte",
        "pwnf",
        "jhony-alavez",
        "vvv-347",
        "swagkarna",
        "gpxlnx",
        "slemire",
        "amirr0r",
        "t-tani",
        "habib26-14",
        "Saltinbank-SyS",
        "yamakadi",
        "iccugs",
        "CxBug",
        "Irate-Walrus",
        "luxcupitor",
        "FLeiXiuS",
        "Taius",
        "Sandprati",
        "atxz2",
        "JoeyVerleg",
        "dust-life",
        "Tx0actical",
        "gr0s4b1",
        "rick-ridgley",
        "hirak0",
        "edermi",
        "Keramas",
        "cossinadevil2k",
        "wisdark",
        "Logan-Elliott",
        "vforvasilis",
        "blacktraffic",
        "ik5",
        "opoet7",
        "onecloudemoji",
        "n1kn0w",
        "soffensive",
        "Creetomars",
        "a7t0fwa7",
        "fuzzy3k",
        "nn0ses",
        "d0gkiller87",
        "msimon96",
        "nclv",
        "oktay454",
        "ewilded",
        "jabdy86"
    ],
    "contributor_count": 1,
    "contributors": [
        "kernel-sanders"
    ],
    "open_pull_request_count": 2,
    "open_pull_requests": [
        "Update README.md",
        "Update module name to fix go install"
    ],
    "label_count": 9,
    "labels": [
        "bug",
        "documentation",
        "duplicate",
        "enhancement",
        "good first issue",
        "help wanted",
        "invalid",
        "question",
        "wontfix"
    ],
    "subscribers": [
        "kernel-sanders"
    ],
    "subscribers_count": 1,
    "committers": [
        "kernel-sanders",
        "kernel-sanders"
    ],
    "committers_count": 1,
    "committers_emails": [
        "1490292+kernel-sanders@users.noreply.github.com",
        "1490292+kernel-sanders@users.noreply.github.com"
    ],
    "committers_emails_count": 1,
    "assignees": [
        "kernel-sanders"
    ],
    "assignees_count": 1
}