{
    "forks_count": 16,
    "forkers": [
        "mukarramkhalid",
        "Chronoss3",
        "cutff",
        "Sec-Fork",
        "dkstar11q",
        "githubdontbanmeagain",
        "gavz",
        "ognz",
        "Heyholiday067",
        "NtksCnZV",
        "samy4samy",
        "wooxsec",
        "emdnaia",
        "cossinadevil2k",
        "ASkyeye",
        "vaginessa"
    ],
    "stargazers_count": 136,
    "stargazers": [
        "caretak3r",
        "SunfxDEV",
        "n1nj4sec",
        "splice-r",
        "Taius",
        "mostdcoa",
        "snovvcrash",
        "boringthegod",
        "00011100",
        "nascentt",
        "S3cur3Th1sSh1t",
        "vaginessa",
        "jerodg",
        "1N73LL1G3NC3x",
        "J1mX",
        "Cr4sh",
        "joaoviictorti",
        "8l1NKY",
        "pracsec",
        "ElMostafaIdrassi",
        "BenjiTrapp",
        "BlackOfWorld",
        "deyixtan",
        "endymi",
        "PrinceAikinsBaidoo",
        "m3rcer",
        "alpaca121",
        "Ptkatz",
        "fadinglr",
        "Qynklee",
        "Xtraverageoperator",
        "tdr130",
        "famasoon",
        "0xDECEA5ED",
        "uknowsec",
        "sh1xo",
        "nitre",
        "CicadaMikoto",
        "thecybermafia",
        "xrkk",
        "Marshall-Hallenbeck",
        "luxcupitor",
        "oakkaya",
        "nclv",
        "nanderh",
        "ik5",
        "HornetMaidan",
        "clienthold",
        "djackreuter",
        "t3chnocat",
        "embargod",
        "jimdi",
        "mr-pmillz",
        "r00tb1t",
        "mrpnkt",
        "FZKiritsugu",
        "cossinadevil2k",
        "Dharani-sanjaiy",
        "NoobCat2000",
        "GerhardBotha97",
        "ares-ns",
        "1A7V9A",
        "lkheh",
        "dottorvenom",
        "wooxsec",
        "K3rnel-Dev",
        "MattiaCossu",
        "Abbbbbqvq",
        "jivoi",
        "exodia-the-forbidden-one",
        "Kr0ff",
        "UnforeseenOcean",
        "whiterabb17",
        "maxStirner1",
        "bl13pbl03p",
        "zeropart",
        "mwatkins-leviathan",
        "DummyKitty",
        "yeshuibo",
        "Sic4rio",
        "yueyeah",
        "lowSoA",
        "BlueSharkPartners",
        "antwnhsx",
        "fnpial",
        "AVISIX",
        "hamdiRuwiss",
        "cmprmsd",
        "kofruge",
        "birchtech",
        "chryzsh",
        "TheGreatestGgoat",
        "zeze-zeze",
        "INotGreen",
        "liangzai-ff",
        "Joe1sn",
        "ycdxsb",
        "crisprss",
        "kpa1on",
        "HenryChanDC",
        "MicrobBlue",
        "zhzyker",
        "M0chae1",
        "winezer0",
        "theLSA",
        "hirak0",
        "M0untainShley",
        "katvvisdom",
        "vinegrep",
        "innxrmxst",
        "amirr0r",
        "Genbox",
        "sgf",
        "cutff",
        "heavyscan",
        "adysec",
        "redex557",
        "generalsle1n",
        "kapiushion",
        "assarbad",
        "verydeveloper-byte",
        "gitgotgitgotit",
        "evanesoteric",
        "Efreak",
        "Saltinbank-SyS",
        "mavrc",
        "rakiamaker",
        "OffensiveBrute",
        "RandomTrickster",
        "hastalamuerte",
        "just4anut",
        "mukarramkhalid",
        "mssky9527",
        "ebatelchyrok",
        "Zab-an"
    ],
    "watchers_count": 136,
    "watchers": [
        "caretak3r",
        "SunfxDEV",
        "n1nj4sec",
        "splice-r",
        "Taius",
        "mostdcoa",
        "snovvcrash",
        "boringthegod",
        "00011100",
        "nascentt",
        "S3cur3Th1sSh1t",
        "vaginessa",
        "jerodg",
        "1N73LL1G3NC3x",
        "J1mX",
        "Cr4sh",
        "joaoviictorti",
        "8l1NKY",
        "pracsec",
        "ElMostafaIdrassi",
        "BenjiTrapp",
        "BlackOfWorld",
        "deyixtan",
        "endymi",
        "PrinceAikinsBaidoo",
        "m3rcer",
        "alpaca121",
        "Ptkatz",
        "fadinglr",
        "Qynklee",
        "Xtraverageoperator",
        "tdr130",
        "famasoon",
        "0xDECEA5ED",
        "uknowsec",
        "sh1xo",
        "nitre",
        "CicadaMikoto",
        "thecybermafia",
        "xrkk",
        "Marshall-Hallenbeck",
        "luxcupitor",
        "oakkaya",
        "nclv",
        "nanderh",
        "ik5",
        "HornetMaidan",
        "clienthold",
        "djackreuter",
        "t3chnocat",
        "embargod",
        "jimdi",
        "mr-pmillz",
        "r00tb1t",
        "mrpnkt",
        "FZKiritsugu",
        "cossinadevil2k",
        "Dharani-sanjaiy",
        "NoobCat2000",
        "GerhardBotha97",
        "ares-ns",
        "1A7V9A",
        "lkheh",
        "dottorvenom",
        "wooxsec",
        "K3rnel-Dev",
        "MattiaCossu",
        "Abbbbbqvq",
        "jivoi",
        "exodia-the-forbidden-one",
        "Kr0ff",
        "UnforeseenOcean",
        "whiterabb17",
        "maxStirner1",
        "bl13pbl03p",
        "zeropart",
        "mwatkins-leviathan",
        "DummyKitty",
        "yeshuibo",
        "Sic4rio",
        "yueyeah",
        "lowSoA",
        "BlueSharkPartners",
        "antwnhsx",
        "fnpial",
        "AVISIX",
        "hamdiRuwiss",
        "cmprmsd",
        "kofruge",
        "birchtech",
        "chryzsh",
        "TheGreatestGgoat",
        "zeze-zeze",
        "INotGreen",
        "liangzai-ff",
        "Joe1sn",
        "ycdxsb",
        "crisprss",
        "kpa1on",
        "HenryChanDC",
        "MicrobBlue",
        "zhzyker",
        "M0chae1",
        "winezer0",
        "theLSA",
        "hirak0",
        "M0untainShley",
        "katvvisdom",
        "vinegrep",
        "innxrmxst",
        "amirr0r",
        "Genbox",
        "sgf",
        "cutff",
        "heavyscan",
        "adysec",
        "redex557",
        "generalsle1n",
        "kapiushion",
        "assarbad",
        "verydeveloper-byte",
        "gitgotgitgotit",
        "evanesoteric",
        "Efreak",
        "Saltinbank-SyS",
        "mavrc",
        "rakiamaker",
        "OffensiveBrute",
        "RandomTrickster",
        "hastalamuerte",
        "just4anut",
        "mukarramkhalid",
        "mssky9527",
        "ebatelchyrok",
        "Zab-an"
    ],
    "contributor_count": 1,
    "contributors": [
        "cybersectroll"
    ],
    "open_pull_request_count": 0,
    "open_pull_requests": [],
    "label_count": 9,
    "labels": [
        "bug",
        "documentation",
        "duplicate",
        "enhancement",
        "good first issue",
        "help wanted",
        "invalid",
        "question",
        "wontfix"
    ],
    "subscribers": [
        "cybersectroll",
        "cutff"
    ],
    "subscribers_count": 2,
    "committers": [
        "web-flow",
        "web-flow",
        "web-flow",
        "web-flow",
        "web-flow",
        "web-flow",
        "web-flow",
        "web-flow",
        "web-flow",
        "web-flow",
        "web-flow"
    ],
    "committers_count": 1,
    "committers_emails": [
        "dexter192123@gmail.com",
        "dexter192123@gmail.com",
        "dexter192123@gmail.com",
        "dexter192123@gmail.com",
        "dexter192123@gmail.com",
        "dexter192123@gmail.com",
        "dexter192123@gmail.com",
        "dexter192123@gmail.com",
        "dexter192123@gmail.com",
        "dexter192123@gmail.com",
        "dexter192123@gmail.com"
    ],
    "committers_emails_count": 1,
    "authors": [
        "cybersectroll",
        "cybersectroll",
        "cybersectroll",
        "cybersectroll",
        "cybersectroll",
        "cybersectroll",
        "cybersectroll",
        "cybersectroll",
        "cybersectroll",
        "cybersectroll",
        "cybersectroll"
    ],
    "authors_count": 1,
    "assignees": [
        "cybersectroll"
    ],
    "assignees_count": 1
}