{
    "forks_count": 12,
    "forkers": [
        "pwnf",
        "emdnaia",
        "puzzlepeaches",
        "NocFlame",
        "Ramzansmith",
        "Sts0mrg0",
        "apkfabstore",
        "markuta",
        "marc-poljak",
        "petrescugit",
        "jheeree",
        "v4nyl"
    ],
    "stargazers_count": 110,
    "stargazers": [
        "dunderhay",
        "fhlip0",
        "CicadaMikoto",
        "haxrob",
        "xrkk",
        "PowerPress",
        "clod81",
        "tuna1999",
        "g147",
        "joaoviictorti",
        "00011100",
        "Wingless-Archangel",
        "mr-pmillz",
        "jeffmcjunkin",
        "L1nkd34d",
        "jheeree",
        "Hamid-K",
        "xhzeem",
        "puzzlepeaches",
        "k3nundrum",
        "NHAS",
        "vncloudsco",
        "cocoonkid",
        "idealphase",
        "AnthonyHerman",
        "BenjiTrapp",
        "el-bastard0",
        "jmizv",
        "SergejFrank",
        "domx4q",
        "FilipposM",
        "knoxell",
        "joeleonjr",
        "dwbzn",
        "bonsoird",
        "doct0r3",
        "derrick-roach",
        "Torch02",
        "deltaRed1a",
        "j3soh",
        "Mirabis",
        "boh",
        "STwilight",
        "ResistanceIsUseless",
        "rinekri",
        "RalphDesmangles",
        "rtcms",
        "gh-fml",
        "ENM1989",
        "severus1980",
        "mamont0v",
        "thinfoilhat",
        "just4anut",
        "hirak0",
        "hallstig",
        "newsoft",
        "nclv",
        "vforvasilis",
        "chr0n1k",
        "Sts0mrg0",
        "ColCh",
        "n00py",
        "FreeZeroDays",
        "icyguider",
        "zerdnem",
        "sweetpastabox",
        "cujanovic",
        "rust3r",
        "gosirys",
        "xzxxzzzz000",
        "germaindk",
        "lowSoA",
        "bond00",
        "password-reset",
        "GitPlaya",
        "xElkomy",
        "ustayready",
        "hudjefa",
        "0xbad53c",
        "dehobbs",
        "kernel-sanders",
        "Ramzansmith",
        "TechTreker",
        "jakuta-tech",
        "Taius",
        "lambdasawa",
        "killvxk",
        "gladiatx0r",
        "sere574",
        "NocFlame",
        "AnalystM",
        "sh4hin",
        "affix",
        "omarcosr",
        "Real4XoR",
        "michael2to3",
        "wretiii",
        "werdhaihai",
        "malwareuniversity",
        "nt0xa",
        "paradoxl",
        "leukop",
        "bravery9",
        "No-Github",
        "Aleksey3107",
        "Maleick",
        "lkys37en",
        "0day",
        "th3k3ymak3r",
        "addbel0"
    ],
    "watchers_count": 110,
    "watchers": [
        "dunderhay",
        "fhlip0",
        "CicadaMikoto",
        "haxrob",
        "xrkk",
        "PowerPress",
        "clod81",
        "tuna1999",
        "g147",
        "joaoviictorti",
        "00011100",
        "Wingless-Archangel",
        "mr-pmillz",
        "jeffmcjunkin",
        "L1nkd34d",
        "jheeree",
        "Hamid-K",
        "xhzeem",
        "puzzlepeaches",
        "k3nundrum",
        "NHAS",
        "vncloudsco",
        "cocoonkid",
        "idealphase",
        "AnthonyHerman",
        "BenjiTrapp",
        "el-bastard0",
        "jmizv",
        "SergejFrank",
        "domx4q",
        "FilipposM",
        "knoxell",
        "joeleonjr",
        "dwbzn",
        "bonsoird",
        "doct0r3",
        "derrick-roach",
        "Torch02",
        "deltaRed1a",
        "j3soh",
        "Mirabis",
        "boh",
        "STwilight",
        "ResistanceIsUseless",
        "rinekri",
        "RalphDesmangles",
        "rtcms",
        "gh-fml",
        "ENM1989",
        "severus1980",
        "mamont0v",
        "thinfoilhat",
        "just4anut",
        "hirak0",
        "hallstig",
        "newsoft",
        "nclv",
        "vforvasilis",
        "chr0n1k",
        "Sts0mrg0",
        "ColCh",
        "n00py",
        "FreeZeroDays",
        "icyguider",
        "zerdnem",
        "sweetpastabox",
        "cujanovic",
        "rust3r",
        "gosirys",
        "xzxxzzzz000",
        "germaindk",
        "lowSoA",
        "bond00",
        "password-reset",
        "GitPlaya",
        "xElkomy",
        "ustayready",
        "hudjefa",
        "0xbad53c",
        "dehobbs",
        "kernel-sanders",
        "Ramzansmith",
        "TechTreker",
        "jakuta-tech",
        "Taius",
        "lambdasawa",
        "killvxk",
        "gladiatx0r",
        "sere574",
        "NocFlame",
        "AnalystM",
        "sh4hin",
        "affix",
        "omarcosr",
        "Real4XoR",
        "michael2to3",
        "wretiii",
        "werdhaihai",
        "malwareuniversity",
        "nt0xa",
        "paradoxl",
        "leukop",
        "bravery9",
        "No-Github",
        "Aleksey3107",
        "Maleick",
        "lkys37en",
        "0day",
        "th3k3ymak3r",
        "addbel0"
    ],
    "contributor_count": 1,
    "contributors": [
        "dunderhay"
    ],
    "open_pull_request_count": 0,
    "open_pull_requests": [],
    "label_count": 9,
    "labels": [
        "bug",
        "documentation",
        "duplicate",
        "enhancement",
        "good first issue",
        "help wanted",
        "invalid",
        "question",
        "wontfix"
    ],
    "subscribers": [
        "dunderhay",
        "dehobbs"
    ],
    "subscribers_count": 2,
    "committers": [
        "dunderhay",
        "dunderhay",
        "dunderhay",
        "dunderhay",
        "dunderhay",
        "dunderhay",
        "web-flow"
    ],
    "committers_count": 2,
    "committers_emails": [
        "27876907+dunderhay@users.noreply.github.com",
        "27876907+dunderhay@users.noreply.github.com",
        "27876907+dunderhay@users.noreply.github.com",
        "27876907+dunderhay@users.noreply.github.com",
        "27876907+dunderhay@users.noreply.github.com",
        "27876907+dunderhay@users.noreply.github.com",
        "27876907+dunderhay@users.noreply.github.com"
    ],
    "committers_emails_count": 1,
    "assignees": [
        "dunderhay"
    ],
    "assignees_count": 1
}