{
    "forks_count": 13,
    "forkers": [
        "edermi",
        "30579096",
        "sioux69",
        "killvxk",
        "gmh5225",
        "Adik8712",
        "xbl2022",
        "cd9e",
        "wisdark",
        "Cyb3rm3g",
        "djayaGit",
        "jermainlaforce",
        "emdnaia"
    ],
    "stargazers_count": 119,
    "stargazers": [
        "TechThupport",
        "ATLKR",
        "crypt0p3g",
        "hayicle",
        "0xbad53c",
        "th3k3ymak3r",
        "phreakocious",
        "A-poc",
        "gsmith257-cyber",
        "TTP-Xtian",
        "hookech0",
        "PhantomThreads",
        "levonkohoutek",
        "Drag0nR3b0rn",
        "FreelancePentester",
        "fullspectrumdev",
        "colemanjp",
        "xrkk",
        "Hipepper",
        "MarijusBriedis",
        "willemdh",
        "yrjo",
        "jaschadub",
        "QuantumTandorisa",
        "chaosong",
        "AnthonyCamper",
        "OneOnOneOff",
        "abcheroworld",
        "moonflowersl",
        "wisdark",
        "zweily",
        "JeremyNGalloway",
        "rmdes",
        "zoghal",
        "DamnVanish",
        "siagung",
        "H4cking2theGate",
        "Kilroy1337",
        "cd9e",
        "xsshim",
        "ayoubfathi",
        "omarkurt",
        "rilleyktwist",
        "fiddyschmitt",
        "GZGT",
        "wanf3ng",
        "S4ndxBeGrasped",
        "thecybermafia",
        "habib26-14",
        "famous0123",
        "future-username",
        "garelp",
        "bormaxi8080",
        "RenegadeOutcast",
        "ddinice",
        "subhashdasyam",
        "iccugs",
        "globussig",
        "hoangitk",
        "michaelclermont",
        "brains93",
        "KaanErturk",
        "orzchen",
        "kernel-sanders",
        "copecog",
        "samyk",
        "TheRedOperator",
        "kempd1",
        "SecurityAddicted",
        "Th3Tr1ckst3r",
        "Eriky2020",
        "Sporedrone",
        "gbemijohn",
        "danielthorvil",
        "abdennebi",
        "cyrilevos",
        "gbabiano",
        "c0untingNumbers",
        "zcattacz",
        "Kursk-141",
        "dkadev",
        "Heinzler",
        "killvxk",
        "theguly",
        "g-l-m",
        "pew",
        "kaliworld",
        "Cloutain",
        "ctr1hub",
        "Taius",
        "ItsTerm1n4l",
        "prhille13",
        "Saltinbank-SyS",
        "Jibbscript",
        "rjwhitworth",
        "upgundecha",
        "neeemu",
        "growl67",
        "lobe007",
        "m1dsummer",
        "tharavel",
        "wangj447",
        "infosecwatchman",
        "ViperXSec",
        "sharkocha",
        "RamadhanAmizudin",
        "newsoft",
        "zerdnem",
        "MaverickArcane",
        "sh4hin",
        "al0ne",
        "x1hy9",
        "MrRobotsAA",
        "kaka77",
        "hirak0",
        "mattreduce",
        "Natedude",
        "priyaoz",
        "edermi"
    ],
    "watchers_count": 119,
    "watchers": [
        "TechThupport",
        "ATLKR",
        "crypt0p3g",
        "hayicle",
        "0xbad53c",
        "th3k3ymak3r",
        "phreakocious",
        "A-poc",
        "gsmith257-cyber",
        "TTP-Xtian",
        "hookech0",
        "PhantomThreads",
        "levonkohoutek",
        "Drag0nR3b0rn",
        "FreelancePentester",
        "fullspectrumdev",
        "colemanjp",
        "xrkk",
        "Hipepper",
        "MarijusBriedis",
        "willemdh",
        "yrjo",
        "jaschadub",
        "QuantumTandorisa",
        "chaosong",
        "AnthonyCamper",
        "OneOnOneOff",
        "abcheroworld",
        "moonflowersl",
        "wisdark",
        "zweily",
        "JeremyNGalloway",
        "rmdes",
        "zoghal",
        "DamnVanish",
        "siagung",
        "H4cking2theGate",
        "Kilroy1337",
        "cd9e",
        "xsshim",
        "ayoubfathi",
        "omarkurt",
        "rilleyktwist",
        "fiddyschmitt",
        "GZGT",
        "wanf3ng",
        "S4ndxBeGrasped",
        "thecybermafia",
        "habib26-14",
        "famous0123",
        "future-username",
        "garelp",
        "bormaxi8080",
        "RenegadeOutcast",
        "ddinice",
        "subhashdasyam",
        "iccugs",
        "globussig",
        "hoangitk",
        "michaelclermont",
        "brains93",
        "KaanErturk",
        "orzchen",
        "kernel-sanders",
        "copecog",
        "samyk",
        "TheRedOperator",
        "kempd1",
        "SecurityAddicted",
        "Th3Tr1ckst3r",
        "Eriky2020",
        "Sporedrone",
        "gbemijohn",
        "danielthorvil",
        "abdennebi",
        "cyrilevos",
        "gbabiano",
        "c0untingNumbers",
        "zcattacz",
        "Kursk-141",
        "dkadev",
        "Heinzler",
        "killvxk",
        "theguly",
        "g-l-m",
        "pew",
        "kaliworld",
        "Cloutain",
        "ctr1hub",
        "Taius",
        "ItsTerm1n4l",
        "prhille13",
        "Saltinbank-SyS",
        "Jibbscript",
        "rjwhitworth",
        "upgundecha",
        "neeemu",
        "growl67",
        "lobe007",
        "m1dsummer",
        "tharavel",
        "wangj447",
        "infosecwatchman",
        "ViperXSec",
        "sharkocha",
        "RamadhanAmizudin",
        "newsoft",
        "zerdnem",
        "MaverickArcane",
        "sh4hin",
        "al0ne",
        "x1hy9",
        "MrRobotsAA",
        "kaka77",
        "hirak0",
        "mattreduce",
        "Natedude",
        "priyaoz",
        "edermi"
    ],
    "contributor_count": 1,
    "contributors": [
        "efeali"
    ],
    "open_pull_request_count": 0,
    "open_pull_requests": [],
    "label_count": 9,
    "labels": [
        "bug",
        "documentation",
        "duplicate",
        "enhancement",
        "good first issue",
        "help wanted",
        "invalid",
        "question",
        "wontfix"
    ],
    "subscribers": [
        "efeali",
        "d1m007"
    ],
    "subscribers_count": 2,
    "committers": [
        "web-flow",
        "web-flow",
        "web-flow",
        "web-flow",
        "web-flow",
        "web-flow",
        "web-flow",
        "web-flow",
        "web-flow",
        "web-flow",
        "web-flow",
        "web-flow"
    ],
    "committers_count": 1,
    "committers_emails": [
        "efeali@gmail.com",
        "efeali@gmail.com",
        "0xaefe@gmail.com",
        "0xaefe@gmail.com",
        "efeali@gmail.com",
        "efeali@gmail.com",
        "efeali@gmail.com",
        "efeali@gmail.com",
        "efeali@gmail.com",
        "efeali@gmail.com",
        "efeali@gmail.com",
        "efeali@gmail.com",
        "efeali@gmail.com",
        "efeali@gmail.com"
    ],
    "committers_emails_count": 2,
    "assignees": [
        "efeali"
    ],
    "assignees_count": 1
}