{
    "forks_count": 8,
    "forkers": [
        "Adik8712",
        "xbl2022",
        "cd9e",
        "wisdark",
        "Cyb3rm3g",
        "djayaGit",
        "jermainlaforce",
        "emdnaia"
    ],
    "stargazers_count": 52,
    "stargazers": [
        "TechThupport",
        "ATLKR",
        "crypt0p3g",
        "hayicle",
        "0xbad53c",
        "th3k3ymak3r",
        "phreakocious",
        "A-poc",
        "gsmith257-cyber",
        "TTP-Xtian",
        "hookech0",
        "PhantomThreads",
        "levonkohoutek",
        "Drag0nR3b0rn",
        "FreelancePentester",
        "fullspectrumdev",
        "colemanjp",
        "Tim-DPC",
        "xrkk",
        "Hipepper",
        "MarijusBriedis",
        "willemdh",
        "yrjo",
        "jaschadub",
        "QuantumTandorisa",
        "chaosong",
        "AnthonyCamper",
        "OneOnOneOff",
        "abcheroworld",
        "moonflowersl",
        "wisdark",
        "zweily",
        "JeremyNGalloway",
        "rmdes",
        "zoghal",
        "DamnVanish",
        "siagung",
        "H4cking2theGate",
        "Kilroy1337",
        "cd9e",
        "xsshim",
        "ayoubfathi",
        "omarkurt",
        "rilleyktwist",
        "fiddyschmitt",
        "GZGT",
        "wanf3ng",
        "S4ndxBeGrasped",
        "thecybermafia",
        "habib26-14",
        "famous0123",
        "future-username"
    ],
    "watchers_count": 52,
    "watchers": [
        "TechThupport",
        "ATLKR",
        "crypt0p3g",
        "hayicle",
        "0xbad53c",
        "th3k3ymak3r",
        "phreakocious",
        "A-poc",
        "gsmith257-cyber",
        "TTP-Xtian",
        "hookech0",
        "PhantomThreads",
        "levonkohoutek",
        "Drag0nR3b0rn",
        "FreelancePentester",
        "fullspectrumdev",
        "colemanjp",
        "Tim-DPC",
        "xrkk",
        "Hipepper",
        "MarijusBriedis",
        "willemdh",
        "yrjo",
        "jaschadub",
        "QuantumTandorisa",
        "chaosong",
        "AnthonyCamper",
        "OneOnOneOff",
        "abcheroworld",
        "moonflowersl",
        "wisdark",
        "zweily",
        "JeremyNGalloway",
        "rmdes",
        "zoghal",
        "DamnVanish",
        "siagung",
        "H4cking2theGate",
        "Kilroy1337",
        "cd9e",
        "xsshim",
        "ayoubfathi",
        "omarkurt",
        "rilleyktwist",
        "fiddyschmitt",
        "GZGT",
        "wanf3ng",
        "S4ndxBeGrasped",
        "thecybermafia",
        "habib26-14",
        "famous0123",
        "future-username"
    ],
    "contributor_count": 1,
    "contributors": [
        "efeali"
    ],
    "open_pull_request_count": 0,
    "open_pull_requests": [],
    "label_count": 9,
    "labels": [
        "bug",
        "documentation",
        "duplicate",
        "enhancement",
        "good first issue",
        "help wanted",
        "invalid",
        "question",
        "wontfix"
    ],
    "subscribers": [
        "efeali",
        "d1m007"
    ],
    "subscribers_count": 2,
    "committers": [
        "web-flow",
        "web-flow",
        "web-flow",
        "web-flow",
        "web-flow",
        "web-flow",
        "web-flow",
        "web-flow",
        "web-flow",
        "web-flow",
        "web-flow",
        "web-flow"
    ],
    "committers_count": 1,
    "committers_emails": [
        "efeali@gmail.com",
        "efeali@gmail.com",
        "0xaefe@gmail.com",
        "0xaefe@gmail.com",
        "efeali@gmail.com",
        "efeali@gmail.com",
        "efeali@gmail.com",
        "efeali@gmail.com",
        "efeali@gmail.com",
        "efeali@gmail.com",
        "efeali@gmail.com",
        "efeali@gmail.com",
        "efeali@gmail.com",
        "efeali@gmail.com"
    ],
    "committers_emails_count": 2,
    "assignees": [
        "efeali"
    ],
    "assignees_count": 1
}