{"forks_count":66,"forkers":["jioja32","ddawxaf","CyberCraftsmanx","oilcrest","RyanCh01","spinochenza","Sec-Fork","nowu354","NuclearAtk","MrMagicalSoftware","GhoStZA-debug","hellsienna","slytechroot","pawpatrolryder","qaqqwe33ddk","Elmo-Riyani","Karthi-Villain","django-88","fengjixuchui","Teutades","PinGMUICT","3isenHeiM","dgolak","tucommenceapousser","mssky9527","Pumpkinmooner","0x5844","nhanledinh","ingramali","necx512","Passw","sulab999","C0C0red","joker88","ahisec","short","ZTK-009","sxyrxyy","NtksCnZV","redpack-kr","gavz","xiaozhi1314","lakemoon602","zeropart","chenyongtaogd","Eason-zz","GooWen","Sourena231","killvxk","Yeah9782","team55","No-Github","xtenex","CraftedCat","rybaz","freeide2017","freeide","apkc","cossinadevil2k","AliMalekli","opoet7","Hutashan14","emdnaia","gmh5225","schrodyn","hotelzululima","FZKiritsugu","hdbreaker"],"stargazers_count":422,"stargazers":["chr0n1k","0xfiction","evildrummer","cbrnrd","Cracked5pider","wssheldon","FZKiritsugu","sh4hin","kleiton0x00","S3lrius","Donovoi","steepcloud","ghoulsec","voidvxvt","swtornio","nadav-ram","BenjiTrapp","schrodyn","Movara","Uvemode","gmh5225","bchicken69","d3adzo","yeshuibo","HackTuah","xixikotete","M0chae1","Esonhugh","TomTom18-eng","NoobCat2000","sebhacks","gsmith257-cyber","georgeleelz","H1ghC0ntr4sT","sinkthemall","Emmunaf","hegusung","wheeeyeyeye","reveng007","whiterabb17","ekisa","MinAungLe","edermi","opoet7","anakles","dunderhay","cossinadevil2k","verydeveloper-byte","TheGreatestGgoat","mr-r3bot","BorjaMerino","dust-life","dinosn","vflame6","jimdi","ParAmbula","willemdh","Saltinbank-SyS","mrpnkt","NoThrowForwardIt","Hackerongithub","seanfeeney","0xHossam","famasoon","Hellooo667","blake774D","dottorvenom","filexploit","ccianos","Lz1y","afkfr0mkeyb0ard","florylsk","aN0mad","rybaz","OldSecureIQLab","petarbojic","RalphDesmangles","xnorxnor","iccugs","AZEC0x00","Sudo-psc","shrek3n","xrkk","LaVivaEspada","Pirikara","ringring123973","cornerbrooke","SecurityAddicted","pard0p","0xvm","ZephrFish","No-Github","Yeah9782","moon2l","Ciyfly","Ephrimgnanam","fordprefectus","disengage","Shea-Des","aancw","matthewomccorkle","BGE-faith","safedv","Taius","TTP-Xtian","Keramas","MilleniumSpark","hugojcqs","SolomonSklash","killvxk","brmkit","isemennikov","1A7V9A","tais9","Sourena231","djackreuter","gocourseops","hastalamuerte","superuser5","uknowsec","r0eXpeR","tsof-smoky","mayl8822","SeeNanshaneisurely","helloyw","boh","medasz","whisper-R","A2kaid","Hnisec","davehardy20","0xVavaldi","sodinokibi","LaRancion","xcxmiku","ergors","Tirthikas","lkys37en","fuzzlove","Pent","C6appybara","dypar33","Eason-zz","chenyongtaogd","Cer3s-k","zero77","lululufr","riskydissonance","rbcrack","lzzbb","lcuas1433","Dmitry4920","cowbe0x004","smadi0x86","0r3ak","LuckyPancake","cdn415","beamzer","tiantianshizhege","PSJoshi","Siss3l","PwnDexter","danikdanik","Kuriix","takitakitanana","syrizt","lakemoon602","M-Davies","hdbreaker","egglessness","kichindajesse","HadesW","MohamedReda55","gh-fml","nicolasmf","Dreyvor","taftss","an00byss","xiaozhi1314","hoaazz","swagkarna","smeukinou","T3chfalcon","xhzeem","danielwu182","1rm","usertom12","VoldeSec","Armillus","olist213","fnpial","Ashomes","Dharani-sanjaiy","greyd0g","highchoice","Hello-xBugs","Nosferatuvjr","0xbad53c","shreethaar","CicadaMikoto","bug-kid","gcanahuirev","senodji","Justryuz","AyWiZz","ThorD125","JavaGarcia","AnkhCorp","omranisecurity","nullsecX270","alexanderkasten","Mrhax0rr","marcgreen","habib26-14","0xb11a1","dmt-space","sh1yan","yasar12","OffensiveBrute","MuzukashiMkJin","chosenonehacks","irony0egoist","swaipyy","greek0x0","stultitiophobia","DrMeosch","KlinKlinKlin","Gharnie01","FreelancePentester","Karib0u","iliopoul","nick0lass","Crims-on","youngifif","sevan403","amplenus","ahisec","nclv","aleenzz","HenryChanDC","lsr00ter","rsxss","pwn2ooown","lastnameradeon","t510599","yuna0x0","AabyssZG","itSssm3","DmTomHL","boqiqibo","mssky9527","Jici-Zeroten","xsshim","Sorrashut-K","sbwg","six2dez","jaikishantulswani","tx1ee","PrfectDD","Ringx3","heavyscan","Champion-Su","Mag1cByt3s","C0C0red","1njected","jolodoro","elohffa","zxz3650","hirak0","Rvn0xsy","Belos-pretender","ekko-zhao","ian05021","sorabug","yanghaoi","yellowfliag1","nauliajati","zavke","0x023","blackt3a","midist0xf","linkinpark320","Passw","RedMontana","ewilded","Pessword","zpxlz","0x5844","RoEuCr","Aruk4s","ElectQ","ck6102","kaIIsyms","nickswink","Cyb3r-Monk","1nPr0c","nickvourd","Nort721","CortneyJames","d3f0x0","W0rldSeeker","DirWangK","joaoviictorti","0x25bit","6xS0beit","bvtuhan","AliMalekli","thesubtlety","matosdiego","cmjlove1","JeremyNGalloway","corrupt3k","assarbad","icepick41","3isenHeiM","duqqqq","zjicmDarkWing","LovelyWei","SpadesA99","TechThupport","PinGMUICT","joshualouden","Impurity2139","6661620a","nc9001","hoseinm444","TH3P1T","kstathis","fin3ss3g0d","SnoopJesus420","itaymigdal","Kjv1611isch","kepler404","turdfire","col-1002","Kevin3-00","hxteam","k3nundrum","Rememberful","mella7","bittuvamshi","byinarie","Hamam12-c","crazyworlds","neomafo88","Hinatara","konogotolegk6","dsturge01","Fkdkutrfc","ianfulmar","bibiwars","combat166","triplexlove","baigae","ANHKWAR1337","Kimpten","cpnj00","expl0itabl3","TomasBaptista","michaelyamout","nickzer0","80r1ng","RSociety-create","manoselva","bGl1o","sec666","Ushura","ekszz","lv183037","rs0d","Stick-of-WuKong","Naruto0o","wms26","thelostworldFree","pykiller","saucer-man","Liuxunzhang","bakabakaba","p1d3er","Hyacinth-hwi","HuanYues","knightyun","zhzyker","INotGreen","reloc2","Mamor5409","xp0inter","hyperware1337","winezer0","j0k3r-z","Txiu7","Adnnlnistrator","ntlmgit","startagain2016","anir0y","RyanCh01","notTitoH","Lch0609","hnleyan","jacobocasado","b51405221","cbyt3","paranoidrookie","lobe007","HamitKURT","bufferbandit","broCapang","yuanbo12345","papcaii2004","MrTuxx","powerseb","cammclain","InfraredReactivePACN","django-88","peiqiF4ck","ddawxaf","Ma0de","Arrnitage","zblwtf","mlkjjkclsdcsd","ByteFuzzer420","wenchunti"],"watchers_count":422,"watchers":["chr0n1k","0xfiction","evildrummer","cbrnrd","Cracked5pider","wssheldon","FZKiritsugu","sh4hin","kleiton0x00","S3lrius","Donovoi","steepcloud","ghoulsec","voidvxvt","swtornio","nadav-ram","BenjiTrapp","schrodyn","Movara","Uvemode","gmh5225","bchicken69","d3adzo","yeshuibo","HackTuah","xixikotete","M0chae1","Esonhugh","TomTom18-eng","NoobCat2000","sebhacks","gsmith257-cyber","georgeleelz","H1ghC0ntr4sT","sinkthemall","Emmunaf","hegusung","wheeeyeyeye","reveng007","whiterabb17","ekisa","MinAungLe","edermi","opoet7","anakles","dunderhay","cossinadevil2k","verydeveloper-byte","TheGreatestGgoat","mr-r3bot","BorjaMerino","dust-life","dinosn","vflame6","jimdi","ParAmbula","willemdh","Saltinbank-SyS","mrpnkt","NoThrowForwardIt","Hackerongithub","seanfeeney","0xHossam","famasoon","Hellooo667","blake774D","dottorvenom","filexploit","ccianos","Lz1y","afkfr0mkeyb0ard","florylsk","aN0mad","rybaz","OldSecureIQLab","petarbojic","RalphDesmangles","xnorxnor","iccugs","AZEC0x00","Sudo-psc","shrek3n","xrkk","LaVivaEspada","Pirikara","ringring123973","cornerbrooke","SecurityAddicted","pard0p","0xvm","ZephrFish","No-Github","Yeah9782","moon2l","Ciyfly","Ephrimgnanam","fordprefectus","disengage","Shea-Des","aancw","matthewomccorkle","BGE-faith","safedv","Taius","TTP-Xtian","Keramas","MilleniumSpark","hugojcqs","SolomonSklash","killvxk","brmkit","isemennikov","1A7V9A","tais9","Sourena231","djackreuter","gocourseops","hastalamuerte","superuser5","uknowsec","r0eXpeR","tsof-smoky","mayl8822","SeeNanshaneisurely","helloyw","boh","medasz","whisper-R","A2kaid","Hnisec","davehardy20","0xVavaldi","sodinokibi","LaRancion","xcxmiku","ergors","Tirthikas","lkys37en","fuzzlove","Pent","C6appybara","dypar33","Eason-zz","chenyongtaogd","Cer3s-k","zero77","lululufr","riskydissonance","rbcrack","lzzbb","lcuas1433","Dmitry4920","cowbe0x004","smadi0x86","0r3ak","LuckyPancake","cdn415","beamzer","tiantianshizhege","PSJoshi","Siss3l","PwnDexter","danikdanik","Kuriix","takitakitanana","syrizt","lakemoon602","M-Davies","hdbreaker","egglessness","kichindajesse","HadesW","MohamedReda55","gh-fml","nicolasmf","Dreyvor","taftss","an00byss","xiaozhi1314","hoaazz","swagkarna","smeukinou","T3chfalcon","xhzeem","danielwu182","1rm","usertom12","VoldeSec","Armillus","olist213","fnpial","Ashomes","Dharani-sanjaiy","greyd0g","highchoice","Hello-xBugs","Nosferatuvjr","0xbad53c","shreethaar","CicadaMikoto","bug-kid","gcanahuirev","senodji","Justryuz","AyWiZz","ThorD125","JavaGarcia","AnkhCorp","omranisecurity","nullsecX270","alexanderkasten","Mrhax0rr","marcgreen","habib26-14","0xb11a1","dmt-space","sh1yan","yasar12","OffensiveBrute","MuzukashiMkJin","chosenonehacks","irony0egoist","swaipyy","greek0x0","stultitiophobia","DrMeosch","KlinKlinKlin","Gharnie01","FreelancePentester","Karib0u","iliopoul","nick0lass","Crims-on","youngifif","sevan403","amplenus","ahisec","nclv","aleenzz","HenryChanDC","lsr00ter","rsxss","pwn2ooown","lastnameradeon","t510599","yuna0x0","AabyssZG","itSssm3","DmTomHL","boqiqibo","mssky9527","Jici-Zeroten","xsshim","Sorrashut-K","sbwg","six2dez","jaikishantulswani","tx1ee","PrfectDD","Ringx3","heavyscan","Champion-Su","Mag1cByt3s","C0C0red","1njected","jolodoro","elohffa","zxz3650","hirak0","Rvn0xsy","Belos-pretender","ekko-zhao","ian05021","sorabug","yanghaoi","yellowfliag1","nauliajati","zavke","0x023","blackt3a","midist0xf","linkinpark320","Passw","RedMontana","ewilded","Pessword","zpxlz","0x5844","RoEuCr","Aruk4s","ElectQ","ck6102","kaIIsyms","nickswink","Cyb3r-Monk","1nPr0c","nickvourd","Nort721","CortneyJames","d3f0x0","W0rldSeeker","DirWangK","joaoviictorti","0x25bit","6xS0beit","bvtuhan","AliMalekli","thesubtlety","matosdiego","cmjlove1","JeremyNGalloway","corrupt3k","assarbad","icepick41","3isenHeiM","duqqqq","zjicmDarkWing","LovelyWei","SpadesA99","TechThupport","PinGMUICT","joshualouden","Impurity2139","6661620a","nc9001","hoseinm444","TH3P1T","kstathis","fin3ss3g0d","SnoopJesus420","itaymigdal","Kjv1611isch","kepler404","turdfire","col-1002","Kevin3-00","hxteam","k3nundrum","Rememberful","mella7","bittuvamshi","byinarie","Hamam12-c","crazyworlds","neomafo88","Hinatara","konogotolegk6","dsturge01","Fkdkutrfc","ianfulmar","bibiwars","combat166","triplexlove","baigae","ANHKWAR1337","Kimpten","cpnj00","expl0itabl3","TomasBaptista","michaelyamout","nickzer0","80r1ng","RSociety-create","manoselva","bGl1o","sec666","Ushura","ekszz","lv183037","rs0d","Stick-of-WuKong","Naruto0o","wms26","thelostworldFree","pykiller","saucer-man","Liuxunzhang","bakabakaba","p1d3er","Hyacinth-hwi","HuanYues","knightyun","zhzyker","INotGreen","reloc2","Mamor5409","xp0inter","hyperware1337","winezer0","j0k3r-z","Txiu7","Adnnlnistrator","ntlmgit","startagain2016","anir0y","RyanCh01","notTitoH","Lch0609","hnleyan","jacobocasado","b51405221","cbyt3","paranoidrookie","lobe007","HamitKURT","bufferbandit","broCapang","yuanbo12345","papcaii2004","MrTuxx","powerseb","cammclain","InfraredReactivePACN","django-88","peiqiF4ck","ddawxaf","Ma0de","Arrnitage","zblwtf","mlkjjkclsdcsd","ByteFuzzer420","wenchunti"],"contributor_count":1,"contributors":["NUL0x4C"],"open_pull_request_count":2,"open_pull_requests":["Feat add vulnurable driver loading support","fix: adjust indention level"],"label_count":9,"labels":["bug","documentation","duplicate","enhancement","good first issue","help wanted","invalid","question","wontfix"],"subscribers":["hdbreaker","smeukinou","nauliajati","fengjixuchui"],"subscribers_count":4,"committers":["web-flow","web-flow","web-flow","web-flow","web-flow","web-flow"],"committers_count":1,"committers_emails":["ORCx41@gmail.com","ORCx41@gmail.com","ORCx41@gmail.com","ORCx41@gmail.com","ORCx41@gmail.com","ORCx41@gmail.com"],"committers_emails_count":1,"authors":["NUL0x4C","NUL0x4C","NUL0x4C","NUL0x4C","NUL0x4C","NUL0x4C"],"authors_count":1,"assignees":["mrd0x","NUL0x4C"],"assignees_count":2}