{
    "forks_count": 35,
    "forkers": [
        "SoloDefend",
        "zc-githubs",
        "jermainlaforce",
        "sodinokibi",
        "koushui",
        "cutff",
        "fengjixuchui",
        "skybky",
        "n0-traces",
        "3453-315h",
        "killvxk",
        "xrv3ovl",
        "offsoc",
        "kimstars",
        "Haunted-Banshee",
        "dkstar11q",
        "Nyx2022",
        "kepler404",
        "H1d3r",
        "emdnaia",
        "0xjbb",
        "s3ancascadia",
        "ScriptIdiot",
        "t3hbb",
        "crisprss",
        "ASkyeye",
        "gavz",
        "Yeah9782",
        "funnybananas",
        "djayaGit",
        "mukarramkhalid",
        "gmh5225",
        "cossinadevil2k",
        "zha0"
    ],
    "stargazers_count": 146,
    "stargazers": [
        "hasherezade",
        "mcdulltii",
        "mrfearless",
        "Lifka",
        "4l3x777",
        "boringthegod",
        "1A7V9A",
        "Mrhax0rr",
        "1N73LL1G3NC3x",
        "akobdhke",
        "0xEr3bus",
        "mikeman",
        "cossinadevil2k",
        "crackinglandia",
        "heavyscan",
        "Tun-leads",
        "theguly",
        "zha0gongz1",
        "0xvm",
        "wgetnz",
        "gelven4sec",
        "mukarramkhalid",
        "parttimeamerican",
        "dottorvenom",
        "megaparsec314",
        "OffensiveBrute",
        "fq19851220",
        "funnybananas",
        "xXxsomebodyoncetoldmexXx",
        "chr0n1k",
        "Armillus",
        "icyguider",
        "1Gould",
        "zmkeh",
        "zero77",
        "Karib0u",
        "LatentPirate",
        "fnpial",
        "m3rcer",
        "byinarie",
        "clod81",
        "moonflowersl",
        "dunderhay",
        "j0nh4t",
        "9xN",
        "yeshuibo",
        "aweNousaku",
        "zhzyker",
        "sponnusa",
        "badboycxcc",
        "crisprss",
        "B0y1n4o4",
        "n0n5m1l3",
        "Silence566",
        "acrono",
        "askme765cs",
        "senabuse",
        "jimdi",
        "vforvasilis",
        "luxcupitor",
        "BGE-faith",
        "omaramin17",
        "CN-Syndra",
        "niaojin",
        "Iamgublin",
        "TH3P1T",
        "Ptkatz",
        "a7t0fwa7",
        "TryGOTry",
        "l4rRyxz",
        "spumon1",
        "Valerian7",
        "taida957789",
        "reloc2",
        "kepler404",
        "Run0nceEx",
        "WhiteOdin",
        "Acc843739",
        "DamonMohammadbagher",
        "H1ghC0ntr4sT",
        "FZKiritsugu",
        "SolomonSklash",
        "Saltinbank-SyS",
        "hudjefa",
        "zerdnem",
        "BlackTrace",
        "SpadesA99",
        "1203731177",
        "theLSA",
        "TheGreatestGgoat",
        "Nyx2022",
        "AgeloVito",
        "S3lrius",
        "LUCIF3RX",
        "sh4hin",
        "hrtywhy",
        "fhlip0",
        "wulfrano",
        "D3vKn1ght",
        "ajmeese7",
        "come2darkside",
        "RalphDesmangles",
        "MicrobBlue",
        "aletnox",
        "Ringx3",
        "natesubra",
        "nickhakkz",
        "sevenhhhh",
        "kernel-sanders",
        "huaigu4ng",
        "Wild-Wild-Hunt",
        "ChoiSG",
        "edermi",
        "Renyidudumen",
        "Taius",
        "7Shad0w",
        "hulto",
        "naliferopoulos",
        "o2vi1te",
        "killvxk",
        "tais9",
        "Chukwuma97",
        "KeyStrOke95",
        "n0-traces",
        "kaliworld",
        "imadsvx",
        "sheepdog0x3e",
        "nclv",
        "DreamSoule",
        "evanesoteric",
        "JinBaiWansec",
        "nstasy",
        "fransla",
        "cutff",
        "Lz1y",
        "koushui",
        "liangzai-ff",
        "VmwarePro",
        "sodinokibi",
        "CxBug",
        "Hello-xBugs",
        "PolarPeak",
        "itaymigdal",
        "st3rven",
        "InfiniteSuns",
        "hirak0"
    ],
    "watchers_count": 146,
    "watchers": [
        "hasherezade",
        "mcdulltii",
        "mrfearless",
        "Lifka",
        "4l3x777",
        "boringthegod",
        "1A7V9A",
        "Mrhax0rr",
        "1N73LL1G3NC3x",
        "akobdhke",
        "0xEr3bus",
        "mikeman",
        "cossinadevil2k",
        "crackinglandia",
        "heavyscan",
        "Tun-leads",
        "theguly",
        "zha0gongz1",
        "0xvm",
        "wgetnz",
        "gelven4sec",
        "mukarramkhalid",
        "parttimeamerican",
        "dottorvenom",
        "megaparsec314",
        "OffensiveBrute",
        "fq19851220",
        "funnybananas",
        "xXxsomebodyoncetoldmexXx",
        "chr0n1k",
        "Armillus",
        "icyguider",
        "1Gould",
        "zmkeh",
        "zero77",
        "Karib0u",
        "LatentPirate",
        "fnpial",
        "m3rcer",
        "byinarie",
        "clod81",
        "moonflowersl",
        "dunderhay",
        "j0nh4t",
        "9xN",
        "yeshuibo",
        "aweNousaku",
        "zhzyker",
        "sponnusa",
        "badboycxcc",
        "crisprss",
        "B0y1n4o4",
        "n0n5m1l3",
        "Silence566",
        "acrono",
        "askme765cs",
        "senabuse",
        "jimdi",
        "vforvasilis",
        "luxcupitor",
        "BGE-faith",
        "omaramin17",
        "CN-Syndra",
        "niaojin",
        "Iamgublin",
        "TH3P1T",
        "Ptkatz",
        "a7t0fwa7",
        "TryGOTry",
        "l4rRyxz",
        "spumon1",
        "Valerian7",
        "taida957789",
        "reloc2",
        "kepler404",
        "Run0nceEx",
        "WhiteOdin",
        "Acc843739",
        "DamonMohammadbagher",
        "H1ghC0ntr4sT",
        "FZKiritsugu",
        "SolomonSklash",
        "Saltinbank-SyS",
        "hudjefa",
        "zerdnem",
        "BlackTrace",
        "SpadesA99",
        "1203731177",
        "theLSA",
        "TheGreatestGgoat",
        "Nyx2022",
        "AgeloVito",
        "S3lrius",
        "LUCIF3RX",
        "sh4hin",
        "hrtywhy",
        "fhlip0",
        "wulfrano",
        "D3vKn1ght",
        "ajmeese7",
        "come2darkside",
        "RalphDesmangles",
        "MicrobBlue",
        "aletnox",
        "Ringx3",
        "natesubra",
        "nickhakkz",
        "sevenhhhh",
        "kernel-sanders",
        "huaigu4ng",
        "Wild-Wild-Hunt",
        "ChoiSG",
        "edermi",
        "Renyidudumen",
        "Taius",
        "7Shad0w",
        "hulto",
        "naliferopoulos",
        "o2vi1te",
        "killvxk",
        "tais9",
        "Chukwuma97",
        "KeyStrOke95",
        "n0-traces",
        "kaliworld",
        "imadsvx",
        "sheepdog0x3e",
        "nclv",
        "DreamSoule",
        "evanesoteric",
        "JinBaiWansec",
        "nstasy",
        "fransla",
        "cutff",
        "Lz1y",
        "koushui",
        "liangzai-ff",
        "VmwarePro",
        "sodinokibi",
        "CxBug",
        "Hello-xBugs",
        "PolarPeak",
        "itaymigdal",
        "st3rven",
        "InfiniteSuns",
        "hirak0"
    ],
    "contributor_count": 1,
    "contributors": [
        "naksyn"
    ],
    "open_pull_request_count": 0,
    "open_pull_requests": [],
    "label_count": 9,
    "labels": [
        "bug",
        "documentation",
        "duplicate",
        "enhancement",
        "good first issue",
        "help wanted",
        "invalid",
        "question",
        "wontfix"
    ],
    "subscribers": [
        "naksyn",
        "H1ghl4nd3rs",
        "fengjixuchui",
        "cutff"
    ],
    "subscribers_count": 4,
    "committers": [
        "web-flow",
        "naksyn",
        "web-flow",
        "web-flow"
    ],
    "committers_count": 2,
    "committers_emails": [
        "59816245+naksyn@users.noreply.github.com",
        "59816245+naksyn@users.noreply.github.com",
        "59816245+naksyn@users.noreply.github.com",
        "59816245+naksyn@users.noreply.github.com"
    ],
    "committers_emails_count": 1,
    "assignees": [
        "naksyn"
    ],
    "assignees_count": 1
}