{"forks_count":67,"forkers":["Eric-Ant","DebianDolor","T0mcat3r","axax002","jgajek","Tobey123","Gimpy42","r3dc4t0x00","joker88","freeide","Pavane1","marklove5102","MMitsuha","Laster-dev","xcalibure2","fengjixuchui","iamasbcx","3as0n","jermainlaforce","SolomonSklash","Chronoss3","killvxk","Dmitri131313","swagkarna","Nyx2022","samy4samy","0xSojalSec","springkill","lRosenYTl","DaMinGshidashi","FlyingBlueMonkey","0xTSR","lck0","log4she11","malwarejake","wisdark","GooWen","hamidmdh","xkroot","UnT7","Chendz321","ZTK-009","PHANTOM617","arsium","crisprss","jpluimers","cossinadevil2k","Swifto0","sodinokibi","zha0","mssky9527","Sec-Fork","beerandgin","gavz","D4rthMaulCop","sh4m2hwz","darkzorro79","Starla2u","ASkyeye","mukarramkhalid","Haunted-Banshee","ohio813","reiterjr","lleon1435","an0x03e8","seahop","aki2419","S1lkys"],"stargazers_count":353,"stargazers":["winterknife","clock-workorange","CraigUnder","unitycoder","NLx64","Eazor","Harvester57","djnnvx","int3hh","Cerbersec","achla95","reveng007","gitgotgitgotit","Dreyvor","sh4hin","lleon1435","NakNak669","paranoidrookie","McCarthyLabs","christauff","l4rm4nd","hoaazz","reiterjr","luxcupitor","Cracked5pider","aleenzz","Tx0actical","rschiang","mukarramkhalid","birdlex","E1A","TheLosingEdge","sean19981002","0xKatze","chr0n1k","Suifeng0214","evildrummer","TechThupport","ypsehlig","sh4m2hwz","boringthegod","JackofShadows1337","CxBug","saint033","AetherBlack","unkvolism","nikita","iccugs","hastalamuerte","kapiushion","fuzzlove","albert1112","pwn2ooown","d0gkiller87","0xCOrS","BenjiTrapp","Vith0r","duqqqq","famasoon","NoobCat2000","xrkk","1rm","fateyan","JinBaiWansec","liangzai-ff","beerandgin","ANONYMOUSLGD","VmwarePro","hyperware1337","zhzyker","shockzatx","mssky9527","sv3nbeast","Mr1Stark","HadesW","gsmith257-cyber","dust-life","ekko-zhao","8l1NKY","js0ncheng","clod81","wuyoukm","Pei4AN","tingtho","SanjP97","Spambustas","wrongrior","Ringx3","sodinokibi","itaymigdal","tmcr00ze","furtivex","daniliard7","maxDcb","00bah","chengtaowan","askme765cs","1N73LL1G3NC3x","JanielDary","Y5neKO","thonau712","ashr","Hato1125","nduxrs","h0c0b","WS-G","netveil","BANANAMAGIC","rixoye","Iamgublin","zmkeh","4b75726169736859","EddieIvan01","embargod","crisprss","blake774D","SilentGuardianZA","Tofolt","OffensiveBrute","emirhannylmz","W0rldSeeker","jamestiotio","arsium","yehorror","Anekant-Singhai","moonflowersl","nodauf","m4pol","clem9669","RiccardoAncarani","Draketheb4dass","Yn8rt","MrSolomans","peiqiF4ck","fdx-xdf","dlu0000FF","tiantianshizhege","xcry2006","irony0egoist","afnanxb0","Ushura","NickYan7","cri9913","bugname7","cmjlove1","davey64","ademkanat","Chendz321","griphorics","icheernoom","Miaow0","cudd1y","Andy5972","4l3x777","chenser9","pianzhi1","UnT7","FZKiritsugu","Ky0toFu","choonarine","INotGreen","vay3t","dimeko","arvchristos","Saltinbank-SyS","kaIIsyms","ayy-arsnl","Mrhax0rr","S3lrius","Flamur112","Macmod","oakkaya","grayman24","rmusser01","R1ddles","zingotaku","rs0d","xsshim","Deranged0tter","startagain2016","p1d3er","V1rtu0l","hzmslx","Spez77777","yeshuibo","jmpoep","xkroot","Abbbbbqvq","xiaoyuer11223344","cirts","Lz1y","ghecko","wms26","nts0n","ghoulsec","burpheart","PepiPetrov","wisdark","RockyBukake","zhourong245","WingBy-Fkalis","Sh0ckFR","Armillus","ParAmbula","JeremyNGalloway","HenryChanDC","invokethreatguy","RosenYT","kixcd","RuntimeBroker","Laster-dev","g0g0gog0g0","DeEpinGh0st","jaychouzzk","dinosn","lck0","timberlanm","Ap3x","sh1xo","keeganparr1","ION28","tdr130","ldebug","mastersir-lab","growl67","MalkeshDalia","gresgtehrtsher","mokeneto","xion-official","Rubby2001","outmansec","Wangyanan131","AwesomeW","curie71","maunguCamara","shrek3n","AabyssZG","0xDECEA5ED","LaVivaEspada","Renyidudumen","daSk1d","HockeyInJune","springkill","Flo451","nojoven","kernel-sanders","realstatus","ekszz","swagkarna","zpxlz","Nyx2022","zavke","Tupler","0DAYBROKER","zero77","Taius","killvxk","LuckyPancake","madasee","spider1-dev","EclipseX270","SolomonSklash","mnrkbys","zwjjustdoit","linkinpark320","bakabakaba","GetRektBoy724","Kr0ff","No-Github","0xcronos","stroblite","TH3P1T","fhlip0","BorjaMerino","tsoumk","6661620a","Bluecap666","ovcrash","MHaggis","LUCIF3RX","Faran-17","Jean-Francois-C","xcalibure2","ringring123973","moon2l","iGamer2005","ragnarlodbrok1992","safedv","onewinner","xzxxzzzz000","lkarlslund","Yirgalem2004","fancymalware","S4CH","attakcs","AlexHw","st3rven","ConquerLearn","lfq7413","jackson5sec","arkantolo","Mayter","MMitsuha","Caozuoking","ElectQ","marklove5102","MinAungLe","w2n1ck","Nurdich","robshee81","BertMueller18","wikijm","wh0isandrew","KIMBIBLE","Pavane1","cn6u9","LovelyWei","lifa123","tdsbs","mrmoller","rvrxd","baigae","brutany","nclv","cmndcntrlcyber","Scyl14","triplexlove","joker88","edermi","fgsec","shouzumiayako","nadav-ram","chrisbensch","b6e4n","byinarie","michaelyamout","ian05021","seangcs27","hack4mate","koonmun","famsedition","JoeyVerleg","0x766873","poluvasyan","SuerPig","voidvxvt","tunelko","m3rcer","Zab-an","T0mcat3r","benzammour","RedHoodsDream","cbyt3"],"watchers_count":353,"watchers":["winterknife","clock-workorange","CraigUnder","unitycoder","NLx64","Eazor","Harvester57","djnnvx","int3hh","Cerbersec","achla95","reveng007","gitgotgitgotit","Dreyvor","sh4hin","lleon1435","NakNak669","paranoidrookie","McCarthyLabs","christauff","l4rm4nd","hoaazz","reiterjr","luxcupitor","Cracked5pider","aleenzz","Tx0actical","rschiang","mukarramkhalid","birdlex","E1A","TheLosingEdge","sean19981002","0xKatze","chr0n1k","Suifeng0214","evildrummer","TechThupport","ypsehlig","sh4m2hwz","boringthegod","JackofShadows1337","CxBug","saint033","AetherBlack","unkvolism","nikita","iccugs","hastalamuerte","kapiushion","fuzzlove","albert1112","pwn2ooown","d0gkiller87","0xCOrS","BenjiTrapp","Vith0r","duqqqq","famasoon","NoobCat2000","xrkk","1rm","fateyan","JinBaiWansec","liangzai-ff","beerandgin","ANONYMOUSLGD","VmwarePro","hyperware1337","zhzyker","shockzatx","mssky9527","sv3nbeast","Mr1Stark","HadesW","gsmith257-cyber","dust-life","ekko-zhao","8l1NKY","js0ncheng","clod81","wuyoukm","Pei4AN","tingtho","SanjP97","Spambustas","wrongrior","Ringx3","sodinokibi","itaymigdal","tmcr00ze","furtivex","daniliard7","maxDcb","00bah","chengtaowan","askme765cs","1N73LL1G3NC3x","JanielDary","Y5neKO","thonau712","ashr","Hato1125","nduxrs","h0c0b","WS-G","netveil","BANANAMAGIC","rixoye","Iamgublin","zmkeh","4b75726169736859","EddieIvan01","embargod","crisprss","blake774D","SilentGuardianZA","Tofolt","OffensiveBrute","emirhannylmz","W0rldSeeker","jamestiotio","arsium","yehorror","Anekant-Singhai","moonflowersl","nodauf","m4pol","clem9669","RiccardoAncarani","Draketheb4dass","Yn8rt","MrSolomans","peiqiF4ck","fdx-xdf","dlu0000FF","tiantianshizhege","xcry2006","irony0egoist","afnanxb0","Ushura","NickYan7","cri9913","bugname7","cmjlove1","davey64","ademkanat","Chendz321","griphorics","icheernoom","Miaow0","cudd1y","Andy5972","4l3x777","chenser9","pianzhi1","UnT7","FZKiritsugu","Ky0toFu","choonarine","INotGreen","vay3t","dimeko","arvchristos","Saltinbank-SyS","kaIIsyms","ayy-arsnl","Mrhax0rr","S3lrius","Flamur112","Macmod","oakkaya","grayman24","rmusser01","R1ddles","zingotaku","rs0d","xsshim","Deranged0tter","startagain2016","p1d3er","V1rtu0l","hzmslx","Spez77777","yeshuibo","jmpoep","xkroot","Abbbbbqvq","xiaoyuer11223344","cirts","Lz1y","ghecko","wms26","nts0n","ghoulsec","burpheart","PepiPetrov","wisdark","RockyBukake","zhourong245","WingBy-Fkalis","Sh0ckFR","Armillus","ParAmbula","JeremyNGalloway","HenryChanDC","invokethreatguy","RosenYT","kixcd","RuntimeBroker","Laster-dev","g0g0gog0g0","DeEpinGh0st","jaychouzzk","dinosn","lck0","timberlanm","Ap3x","sh1xo","keeganparr1","ION28","tdr130","ldebug","mastersir-lab","growl67","MalkeshDalia","gresgtehrtsher","mokeneto","xion-official","Rubby2001","outmansec","Wangyanan131","AwesomeW","curie71","maunguCamara","shrek3n","AabyssZG","0xDECEA5ED","LaVivaEspada","Renyidudumen","daSk1d","HockeyInJune","springkill","Flo451","nojoven","kernel-sanders","realstatus","ekszz","swagkarna","zpxlz","Nyx2022","zavke","Tupler","0DAYBROKER","zero77","Taius","killvxk","LuckyPancake","madasee","spider1-dev","EclipseX270","SolomonSklash","mnrkbys","zwjjustdoit","linkinpark320","bakabakaba","GetRektBoy724","Kr0ff","No-Github","0xcronos","stroblite","TH3P1T","fhlip0","BorjaMerino","tsoumk","6661620a","Bluecap666","ovcrash","MHaggis","LUCIF3RX","Faran-17","Jean-Francois-C","xcalibure2","ringring123973","moon2l","iGamer2005","ragnarlodbrok1992","safedv","onewinner","xzxxzzzz000","lkarlslund","Yirgalem2004","fancymalware","S4CH","attakcs","AlexHw","st3rven","ConquerLearn","lfq7413","jackson5sec","arkantolo","Mayter","MMitsuha","Caozuoking","ElectQ","marklove5102","MinAungLe","w2n1ck","Nurdich","robshee81","BertMueller18","wikijm","wh0isandrew","KIMBIBLE","Pavane1","cn6u9","LovelyWei","lifa123","tdsbs","mrmoller","rvrxd","baigae","brutany","nclv","cmndcntrlcyber","Scyl14","triplexlove","joker88","edermi","fgsec","shouzumiayako","nadav-ram","chrisbensch","b6e4n","byinarie","michaelyamout","ian05021","seangcs27","hack4mate","koonmun","famsedition","JoeyVerleg","0x766873","poluvasyan","SuerPig","voidvxvt","tunelko","m3rcer","Zab-an","T0mcat3r","benzammour","RedHoodsDream","cbyt3"],"contributor_count":1,"contributors":["rad9800"],"open_pull_request_count":0,"open_pull_requests":[],"label_count":9,"labels":["bug","documentation","duplicate","enhancement","good first issue","help wanted","invalid","question","wontfix"],"subscribers":["rad9800","christauff","Andy5972","xkroot","loveshell","fengjixuchui","marklove5102"],"subscribers_count":7,"committers":["web-flow","web-flow","rad9800"],"committers_count":2,"committers_emails":["105589633+rad9800@users.noreply.github.com","105589633+rad9800@users.noreply.github.com","105589633+rad9800@users.noreply.github.com"],"committers_emails_count":1,"authors":["rad9800","rad9800","rad9800"],"authors_count":1,"assignees":["rad9800"],"assignees_count":1}