{"forks_count":1,"forkers":["Frost77A"],"stargazers_count":14,"stargazers":["trippyseshh","viralvaghela","TTP-Xtian","NourElDin023","pranqster","django-88","mark34334","ankitpandey2004","raldblox","ExploitxAN33","blankdots","veershah-sh","santhosh2521","Mrhax0rr"],"watchers_count":14,"watchers":["trippyseshh","viralvaghela","TTP-Xtian","NourElDin023","pranqster","django-88","mark34334","ankitpandey2004","raldblox","ExploitxAN33","blankdots","veershah-sh","santhosh2521","Mrhax0rr"],"contributor_count":1,"contributors":["ExploitxAN33"],"open_pull_request_count":0,"open_pull_requests":[],"label_count":9,"labels":["bug","documentation","duplicate","enhancement","good first issue","help wanted","invalid","question","wontfix"],"subscribers":["ExploitxAN33","mark34334"],"subscribers_count":2,"committers":["web-flow","web-flow","web-flow","web-flow","web-flow","web-flow","web-flow","web-flow","web-flow","web-flow","web-flow","web-flow","web-flow","web-flow","web-flow","web-flow","web-flow","web-flow","web-flow","web-flow","web-flow","web-flow","web-flow","web-flow"],"committers_count":1,"committers_emails":["131572814+ANANTANADAPARA@users.noreply.github.com","131572814+ANANTANADAPARA@users.noreply.github.com","131572814+ANANTANADAPARA@users.noreply.github.com","131572814+ANANTANADAPARA@users.noreply.github.com","131572814+ANANTANADAPARA@users.noreply.github.com","131572814+ANANTANADAPARA@users.noreply.github.com","131572814+ANANTANADAPARA@users.noreply.github.com","131572814+ANANTANADAPARA@users.noreply.github.com","131572814+ANANTANADAPARA@users.noreply.github.com","131572814+ANANTANADAPARA@users.noreply.github.com","131572814+ANANTANADAPARA@users.noreply.github.com","131572814+ANANTANADAPARA@users.noreply.github.com","131572814+ANANTANADAPARA@users.noreply.github.com","131572814+ANANTANADAPARA@users.noreply.github.com","131572814+ANANTANADAPARA@users.noreply.github.com","131572814+ANANTANADAPARA@users.noreply.github.com","131572814+ANANTANADAPARA@users.noreply.github.com","131572814+ANANTANADAPARA@users.noreply.github.com","131572814+ANANTANADAPARA@users.noreply.github.com","131572814+ANANTANADAPARA@users.noreply.github.com","131572814+ANANTANADAPARA@users.noreply.github.com","131572814+ANANTANADAPARA@users.noreply.github.com","131572814+ANANTANADAPARA@users.noreply.github.com","131572814+ANANTANADAPARA@users.noreply.github.com"],"committers_emails_count":1,"authors":["ExploitxAN33","ExploitxAN33","ExploitxAN33","ExploitxAN33","ExploitxAN33","ExploitxAN33","ExploitxAN33","ExploitxAN33","ExploitxAN33","ExploitxAN33","ExploitxAN33","ExploitxAN33","ExploitxAN33","ExploitxAN33","ExploitxAN33","ExploitxAN33","ExploitxAN33","ExploitxAN33","ExploitxAN33","ExploitxAN33","ExploitxAN33","ExploitxAN33","ExploitxAN33","ExploitxAN33"],"authors_count":1,"assignees":["ExploitxAN33"],"assignees_count":1}