{
    "forks_count": 1,
    "forkers": [
        "Frost77A"
    ],
    "stargazers_count": 13,
    "stargazers": [
        "trippyseshh",
        "viralvaghela",
        "NourElDin023",
        "pranqster",
        "django-88",
        "mark34334",
        "ankitpandey2004",
        "raldblox",
        "ANANTANADAPARA",
        "blankdots",
        "veershah-sh",
        "santhosh2521",
        "Mrhax0rr"
    ],
    "watchers_count": 13,
    "watchers": [
        "trippyseshh",
        "viralvaghela",
        "NourElDin023",
        "pranqster",
        "django-88",
        "mark34334",
        "ankitpandey2004",
        "raldblox",
        "ANANTANADAPARA",
        "blankdots",
        "veershah-sh",
        "santhosh2521",
        "Mrhax0rr"
    ],
    "contributor_count": 1,
    "contributors": [
        "ANANTANADAPARA"
    ],
    "open_pull_request_count": 0,
    "open_pull_requests": [],
    "label_count": 9,
    "labels": [
        "bug",
        "documentation",
        "duplicate",
        "enhancement",
        "good first issue",
        "help wanted",
        "invalid",
        "question",
        "wontfix"
    ],
    "subscribers": [
        "ANANTANADAPARA",
        "mark34334"
    ],
    "subscribers_count": 2,
    "committers": [
        "web-flow",
        "web-flow",
        "web-flow",
        "web-flow",
        "web-flow",
        "web-flow",
        "web-flow",
        "web-flow",
        "web-flow",
        "web-flow",
        "web-flow",
        "web-flow",
        "web-flow",
        "web-flow",
        "web-flow",
        "web-flow",
        "web-flow",
        "web-flow",
        "web-flow",
        "web-flow",
        "web-flow",
        "web-flow",
        "web-flow",
        "web-flow"
    ],
    "committers_count": 1,
    "committers_emails": [
        "131572814+ANANTANADAPARA@users.noreply.github.com",
        "131572814+ANANTANADAPARA@users.noreply.github.com",
        "131572814+ANANTANADAPARA@users.noreply.github.com",
        "131572814+ANANTANADAPARA@users.noreply.github.com",
        "131572814+ANANTANADAPARA@users.noreply.github.com",
        "131572814+ANANTANADAPARA@users.noreply.github.com",
        "131572814+ANANTANADAPARA@users.noreply.github.com",
        "131572814+ANANTANADAPARA@users.noreply.github.com",
        "131572814+ANANTANADAPARA@users.noreply.github.com",
        "131572814+ANANTANADAPARA@users.noreply.github.com",
        "131572814+ANANTANADAPARA@users.noreply.github.com",
        "131572814+ANANTANADAPARA@users.noreply.github.com",
        "131572814+ANANTANADAPARA@users.noreply.github.com",
        "131572814+ANANTANADAPARA@users.noreply.github.com",
        "131572814+ANANTANADAPARA@users.noreply.github.com",
        "131572814+ANANTANADAPARA@users.noreply.github.com",
        "131572814+ANANTANADAPARA@users.noreply.github.com",
        "131572814+ANANTANADAPARA@users.noreply.github.com",
        "131572814+ANANTANADAPARA@users.noreply.github.com",
        "131572814+ANANTANADAPARA@users.noreply.github.com",
        "131572814+ANANTANADAPARA@users.noreply.github.com",
        "131572814+ANANTANADAPARA@users.noreply.github.com",
        "131572814+ANANTANADAPARA@users.noreply.github.com",
        "131572814+ANANTANADAPARA@users.noreply.github.com"
    ],
    "committers_emails_count": 1,
    "authors": [
        "ANANTANADAPARA",
        "ANANTANADAPARA",
        "ANANTANADAPARA",
        "ANANTANADAPARA",
        "ANANTANADAPARA",
        "ANANTANADAPARA",
        "ANANTANADAPARA",
        "ANANTANADAPARA",
        "ANANTANADAPARA",
        "ANANTANADAPARA",
        "ANANTANADAPARA",
        "ANANTANADAPARA",
        "ANANTANADAPARA",
        "ANANTANADAPARA",
        "ANANTANADAPARA",
        "ANANTANADAPARA",
        "ANANTANADAPARA",
        "ANANTANADAPARA",
        "ANANTANADAPARA",
        "ANANTANADAPARA",
        "ANANTANADAPARA",
        "ANANTANADAPARA",
        "ANANTANADAPARA",
        "ANANTANADAPARA"
    ],
    "authors_count": 1,
    "assignees": [
        "ANANTANADAPARA"
    ],
    "assignees_count": 1
}