{
    "forks_count": 0,
    "forkers": [],
    "stargazers_count": 6,
    "stargazers": [
        "isPique",
        "TTP-Xtian",
        "MarlinHacker",
        "snow146",
        "Nfttkcauzy",
        "xyasharx"
    ],
    "watchers_count": 6,
    "watchers": [
        "isPique",
        "TTP-Xtian",
        "MarlinHacker",
        "snow146",
        "Nfttkcauzy",
        "xyasharx"
    ],
    "contributor_count": 1,
    "contributors": [
        "isPique"
    ],
    "open_pull_request_count": 0,
    "open_pull_requests": [],
    "label_count": 9,
    "labels": [
        "bug",
        "documentation",
        "duplicate",
        "enhancement",
        "good first issue",
        "help wanted",
        "invalid",
        "question",
        "wontfix"
    ],
    "subscribers": [
        "isPique",
        "ozf"
    ],
    "subscribers_count": 2,
    "committers": [
        "web-flow",
        "web-flow",
        "web-flow",
        "web-flow",
        "web-flow",
        "web-flow",
        "web-flow",
        "web-flow",
        "web-flow",
        "web-flow",
        "web-flow",
        "web-flow",
        "web-flow"
    ],
    "committers_count": 1,
    "committers_emails": [
        "139041426+isPique@users.noreply.github.com",
        "139041426+isPique@users.noreply.github.com",
        "139041426+isPique@users.noreply.github.com",
        "139041426+isPique@users.noreply.github.com",
        "139041426+isPique@users.noreply.github.com",
        "139041426+isPique@users.noreply.github.com",
        "139041426+isPique@users.noreply.github.com",
        "139041426+isPique@users.noreply.github.com",
        "139041426+isPique@users.noreply.github.com",
        "139041426+isPique@users.noreply.github.com",
        "139041426+isPique@users.noreply.github.com",
        "139041426+isPique@users.noreply.github.com",
        "139041426+isPique@users.noreply.github.com"
    ],
    "committers_emails_count": 1,
    "assignees": [
        "isPique"
    ],
    "assignees_count": 1
}