{
    "forks_count": 1,
    "forkers": [
        "a1k-ghaz1"
    ],
    "stargazers_count": 6,
    "stargazers": [
        "TTP-Xtian",
        "TTP-Pau",
        "CalypsoSG",
        "diegslva",
        "dxlerYT",
        "whaletail"
    ],
    "watchers_count": 6,
    "watchers": [
        "TTP-Xtian",
        "TTP-Pau",
        "CalypsoSG",
        "diegslva",
        "dxlerYT",
        "whaletail"
    ],
    "contributor_count": 1,
    "contributors": [
        "AnonKryptiQuz"
    ],
    "open_pull_request_count": 0,
    "open_pull_requests": [],
    "label_count": 9,
    "labels": [
        "bug",
        "documentation",
        "duplicate",
        "enhancement",
        "good first issue",
        "help wanted",
        "invalid",
        "question",
        "wontfix"
    ],
    "subscribers": [
        "AnonKryptiQuz"
    ],
    "subscribers_count": 1,
    "committers": [
        "web-flow",
        "web-flow",
        "web-flow",
        "web-flow",
        "web-flow"
    ],
    "committers_count": 1,
    "committers_emails": [
        "180563491+AnonKryptiQuz@users.noreply.github.com",
        "180563491+AnonKryptiQuz@users.noreply.github.com",
        "180563491+AnonKryptiQuz@users.noreply.github.com",
        "180563491+AnonKryptiQuz@users.noreply.github.com",
        "180563491+AnonKryptiQuz@users.noreply.github.com"
    ],
    "committers_emails_count": 1,
    "assignees": [
        "AnonKryptiQuz"
    ],
    "assignees_count": 1
}