{
    "forks_count": 21,
    "forkers": [
        "eversinc33",
        "fengjixuchui",
        "CuriousCoder123",
        "TH3xACE",
        "VasanthGN",
        "giancarlogerdo",
        "5l1v3r1",
        "leomatias",
        "True-MSP",
        "secdev02",
        "zha0",
        "a7t0fwa7",
        "ASkyeye",
        "a-chernobrov",
        "ongyuann",
        "cmjlove1",
        "emdnaia",
        "dmore",
        "xcalibure2",
        "njahrckstr",
        "mgstate"
    ],
    "stargazers_count": 131,
    "stargazers": [
        "joaoviictorti",
        "yuanxiangyua",
        "mttaggart",
        "ILightThings",
        "d154573r-4v3r73d",
        "mgstate",
        "bewniac",
        "6t2",
        "0xsyr0",
        "Bli5s",
        "shrek3n",
        "Ptkatz",
        "zmkeh",
        "gsmith257-cyber",
        "JimSycurity",
        "syndrowm",
        "RalphDesmangles",
        "demotedcoder",
        "chr0n1k",
        "S3cur3Th1sSh1t",
        "enkianu",
        "FZKiritsugu",
        "cmjlove1",
        "binarytrails",
        "behlulsahin",
        "c2codester",
        "FreeZeroDays",
        "sh4hin",
        "ariary",
        "amirr0r",
        "steepcloud",
        "kaIIsyms",
        "jkerai1",
        "Cyb3r-Monk",
        "S3lrius",
        "caueb",
        "koztkozt",
        "Jec00",
        "Aquilao",
        "invokethreatguy",
        "z1mu",
        "dust-life",
        "spiri-leo",
        "itsallpretend",
        "98Kstar",
        "eversinc33",
        "ongyuann",
        "edermi",
        "pvfOliveira",
        "Iveco",
        "kierangroome",
        "fnpial",
        "VoldeSec",
        "h4ndsh",
        "darmado",
        "ik5",
        "MohamedAzyzChayeb",
        "aancw",
        "yjosephchoi",
        "ScriptIdiot",
        "iofane",
        "wh1tenoise",
        "6661620a",
        "WesSec",
        "CII3ER",
        "petarbojic",
        "wh0amitz",
        "dave5623",
        "rahigeramifar",
        "KeyStrOke95",
        "ceramicskate0",
        "VolkerLieber",
        "SamSepiolProxy",
        "Irate-Walrus",
        "mo0rain",
        "8848sj",
        "evildrummer",
        "famasoon",
        "BGE-faith",
        "InfiniteSuns",
        "Mayter",
        "Darktortue",
        "YSGoh",
        "v1stra",
        "Paradoxis",
        "zha0gongz1",
        "miniwaves",
        "douglasludens",
        "voidburn",
        "Yeeb1",
        "hirak0",
        "c3pain",
        "flyingllama87",
        "Barriuso",
        "C0axx",
        "ManuelAF",
        "D3ic1de",
        "ayaz-z",
        "nclv",
        "tuna1999",
        "rgmz",
        "veshtov",
        "yueyeah",
        "Zab-an",
        "galoryber",
        "slimebala",
        "paran0ids0ul",
        "midist0xf",
        "0xSV1",
        "ZephrFish",
        "pr0b3r7",
        "zer0lightning",
        "tact1c1an",
        "vforvasilis",
        "philomath213",
        "sakthipriyann",
        "ItsNee",
        "Mag1cByt3s",
        "ghettosecurity",
        "vinegrep",
        "troplolBE",
        "PwnPeter",
        "mvelazc0",
        "eladyesh",
        "DrTableBasse",
        "Bs-Sec",
        "voidvxvt",
        "MushR00m",
        "MilleniumSpark",
        "0xDeadcell",
        "KlinKlinKlin"
    ],
    "watchers_count": 131,
    "watchers": [
        "joaoviictorti",
        "yuanxiangyua",
        "mttaggart",
        "ILightThings",
        "d154573r-4v3r73d",
        "mgstate",
        "bewniac",
        "6t2",
        "0xsyr0",
        "Bli5s",
        "shrek3n",
        "Ptkatz",
        "zmkeh",
        "gsmith257-cyber",
        "JimSycurity",
        "syndrowm",
        "RalphDesmangles",
        "demotedcoder",
        "chr0n1k",
        "S3cur3Th1sSh1t",
        "enkianu",
        "FZKiritsugu",
        "cmjlove1",
        "binarytrails",
        "behlulsahin",
        "c2codester",
        "FreeZeroDays",
        "sh4hin",
        "ariary",
        "amirr0r",
        "steepcloud",
        "kaIIsyms",
        "jkerai1",
        "Cyb3r-Monk",
        "S3lrius",
        "caueb",
        "koztkozt",
        "Jec00",
        "Aquilao",
        "invokethreatguy",
        "z1mu",
        "dust-life",
        "spiri-leo",
        "itsallpretend",
        "98Kstar",
        "eversinc33",
        "ongyuann",
        "edermi",
        "pvfOliveira",
        "Iveco",
        "kierangroome",
        "fnpial",
        "VoldeSec",
        "h4ndsh",
        "darmado",
        "ik5",
        "MohamedAzyzChayeb",
        "aancw",
        "yjosephchoi",
        "ScriptIdiot",
        "iofane",
        "wh1tenoise",
        "6661620a",
        "WesSec",
        "CII3ER",
        "petarbojic",
        "wh0amitz",
        "dave5623",
        "rahigeramifar",
        "KeyStrOke95",
        "ceramicskate0",
        "VolkerLieber",
        "SamSepiolProxy",
        "Irate-Walrus",
        "mo0rain",
        "8848sj",
        "evildrummer",
        "famasoon",
        "BGE-faith",
        "InfiniteSuns",
        "Mayter",
        "Darktortue",
        "YSGoh",
        "v1stra",
        "Paradoxis",
        "zha0gongz1",
        "miniwaves",
        "douglasludens",
        "voidburn",
        "Yeeb1",
        "hirak0",
        "c3pain",
        "flyingllama87",
        "Barriuso",
        "C0axx",
        "ManuelAF",
        "D3ic1de",
        "ayaz-z",
        "nclv",
        "tuna1999",
        "rgmz",
        "veshtov",
        "yueyeah",
        "Zab-an",
        "galoryber",
        "slimebala",
        "paran0ids0ul",
        "midist0xf",
        "0xSV1",
        "ZephrFish",
        "pr0b3r7",
        "zer0lightning",
        "tact1c1an",
        "vforvasilis",
        "philomath213",
        "sakthipriyann",
        "ItsNee",
        "Mag1cByt3s",
        "ghettosecurity",
        "vinegrep",
        "troplolBE",
        "PwnPeter",
        "mvelazc0",
        "eladyesh",
        "DrTableBasse",
        "Bs-Sec",
        "voidvxvt",
        "MushR00m",
        "MilleniumSpark",
        "0xDeadcell",
        "KlinKlinKlin"
    ],
    "contributor_count": 1,
    "contributors": [
        "HuskyHacks"
    ],
    "open_pull_request_count": 1,
    "open_pull_requests": [
        "Add ms-teams and olk to knownprocesses"
    ],
    "label_count": 9,
    "labels": [
        "bug",
        "documentation",
        "duplicate",
        "enhancement",
        "good first issue",
        "help wanted",
        "invalid",
        "question",
        "wontfix"
    ],
    "subscribers": [
        "HuskyHacks"
    ],
    "subscribers_count": 1,
    "committers": [
        "HuskyHacks",
        "web-flow",
        "HuskyHacks",
        "web-flow",
        "HuskyHacks",
        "web-flow",
        "web-flow",
        "web-flow",
        "web-flow",
        "web-flow",
        "web-flow",
        "web-flow",
        "web-flow",
        "web-flow",
        "web-flow",
        "HuskyHacks",
        "HuskyHacks"
    ],
    "committers_count": 2,
    "committers_emails": [
        "57866415+HuskyHacks@users.noreply.github.com",
        "57866415+HuskyHacks@users.noreply.github.com",
        "57866415+HuskyHacks@users.noreply.github.com",
        "57866415+HuskyHacks@users.noreply.github.com",
        "57866415+HuskyHacks@users.noreply.github.com",
        "57866415+HuskyHacks@users.noreply.github.com",
        "57866415+HuskyHacks@users.noreply.github.com",
        "57866415+HuskyHacks@users.noreply.github.com",
        "57866415+HuskyHacks@users.noreply.github.com",
        "57866415+HuskyHacks@users.noreply.github.com",
        "57866415+HuskyHacks@users.noreply.github.com",
        "57866415+HuskyHacks@users.noreply.github.com",
        "57866415+HuskyHacks@users.noreply.github.com",
        "57866415+HuskyHacks@users.noreply.github.com",
        "57866415+HuskyHacks@users.noreply.github.com",
        "57866415+HuskyHacks@users.noreply.github.com",
        "57866415+HuskyHacks@users.noreply.github.com"
    ],
    "committers_emails_count": 1,
    "assignees": [
        "HuskyHacks"
    ],
    "assignees_count": 1
}