{
    "forks_count": 7,
    "forkers": [
        "sidneysimas",
        "techris45",
        "tehseensagar",
        "gabyavra",
        "testitok",
        "dmore",
        "emdnaia"
    ],
    "stargazers_count": 76,
    "stargazers": [
        "cmprmsd",
        "th3k3ymak3r",
        "mwnickerson",
        "Antonlovesdnb",
        "Null-bin",
        "theztefan",
        "IOKernel",
        "6t2",
        "lourens-pfister",
        "j0nh4t",
        "KevinInStLouis",
        "zerdnem",
        "hugojcqs",
        "syndrowm",
        "marcoheijkoop",
        "willemdh",
        "swisskyrepo",
        "jkerai1",
        "joshuabergeron",
        "ustayready",
        "zpaav",
        "GitPlaya",
        "tommiionfire",
        "mjsln",
        "schka17",
        "puzzithinker",
        "sh4hin",
        "ianhawes",
        "iccugs",
        "stultitiophobia",
        "Subxpl0it",
        "vovkapoc",
        "We5ter",
        "sodinokibi",
        "Myrkridia",
        "ik5",
        "fnpial",
        "mokeneto",
        "OPortista",
        "gabyavra",
        "prakashar11",
        "Anirban-Sinha",
        "L4r1k",
        "dkadev",
        "MrGuidedVengeance",
        "h4ndsh",
        "hoangbeard",
        "nelly113113",
        "thaxdevil",
        "a7t0fwa7",
        "leandrobarata",
        "HackMogador",
        "Shellgio",
        "ShinobiHanzo",
        "MuscleGeek",
        "publicfacingusername",
        "aadityapurani",
        "dactix",
        "hirak0",
        "C0axx",
        "shadowdevnotreal",
        "nclv",
        "DarkInnocence",
        "UltimaRae",
        "wagonza",
        "blackhatethicalhacking",
        "papanito",
        "BlackNurse",
        "techris45",
        "yueyeah",
        "dh372101",
        "OilyBoHunk",
        "nukezie",
        "frankwiersma",
        "OffensiveBrute",
        "jaboss216"
    ],
    "watchers_count": 76,
    "watchers": [
        "cmprmsd",
        "th3k3ymak3r",
        "mwnickerson",
        "Antonlovesdnb",
        "Null-bin",
        "theztefan",
        "IOKernel",
        "6t2",
        "lourens-pfister",
        "j0nh4t",
        "KevinInStLouis",
        "zerdnem",
        "hugojcqs",
        "syndrowm",
        "marcoheijkoop",
        "willemdh",
        "swisskyrepo",
        "jkerai1",
        "joshuabergeron",
        "ustayready",
        "zpaav",
        "GitPlaya",
        "tommiionfire",
        "mjsln",
        "schka17",
        "puzzithinker",
        "sh4hin",
        "ianhawes",
        "iccugs",
        "stultitiophobia",
        "Subxpl0it",
        "vovkapoc",
        "We5ter",
        "sodinokibi",
        "Myrkridia",
        "ik5",
        "fnpial",
        "mokeneto",
        "OPortista",
        "gabyavra",
        "prakashar11",
        "Anirban-Sinha",
        "L4r1k",
        "dkadev",
        "MrGuidedVengeance",
        "h4ndsh",
        "hoangbeard",
        "nelly113113",
        "thaxdevil",
        "a7t0fwa7",
        "leandrobarata",
        "HackMogador",
        "Shellgio",
        "ShinobiHanzo",
        "MuscleGeek",
        "publicfacingusername",
        "aadityapurani",
        "dactix",
        "hirak0",
        "C0axx",
        "shadowdevnotreal",
        "nclv",
        "DarkInnocence",
        "UltimaRae",
        "wagonza",
        "blackhatethicalhacking",
        "papanito",
        "BlackNurse",
        "techris45",
        "yueyeah",
        "dh372101",
        "OilyBoHunk",
        "nukezie",
        "frankwiersma",
        "OffensiveBrute",
        "jaboss216"
    ],
    "contributor_count": 2,
    "contributors": [
        "0xB455",
        "erjanmx"
    ],
    "open_pull_request_count": 0,
    "open_pull_requests": [],
    "label_count": 9,
    "labels": [
        "bug",
        "documentation",
        "duplicate",
        "enhancement",
        "good first issue",
        "help wanted",
        "invalid",
        "question",
        "wontfix"
    ],
    "subscribers": [
        "0xB455"
    ],
    "subscribers_count": 1,
    "committers": [
        "web-flow",
        "web-flow",
        "erjanmx",
        "web-flow",
        "web-flow",
        "web-flow",
        "web-flow",
        "web-flow",
        "web-flow",
        "web-flow",
        "web-flow",
        "web-flow",
        "web-flow",
        "web-flow",
        "web-flow",
        "web-flow",
        "web-flow",
        "web-flow",
        "web-flow",
        "web-flow",
        "web-flow",
        "web-flow",
        "web-flow"
    ],
    "committers_count": 2,
    "committers_emails": [
        "bass2k@gmx.de",
        "bass2k@gmx.de",
        "erjanmx@gmail.com",
        "bass2k@gmx.de",
        "bass2k@gmx.de",
        "bass2k@gmx.de",
        "bass2k@gmx.de",
        "bass2k@gmx.de",
        "bass2k@gmx.de",
        "bass2k@gmx.de",
        "bass2k@gmx.de",
        "bass2k@gmx.de",
        "bass2k@gmx.de",
        "bass2k@gmx.de",
        "bass2k@gmx.de",
        "bass2k@gmx.de",
        "bass2k@gmx.de",
        "bass2k@gmx.de",
        "bass2k@gmx.de",
        "bass2k@gmx.de",
        "bass2k@gmx.de",
        "bass2k@gmx.de",
        "bass2k@gmx.de"
    ],
    "committers_emails_count": 2,
    "assignees": [
        "0xB455"
    ],
    "assignees_count": 1
}