{"forks_count":12,"forkers":["5ky9uy","ThisIsTFS","cd9e","thomasxm","TempAccountNull","zha0","Kara-4search","hzmslx","FarrimWildaxe","gavz","gmh5225","asdyxcyxc"],"stargazers_count":115,"stargazers":["aweMinchoo","landaire","rtcms","singleghost2","1N1T1A","p4yl0ad","m4drat","Hidoni","mrragava","mrexodia","Acurisu","ergrelet","Sith01","schrodyn","Jaxii","5y5tem5","Hamid-K","meshari10","sferrini","aadityapurani","michaellrowley","peteribi","bbrod","d01a","Mas0nShi","KnoooW","progmboy","AimiP02","luislortega","kos0ng","sventek-s","flatz","L4ys","habib26-14","FarrimWildaxe","nsauzede","the-emmons","boringthegod","odzhan","ancailliau","jisanlong","impost0r","not-matthias","B0y1n4o4","syndrowm","Kara-4search","dust-life","offensivepolitics","famasoon","DoganM95","chryzsh","gabrielchristo","0xBAADC0D3","nsa","kozmer","yeshuibo","kitty-yt","DianaNites","cyberchris3","zhzhdoai","denvera","ROHAN11292","kierangroome","xooxo","eladyesh","dsokoler","hercul3s","Ostoic","ik5","paranoidrookie","frenchi","TempAccountNull","FhoeniX42S","hirak0","pmbureau","seal9055","paran0ids0ul","zyenai","a7t0fwa7","alichtman","dinosn","stultitiophobia","prodigysml","yueyeah","mcdulltii","Y5neKO","zavke","jimdi","hacksysteam","Donovoi","wr3cckl3ss","comalmot","JeffCarpenter","trustiblekyle","aidnzz","pwndorei","joaoviictorti","hugsy","Ethic41","gcleite","hegzploit","forghani77","ufwt","A1-exe","adenkiewicz","rainysoul","0x4b16b2","stevefan1999-personal","KlinKlinKlin","michaellcader","cd9e","ThisIsTFS","culxttes","jevinskie"],"watchers_count":115,"watchers":["aweMinchoo","landaire","rtcms","singleghost2","1N1T1A","p4yl0ad","m4drat","Hidoni","mrragava","mrexodia","Acurisu","ergrelet","Sith01","schrodyn","Jaxii","5y5tem5","Hamid-K","meshari10","sferrini","aadityapurani","michaellrowley","peteribi","bbrod","d01a","Mas0nShi","KnoooW","progmboy","AimiP02","luislortega","kos0ng","sventek-s","flatz","L4ys","habib26-14","FarrimWildaxe","nsauzede","the-emmons","boringthegod","odzhan","ancailliau","jisanlong","impost0r","not-matthias","B0y1n4o4","syndrowm","Kara-4search","dust-life","offensivepolitics","famasoon","DoganM95","chryzsh","gabrielchristo","0xBAADC0D3","nsa","kozmer","yeshuibo","kitty-yt","DianaNites","cyberchris3","zhzhdoai","denvera","ROHAN11292","kierangroome","xooxo","eladyesh","dsokoler","hercul3s","Ostoic","ik5","paranoidrookie","frenchi","TempAccountNull","FhoeniX42S","hirak0","pmbureau","seal9055","paran0ids0ul","zyenai","a7t0fwa7","alichtman","dinosn","stultitiophobia","prodigysml","yueyeah","mcdulltii","Y5neKO","zavke","jimdi","hacksysteam","Donovoi","wr3cckl3ss","comalmot","JeffCarpenter","trustiblekyle","aidnzz","pwndorei","joaoviictorti","hugsy","Ethic41","gcleite","hegzploit","forghani77","ufwt","A1-exe","adenkiewicz","rainysoul","0x4b16b2","stevefan1999-personal","KlinKlinKlin","michaellcader","cd9e","ThisIsTFS","culxttes","jevinskie"],"contributor_count":1,"contributors":["0vercl0k"],"open_pull_request_count":0,"open_pull_requests":[],"label_count":9,"labels":["bug","documentation","duplicate","enhancement","good first issue","help wanted","invalid","question","wontfix"],"subscribers":["0vercl0k","thisguy726","eemailme","jevinskie"],"subscribers_count":4,"committers":["web-flow","web-flow","0vercl0k","0vercl0k","0vercl0k","web-flow"],"committers_count":2,"committers_emails":["1476421+0vercl0k@users.noreply.github.com","1476421+0vercl0k@users.noreply.github.com","1476421+0vercl0k@users.noreply.github.com","1476421+0vercl0k@users.noreply.github.com","1476421+0vercl0k@users.noreply.github.com","1476421+0vercl0k@users.noreply.github.com"],"committers_emails_count":1,"authors":["0vercl0k","0vercl0k","0vercl0k","0vercl0k","0vercl0k","0vercl0k"],"authors_count":1,"assignees":["0vercl0k"],"assignees_count":1}