{"forks_count":28,"forkers":["Nariod","ZankoyDll","innxrmxst","s3c","airlinedev","kepler404","socmap","ez-secops-awn","ronin-dojo","Tourountzis","Starla2u","test1213145","samy4samy","carterjones","imjdl","djayaGit","iNoSec2","0xSojalSec","UzUm4K01","Dmitri131313","gdraperi","dmore","Rapid0nion","latapiat","dkstar11q","f1d094","killvxk","fckoo","ASkyeye","gmh5225","leftp"],"stargazers_count":224,"stargazers":["0day","swtornio","leftp","edermi","HudsonSeiler","OffensiveBrute","gmh5225","tiredofit","mrexodia","AnthonyHerman","ddd75a650fee04c0ce576c877521c6bd","Twizzt3d","luxcupitor","garrettfoster13","expl0itabl3","Kr0ff","Thauza","sh4hin","gh-fml","six2dez","killvxk","piedacoulisse2","fckoo","bannsec","ElNiak","CCob","v-at-gh","ronwai","ice-wzl","lordvins226","matbilodeau","xrkk","latapiat","DummyKitty","yeshuibo","abcheroworld","trilwu","netero1010","TTP-Xtian","findingbugs","xzxxzzzz000","chr0n1k","dunderhay","Sndav","dust-life","Donovoi","nikotidar","mayl8822","cghdev","Acebond","florianamette","d0gkiller87","pz1o","goosvorbook","AlecLangford","shellfarmer","moonflowersl","arsend","J1mX","itwizardo","Anthirian","scareing","cdn415","SO17213","gbaudoin","cybrly","sebastianmoran-mainwp","kokomo123","scraggelz","yrjo","florylsk","5y5tem5","invokethreatguy","Flip41","IlDivinatore01","r4ds3c","Hamid-K","D4v1D23","g-l-m","1N73LL1G3NC3x","imjdl","aratara1337","Ringx3","Jack2","paul-trapani-atx","mcdulltii","derekkddj","DrTableBasse","verydeveloper-byte","ghoulsec","greek0x0","pen4uin","danzek","wisdark","JeremyNGalloway","cmlh","Hexix23","mgeeky","enkiusz","ruppde","wheeeyeyeye","v4resk","D00Movenok","solidbird","sjC5qiX","tracure1337","MarijusBriedis","nadav-ram","shantanu561993","LuskaBol","tdr130","alijnclarke","brd651","masterwishx","hhhaiai","S3lrius","CicadaMikoto","Lz1y","HockeyInJune","ihubanov","st3rven","r3dm4t3","wicusross","blackout314","factoffer66","ad0nis","deblike","a1b2c3jamie","bhardwajAbhi","sete213","pfry","dustyfresh","0xb0de","knelson-lumificyber","jonas52","AkechiShiro","shard77","IlaveniRanjith","Jefferderp","meryantona","choonarine","rtcms","zero77","linkinpark320","xpcmdshell","geralt","d3f0x0","ivan-necheporenko","socmap","Veids","m4lwhere","Zzmc1","safedv","rick-ridgley","ryanbaxendale","FunnyWhaleDev","rickridgley","99red","Saltinbank-SyS","linuslin0","benjaminjonard","0xB16D4ddy","nsk","Darkham42","janroudaut","milldwagydawg","gnomegl","zimnyaa","acherifi","FreeZeroDays","hphuhtin","kaIIsyms","r4ulcl","Ghost53574","newsoft","phetidpz","mwnickerson","AlexTheGeek","alexblom102","captain686","kepler404","tiaras12","nclv","mssky9527","int3hh","hastalamuerte","Taius","Allevon412","k3vg3n","Digisilient","airlinedev","Kiem2Aew","najashark","inspiringz","JBalanza","exil-security","Cerbersec","innxrmxst","LsvanDarko","onecloudemoji","cbyt3","Snowden-AQ","haraldaarz","jpthew","HyggeHacker","ghecko","Cristian23PC","An0nUD4Y","maximum-black","devil666face","m00nbyt3","abodyt","linzpoppp","aels","tact1c1an","webforeman","ZephrFish","b4sm","x3rz","leonjza","voidvxvt","blake774D","OceanSec","forestfoxx"],"watchers_count":224,"watchers":["0day","swtornio","leftp","edermi","HudsonSeiler","OffensiveBrute","gmh5225","tiredofit","mrexodia","AnthonyHerman","ddd75a650fee04c0ce576c877521c6bd","Twizzt3d","luxcupitor","garrettfoster13","expl0itabl3","Kr0ff","Thauza","sh4hin","gh-fml","six2dez","killvxk","piedacoulisse2","fckoo","bannsec","ElNiak","CCob","v-at-gh","ronwai","ice-wzl","lordvins226","matbilodeau","xrkk","latapiat","DummyKitty","yeshuibo","abcheroworld","trilwu","netero1010","TTP-Xtian","findingbugs","xzxxzzzz000","chr0n1k","dunderhay","Sndav","dust-life","Donovoi","nikotidar","mayl8822","cghdev","Acebond","florianamette","d0gkiller87","pz1o","goosvorbook","AlecLangford","shellfarmer","moonflowersl","arsend","J1mX","itwizardo","Anthirian","scareing","cdn415","SO17213","gbaudoin","cybrly","sebastianmoran-mainwp","kokomo123","scraggelz","yrjo","florylsk","5y5tem5","invokethreatguy","Flip41","IlDivinatore01","r4ds3c","Hamid-K","D4v1D23","g-l-m","1N73LL1G3NC3x","imjdl","aratara1337","Ringx3","Jack2","paul-trapani-atx","mcdulltii","derekkddj","DrTableBasse","verydeveloper-byte","ghoulsec","greek0x0","pen4uin","danzek","wisdark","JeremyNGalloway","cmlh","Hexix23","mgeeky","enkiusz","ruppde","wheeeyeyeye","v4resk","D00Movenok","solidbird","sjC5qiX","tracure1337","MarijusBriedis","nadav-ram","shantanu561993","LuskaBol","tdr130","alijnclarke","brd651","masterwishx","hhhaiai","S3lrius","CicadaMikoto","Lz1y","HockeyInJune","ihubanov","st3rven","r3dm4t3","wicusross","blackout314","factoffer66","ad0nis","deblike","a1b2c3jamie","bhardwajAbhi","sete213","pfry","dustyfresh","0xb0de","knelson-lumificyber","jonas52","AkechiShiro","shard77","IlaveniRanjith","Jefferderp","meryantona","choonarine","rtcms","zero77","linkinpark320","xpcmdshell","geralt","d3f0x0","ivan-necheporenko","socmap","Veids","m4lwhere","Zzmc1","safedv","rick-ridgley","ryanbaxendale","FunnyWhaleDev","rickridgley","99red","Saltinbank-SyS","linuslin0","benjaminjonard","0xB16D4ddy","nsk","Darkham42","janroudaut","milldwagydawg","gnomegl","zimnyaa","acherifi","FreeZeroDays","hphuhtin","kaIIsyms","r4ulcl","Ghost53574","newsoft","phetidpz","mwnickerson","AlexTheGeek","alexblom102","captain686","kepler404","tiaras12","nclv","mssky9527","int3hh","hastalamuerte","Taius","Allevon412","k3vg3n","Digisilient","airlinedev","Kiem2Aew","najashark","inspiringz","JBalanza","exil-security","Cerbersec","innxrmxst","LsvanDarko","onecloudemoji","cbyt3","Snowden-AQ","haraldaarz","jpthew","HyggeHacker","ghecko","Cristian23PC","An0nUD4Y","maximum-black","devil666face","m00nbyt3","abodyt","linzpoppp","aels","tact1c1an","webforeman","ZephrFish","b4sm","x3rz","leonjza","voidvxvt","blake774D","OceanSec","forestfoxx"],"contributor_count":1,"contributors":["rxwx"],"open_pull_request_count":2,"open_pull_requests":["Allow commands other than cmd.exe and clean up after ourselves.","Update msi_downloader.py"],"label_count":9,"labels":["bug","documentation","duplicate","enhancement","good first issue","help wanted","invalid","question","wontfix"],"subscribers":["rikosintie","brseil","hhhaiai","Neustradamus"],"subscribers_count":4,"committers":["rxwx","rxwx","rxwx","rxwx","web-flow","web-flow","rxwx"],"committers_count":2,"committers_emails":["2202542+rxwx@users.noreply.github.com","2202542+rxwx@users.noreply.github.com","2202542+rxwx@users.noreply.github.com","2202542+rxwx@users.noreply.github.com","2202542+rxwx@users.noreply.github.com","2202542+rxwx@users.noreply.github.com","2202542+rxwx@users.noreply.github.com"],"committers_emails_count":1,"authors":["rxwx","rxwx","rxwx","rxwx","rxwx","rxwx","rxwx"],"authors_count":1,"assignees":["rxwx"],"assignees_count":1}