{
    "forks_count": 4,
    "forkers": [
        "ptomika",
        "ScriptIdiot",
        "samy4samy",
        "cvlabsio"
    ],
    "stargazers_count": 64,
    "stargazers": [
        "FilipposM",
        "yrjo",
        "litsnarf",
        "p4yl0ad",
        "SV-ZeroOne",
        "chvancooten",
        "tact1c1an",
        "S3cur3Th1sSh1t",
        "RamadhanAmizudin",
        "S3lrius",
        "natesubra",
        "stevesec",
        "lap1nou",
        "endymi",
        "clod81",
        "Th3Tr1ckst3r",
        "gsmith257-cyber",
        "armag3dd0n",
        "zimnyaa",
        "l4rm4nd",
        "mochaaP",
        "q-a-z",
        "FlyingPhish",
        "moonflowersl",
        "Atsika",
        "boh",
        "vforvasilis",
        "frankwiersma",
        "gh-fml",
        "L1nkd34d",
        "yamakadi",
        "st3rven",
        "kernel-sanders",
        "hugojcqs",
        "Taius",
        "yurigbur",
        "mikeman",
        "fhlip0",
        "askme765cs",
        "healtheedom",
        "CaracalCode",
        "TH3xACE",
        "dustyfresh",
        "lowSoA",
        "gerimisc",
        "unililium",
        "Anthirian",
        "nclv",
        "bosh82",
        "j0nh4t",
        "shantanu561993",
        "WesleyWong420",
        "ma1ware07",
        "Dreyvor",
        "SamSepiolProxy",
        "AlpineAlgorithm",
        "rmusser01",
        "chr0n1k",
        "hirak0",
        "theGuildHall",
        "wh1tenoise",
        "phefley",
        "bryancowan",
        "kapiushion"
    ],
    "watchers_count": 64,
    "watchers": [
        "FilipposM",
        "yrjo",
        "litsnarf",
        "p4yl0ad",
        "SV-ZeroOne",
        "chvancooten",
        "tact1c1an",
        "S3cur3Th1sSh1t",
        "RamadhanAmizudin",
        "S3lrius",
        "natesubra",
        "stevesec",
        "lap1nou",
        "endymi",
        "clod81",
        "Th3Tr1ckst3r",
        "gsmith257-cyber",
        "armag3dd0n",
        "zimnyaa",
        "l4rm4nd",
        "mochaaP",
        "q-a-z",
        "FlyingPhish",
        "moonflowersl",
        "Atsika",
        "boh",
        "vforvasilis",
        "frankwiersma",
        "gh-fml",
        "L1nkd34d",
        "yamakadi",
        "st3rven",
        "kernel-sanders",
        "hugojcqs",
        "Taius",
        "yurigbur",
        "mikeman",
        "fhlip0",
        "askme765cs",
        "healtheedom",
        "CaracalCode",
        "TH3xACE",
        "dustyfresh",
        "lowSoA",
        "gerimisc",
        "unililium",
        "Anthirian",
        "nclv",
        "bosh82",
        "j0nh4t",
        "shantanu561993",
        "WesleyWong420",
        "ma1ware07",
        "Dreyvor",
        "SamSepiolProxy",
        "AlpineAlgorithm",
        "rmusser01",
        "chr0n1k",
        "hirak0",
        "theGuildHall",
        "wh1tenoise",
        "phefley",
        "bryancowan",
        "kapiushion"
    ],
    "contributor_count": 1,
    "contributors": [
        "Flangvik"
    ],
    "open_pull_request_count": 0,
    "open_pull_requests": [],
    "label_count": 9,
    "labels": [
        "bug",
        "documentation",
        "duplicate",
        "enhancement",
        "good first issue",
        "help wanted",
        "invalid",
        "question",
        "wontfix"
    ],
    "subscribers": [
        "Flangvik"
    ],
    "subscribers_count": 1,
    "committers": [
        "Flangvik",
        "Flangvik",
        "Flangvik",
        "Flangvik",
        "Flangvik",
        "Flangvik",
        "Flangvik",
        "Flangvik",
        "Flangvik",
        "web-flow"
    ],
    "committers_count": 2,
    "committers_emails": [
        "skiddie@tutanota.com",
        "skiddie@tutanota.com",
        "skiddie@tutanota.com",
        "skiddie@tutanota.com",
        "skiddie@tutanota.com",
        "skiddie@tutanota.com",
        "skiddie@tutanota.com",
        "skiddie@tutanota.com",
        "skiddie@tutanota.com",
        "skiddie@tutanota.com"
    ],
    "committers_emails_count": 1,
    "assignees": [
        "Flangvik"
    ],
    "assignees_count": 1
}