{
    "forks_count": 0,
    "forkers": [],
    "stargazers_count": 9,
    "stargazers": [
        "EvilBytecode",
        "BenjiTrapp",
        "TTP-Xtian",
        "TaxMachine",
        "sh4hin",
        "xzxxzzzz000",
        "kehoecj",
        "assarbad",
        "Nobody986"
    ],
    "watchers_count": 9,
    "watchers": [
        "EvilBytecode",
        "BenjiTrapp",
        "TTP-Xtian",
        "TaxMachine",
        "sh4hin",
        "xzxxzzzz000",
        "kehoecj",
        "assarbad",
        "Nobody986"
    ],
    "contributor_count": 1,
    "contributors": [
        "EvilBytecode"
    ],
    "open_pull_request_count": 0,
    "open_pull_requests": [],
    "label_count": 9,
    "labels": [
        "bug",
        "documentation",
        "duplicate",
        "enhancement",
        "good first issue",
        "help wanted",
        "invalid",
        "question",
        "wontfix"
    ],
    "subscribers": [
        "EvilBytecode"
    ],
    "subscribers_count": 1,
    "committers": [
        "web-flow",
        "web-flow",
        "web-flow",
        "web-flow",
        "web-flow"
    ],
    "committers_count": 1,
    "committers_emails": [
        "151552809+EvilBytecode@users.noreply.github.com",
        "151552809+EvilBytecode@users.noreply.github.com",
        "151552809+EvilBytecode@users.noreply.github.com",
        "151552809+EvilBytecode@users.noreply.github.com",
        "151552809+EvilBytecode@users.noreply.github.com"
    ],
    "committers_emails_count": 1,
    "assignees": [
        "EvilBytecode"
    ],
    "assignees_count": 1
}