{
    "forks_count": 19,
    "forkers": [
        "xsnizer",
        "lsr00ter",
        "tralivali1234",
        "breachlabs-org",
        "AssassinUKG",
        "primody",
        "fadinglr",
        "alirezaroshandell",
        "gavz",
        "F11st",
        "testitok",
        "Sec-Fork",
        "H1d3r",
        "zha0",
        "apkc",
        "ASkyeye",
        "killvxk",
        "pwnf",
        "sunnyneo"
    ],
    "stargazers_count": 158,
    "stargazers": [
        "Dump-GUY",
        "FZKiritsugu",
        "exord66",
        "jessica0f0116",
        "RalphDesmangles",
        "neomafo88",
        "sunnyneo",
        "vforvasilis",
        "Yeah9782",
        "xrkk",
        "pracsec",
        "pwnf",
        "0xsyr0",
        "moonflowersl",
        "cyberust",
        "fnpial",
        "habib26-14",
        "Hello-xBugs",
        "nek0y4nsu",
        "ik5",
        "killvxk",
        "lusunx",
        "BlackSnufkin",
        "dkadev",
        "wsummerhill",
        "pvfOliveira",
        "alitonia",
        "luxcupitor",
        "cghdev",
        "1027565",
        "V1rtu0l",
        "Ptkatz",
        "Yeeb1",
        "gelven4sec",
        "boringthegod",
        "ll11l1lIllIl1lll",
        "DianaNeumann",
        "cmjlove1",
        "BlaiseOfGlory",
        "sh1xo",
        "shrek3n",
        "natesubra",
        "a7t0fwa7",
        "Lifka",
        "naksyn",
        "michaellcader",
        "factoffer66",
        "hirak0",
        "byt3bl33d3r",
        "nclv",
        "6t2",
        "Kr0ff",
        "S3lrius",
        "0xZDH",
        "kaIIsyms",
        "cl4ym0re",
        "FreeZeroDays",
        "zhzyker",
        "Tripse",
        "gymR4T",
        "Echocipher",
        "jmarie911",
        "megaparsec314",
        "dust-life",
        "itaymigdal",
        "edermi",
        "theLSA",
        "winezer0",
        "loecho-sec",
        "Mayter",
        "ThunderCls",
        "yeshuibo",
        "n0n5m1l3",
        "naliferopoulos",
        "FilipposM",
        "swieja",
        "snovvcrash",
        "boh",
        "alpaca121",
        "XiaoliChan",
        "hl0rey",
        "steepcloud",
        "test-for-play",
        "m4lv0id",
        "zhaowufu",
        "rotarydrone",
        "helo86",
        "alirezaroshandell",
        "Krishna15666",
        "0xDECEA5ED",
        "yamakadi",
        "assarbad",
        "S3cur3Th1sSh1t",
        "ar0x4",
        "invokethreatguy",
        "KyleEvers",
        "xzxxzzzz000",
        "fadinglr",
        "InfiniteSuns",
        "shantanu561993",
        "kozmer",
        "epichoxha",
        "Tx0actical",
        "gladiatx0r",
        "Taius",
        "sheepdog0x3e",
        "Indianx41",
        "swamilax",
        "bridge-four",
        "ro0kie3",
        "VeryDampTowel",
        "rootisareservedword",
        "veor",
        "Zab-an",
        "Ap3x",
        "RCStep",
        "anonyance",
        "sgf",
        "kapiushion",
        "frereit",
        "killeven",
        "zhourong245",
        "gongtaoo",
        "TheWover",
        "Triscuit2311",
        "Saltinbank-SyS",
        "niaojin",
        "Gary-yang1",
        "m3rcer",
        "daschr",
        "jimiLOL",
        "aleenzz",
        "GuoKerS",
        "AssassinUKG",
        "daSk1d",
        "Lz1y",
        "T1cT4cT0",
        "lowSoA",
        "Vith0r",
        "Bazaid",
        "roguepacket",
        "kernel-sanders",
        "PwnDexter",
        "fgsec",
        "kpa1on",
        "geninidi15",
        "jannlemm0913",
        "FatCyclone",
        "xenloops",
        "AVISIX",
        "ChervonaKomanda",
        "alejandropts1",
        "cxm437",
        "malcomvetter",
        "kcufId",
        "skyleronken",
        "fiercebrute",
        "fuzzlove"
    ],
    "watchers_count": 158,
    "watchers": [
        "Dump-GUY",
        "FZKiritsugu",
        "exord66",
        "jessica0f0116",
        "RalphDesmangles",
        "neomafo88",
        "sunnyneo",
        "vforvasilis",
        "Yeah9782",
        "xrkk",
        "pracsec",
        "pwnf",
        "0xsyr0",
        "moonflowersl",
        "cyberust",
        "fnpial",
        "habib26-14",
        "Hello-xBugs",
        "nek0y4nsu",
        "ik5",
        "killvxk",
        "lusunx",
        "BlackSnufkin",
        "dkadev",
        "wsummerhill",
        "pvfOliveira",
        "alitonia",
        "luxcupitor",
        "cghdev",
        "1027565",
        "V1rtu0l",
        "Ptkatz",
        "Yeeb1",
        "gelven4sec",
        "boringthegod",
        "ll11l1lIllIl1lll",
        "DianaNeumann",
        "cmjlove1",
        "BlaiseOfGlory",
        "sh1xo",
        "shrek3n",
        "natesubra",
        "a7t0fwa7",
        "Lifka",
        "naksyn",
        "michaellcader",
        "factoffer66",
        "hirak0",
        "byt3bl33d3r",
        "nclv",
        "6t2",
        "Kr0ff",
        "S3lrius",
        "0xZDH",
        "kaIIsyms",
        "cl4ym0re",
        "FreeZeroDays",
        "zhzyker",
        "Tripse",
        "gymR4T",
        "Echocipher",
        "jmarie911",
        "megaparsec314",
        "dust-life",
        "itaymigdal",
        "edermi",
        "theLSA",
        "winezer0",
        "loecho-sec",
        "Mayter",
        "ThunderCls",
        "yeshuibo",
        "n0n5m1l3",
        "naliferopoulos",
        "FilipposM",
        "swieja",
        "snovvcrash",
        "boh",
        "alpaca121",
        "XiaoliChan",
        "hl0rey",
        "steepcloud",
        "test-for-play",
        "m4lv0id",
        "zhaowufu",
        "rotarydrone",
        "helo86",
        "alirezaroshandell",
        "Krishna15666",
        "0xDECEA5ED",
        "yamakadi",
        "assarbad",
        "S3cur3Th1sSh1t",
        "ar0x4",
        "invokethreatguy",
        "KyleEvers",
        "xzxxzzzz000",
        "fadinglr",
        "InfiniteSuns",
        "shantanu561993",
        "kozmer",
        "epichoxha",
        "Tx0actical",
        "gladiatx0r",
        "Taius",
        "sheepdog0x3e",
        "Indianx41",
        "swamilax",
        "bridge-four",
        "ro0kie3",
        "VeryDampTowel",
        "rootisareservedword",
        "veor",
        "Zab-an",
        "Ap3x",
        "RCStep",
        "anonyance",
        "sgf",
        "kapiushion",
        "frereit",
        "killeven",
        "zhourong245",
        "gongtaoo",
        "TheWover",
        "Triscuit2311",
        "Saltinbank-SyS",
        "niaojin",
        "Gary-yang1",
        "m3rcer",
        "daschr",
        "jimiLOL",
        "aleenzz",
        "GuoKerS",
        "AssassinUKG",
        "daSk1d",
        "Lz1y",
        "T1cT4cT0",
        "lowSoA",
        "Vith0r",
        "Bazaid",
        "roguepacket",
        "kernel-sanders",
        "PwnDexter",
        "fgsec",
        "kpa1on",
        "geninidi15",
        "jannlemm0913",
        "FatCyclone",
        "xenloops",
        "AVISIX",
        "ChervonaKomanda",
        "alejandropts1",
        "cxm437",
        "malcomvetter",
        "kcufId",
        "skyleronken",
        "fiercebrute",
        "fuzzlove"
    ],
    "contributor_count": 1,
    "contributors": [
        "ipSlav"
    ],
    "open_pull_request_count": 0,
    "open_pull_requests": [],
    "label_count": 9,
    "labels": [
        "bug",
        "documentation",
        "duplicate",
        "enhancement",
        "good first issue",
        "help wanted",
        "invalid",
        "question",
        "wontfix"
    ],
    "subscribers": [
        "ipSlav",
        "b0n60"
    ],
    "subscribers_count": 2,
    "committers": [
        "web-flow",
        "web-flow",
        "web-flow",
        "web-flow",
        "web-flow",
        "web-flow",
        "web-flow",
        "web-flow",
        "web-flow",
        "web-flow",
        "web-flow",
        "ipSlav",
        "ipSlav"
    ],
    "committers_count": 2,
    "committers_emails": [
        "63005335+ipSlav@users.noreply.github.com",
        "63005335+ipSlav@users.noreply.github.com",
        "63005335+ipSlav@users.noreply.github.com",
        "63005335+ipSlav@users.noreply.github.com",
        "63005335+ipSlav@users.noreply.github.com",
        "63005335+ipSlav@users.noreply.github.com",
        "63005335+ipSlav@users.noreply.github.com",
        "63005335+ipSlav@users.noreply.github.com",
        "63005335+ipSlav@users.noreply.github.com",
        "63005335+ipSlav@users.noreply.github.com",
        "63005335+ipSlav@users.noreply.github.com",
        "petar.pranic@shielder.it",
        "petar.pranic@shielder.it"
    ],
    "committers_emails_count": 2,
    "assignees": [
        "ipSlav"
    ],
    "assignees_count": 1
}