{"forks_count":44,"forkers":["zNova1337","fengjixuchui","hzmslx","greytheta","liskcanada1","marklove5102","codingman","Sts0mrg0","dingi3","r00t7oo2jm","zha0","k4mu5","koushui","nhanledinh","megavillain","Equleus","H4xl0r","rnast","vhdtogo","Solotov","cossinadevil2k","Marx-wrld","umbrocker","NothingLQH","ld1856","fckoo","killvxk","aaaddress1","p3tr0","iamasbcx","ASkyeye","gmh5225","Laster-dev","m4rm0k","Rentr02","Sec-Fork","ZephrFish","Empty2081","c0de-sin","emdnaia","a7t0fwa7","gavz","non7043"],"stargazers_count":319,"stargazers":["ItsPi3141","jimdi","tais9","adanto","CyberHues","theguly","gr00T0x","c3pain","alqadro101","ShinobiHanzo","fullspectrumdev","pwnmeow","Margaruga","vrd07","AssassinUKG","Xtraverageoperator","bigdiesel452","itaymigdal","veath1","hookech0","wisdark","gn0st1c","Bishopf7","Ox6e3062306479","flegall100","mostdcoa","kpa1on","Sugyan99","Casp3r-0","ik5","MadHatterENV","Snowden-AQ","OffensiveBrute","fnpial","rocko699","YUUMAKOMORI","a7t0fwa7","8l1NKY","MrGuidedVengeance","akamimuraf","Hacshar","TinDang97","1rm","shiyihua","obananazo","ygytroll","filipposmastro","reveng007","pard0p","0Days1","GitPlaya","izdiwho","aancw","SecTheBit","nclv","Psyhackological","ineesdv","Empty2081","BorjaMerino","lowSoA","sp1d3rb0y","TTP-Xtian","ZephrFish","Vith0r","healtheedom","pr0b3r7","user23333","zwned","davehardy20","gsmith257-cyber","clod81","xl00t","xcxmiku","zhzyker","aw220","Rentr02","r4mos","arsium","Amazingfitx","LaRancion","nadav-ram","Outr1ggr","NOOB2868","fadinglr","Dharani-sanjaiy","HELL-l","akashocx17","VilariStorms","ishan-marikar","ElNiak","habib26-14","odzhan","SpaceDudem","dust-life","aaaddress1","mrfearless","Eggn886","3lp4tr0n","eladyesh","blahajr","Dax89","Lifka","zwanski2019","cb0y","cmjlove1","tingtho","zmkeh","TheGreatestGgoat","sh1xo","Hello-xBugs","Kr0ff","yanghaoi","factoffer66","koreancoco","MinAungLe","Miscf","marskzj","Starssgo","zerdnem","famasoon","sirrushoo","m3rcer","ShallowDream888","0xbad53c","xrkk","P4nD3m1CB0Y0xD","solfer","Sukooo","p0x","bufferbandit","mad-cat-lon","d0gman","gam4er","6661620a","kernel-sanders","Subxpl0it","beerandgin","SolomonSklash","0x25bit","moonflowersl","d3adzo","XD3an","dom-lgtm","neomafo88","AshLQ","Taius","naksyn","nonnil","hulto","killvxk","byt3bl33d3r","paranoidrookie","vxshellew","zeze-zeze","oldkingcone","p4yl0ad","BenjiTrapp","fckoo","antiwar3","chengtaowan","ld1856","gamous","jeremylaratro","sjC5qiX","XAGU","owensan","LsvanDarko","steepcloud","nsprd","Allenboyliu","R1ddles","bestrocker221","spumon1","fhlip0","v1stra","mydvdf","canc3s","Cloutain","330938192","Zxc123456zxc","1njected","0r3ak","sere574","kukoku134","assarbad","chutuananh2k","cossinadevil2k","honorxux","Solotov","jasonjasper","caueb","kc0sm0s","rnast","nyxgeek","fuzzlove","Exido-Rio","yeshuibo","aleenzz","behneyh","evilashz","HadesW","HudsonSeiler","JeremyNGalloway","chengjianshia","VmwarePro","Ashupup","h0li3","yueyeah","mayl8822","snovvcrash","ProALiOnLine","Pengrey","gitdurandal","sh4hin","an0x03e8","zaneGittins","bambooqj","cdn415","evanesoteric","wheeeyeyeye","Uimyosmjr","endymi","chryzsh","abcheroworld","Pei4AN","Sparky1000101","nannanshen","RalphDesmangles","armysick","lapolis","ToshiroAkihabara","kocurc","ahmed-hany94","bridge-four","4l3x777","startagain2016","hawkfeather","zhengyuwu","natesubra","90819081y","MohitDabas","mgeeky","Th3Tr1ckst3r","nitre","Papoutinno","soffensive","clicknaut","sinllaves","k0mraid3","rumbletomb","hirak0","daSk1d","lqqqc","volkanaktas","discochuck","paran0ids0ul","senabuse","IOKernel","MoonBirdLin","NoobCat2000","Phatch1","fateyan","nocturnalny","hljdqwxq","LatentPirate","verydeveloper-byte","EricoPawn","BlackNurse","ev0x","niksavc","shreethaar","shellascott","kekaroi","Gzkbushin","iojymbo","kapiushion","frereit","blackhat-t","puppycodes","Mrhax0rr","manishavalecha","cyberdragon8","vforvasilis","aionman","The-Viper-One","KlinKlinKlin","0x06060606","marklove5102","nimaarek","polans","davidcralph","Wessel","P3wc0","EmilioHulbert","0x721658","joshl1221","PospelovDaniil","catalyst2001","KaikiFather","GillesSchippers","RimySSS","3r4y","hzmslx","EclipseX270","linzpoppp","Esflanagin","intergalacticalvariable","paddy41601","Nordgaren","voidvxvt","isnt-one","cammclain","cbyt3","InvincibleLittlePineapple","RyanCh01","just4anut","hyperware1337","hypnosophy","urawzrd"],"watchers_count":319,"watchers":["ItsPi3141","jimdi","tais9","adanto","CyberHues","theguly","gr00T0x","c3pain","alqadro101","ShinobiHanzo","fullspectrumdev","pwnmeow","Margaruga","vrd07","AssassinUKG","Xtraverageoperator","bigdiesel452","itaymigdal","veath1","hookech0","wisdark","gn0st1c","Bishopf7","Ox6e3062306479","flegall100","mostdcoa","kpa1on","Sugyan99","Casp3r-0","ik5","MadHatterENV","Snowden-AQ","OffensiveBrute","fnpial","rocko699","YUUMAKOMORI","a7t0fwa7","8l1NKY","MrGuidedVengeance","akamimuraf","Hacshar","TinDang97","1rm","shiyihua","obananazo","ygytroll","filipposmastro","reveng007","pard0p","0Days1","GitPlaya","izdiwho","aancw","SecTheBit","nclv","Psyhackological","ineesdv","Empty2081","BorjaMerino","lowSoA","sp1d3rb0y","TTP-Xtian","ZephrFish","Vith0r","healtheedom","pr0b3r7","user23333","zwned","davehardy20","gsmith257-cyber","clod81","xl00t","xcxmiku","zhzyker","aw220","Rentr02","r4mos","arsium","Amazingfitx","LaRancion","nadav-ram","Outr1ggr","NOOB2868","fadinglr","Dharani-sanjaiy","HELL-l","akashocx17","VilariStorms","ishan-marikar","ElNiak","habib26-14","odzhan","SpaceDudem","dust-life","aaaddress1","mrfearless","Eggn886","3lp4tr0n","eladyesh","blahajr","Dax89","Lifka","zwanski2019","cb0y","cmjlove1","tingtho","zmkeh","TheGreatestGgoat","sh1xo","Hello-xBugs","Kr0ff","yanghaoi","factoffer66","koreancoco","MinAungLe","Miscf","marskzj","Starssgo","zerdnem","famasoon","sirrushoo","m3rcer","ShallowDream888","0xbad53c","xrkk","P4nD3m1CB0Y0xD","solfer","Sukooo","p0x","bufferbandit","mad-cat-lon","d0gman","gam4er","6661620a","kernel-sanders","Subxpl0it","beerandgin","SolomonSklash","0x25bit","moonflowersl","d3adzo","XD3an","dom-lgtm","neomafo88","AshLQ","Taius","naksyn","nonnil","hulto","killvxk","byt3bl33d3r","paranoidrookie","vxshellew","zeze-zeze","oldkingcone","p4yl0ad","BenjiTrapp","fckoo","antiwar3","chengtaowan","ld1856","gamous","jeremylaratro","sjC5qiX","XAGU","owensan","LsvanDarko","steepcloud","nsprd","Allenboyliu","R1ddles","bestrocker221","spumon1","fhlip0","v1stra","mydvdf","canc3s","Cloutain","330938192","Zxc123456zxc","1njected","0r3ak","sere574","kukoku134","assarbad","chutuananh2k","cossinadevil2k","honorxux","Solotov","jasonjasper","caueb","kc0sm0s","rnast","nyxgeek","fuzzlove","Exido-Rio","yeshuibo","aleenzz","behneyh","evilashz","HadesW","HudsonSeiler","JeremyNGalloway","chengjianshia","VmwarePro","Ashupup","h0li3","yueyeah","mayl8822","snovvcrash","ProALiOnLine","Pengrey","gitdurandal","sh4hin","an0x03e8","zaneGittins","bambooqj","cdn415","evanesoteric","wheeeyeyeye","Uimyosmjr","endymi","chryzsh","abcheroworld","Pei4AN","Sparky1000101","nannanshen","RalphDesmangles","armysick","lapolis","ToshiroAkihabara","kocurc","ahmed-hany94","bridge-four","4l3x777","startagain2016","hawkfeather","zhengyuwu","natesubra","90819081y","MohitDabas","mgeeky","Th3Tr1ckst3r","nitre","Papoutinno","soffensive","clicknaut","sinllaves","k0mraid3","rumbletomb","hirak0","daSk1d","lqqqc","volkanaktas","discochuck","paran0ids0ul","senabuse","IOKernel","MoonBirdLin","NoobCat2000","Phatch1","fateyan","nocturnalny","hljdqwxq","LatentPirate","verydeveloper-byte","EricoPawn","BlackNurse","ev0x","niksavc","shreethaar","shellascott","kekaroi","Gzkbushin","iojymbo","kapiushion","frereit","blackhat-t","puppycodes","Mrhax0rr","manishavalecha","cyberdragon8","vforvasilis","aionman","The-Viper-One","KlinKlinKlin","0x06060606","marklove5102","nimaarek","polans","davidcralph","Wessel","P3wc0","EmilioHulbert","0x721658","joshl1221","PospelovDaniil","catalyst2001","KaikiFather","GillesSchippers","RimySSS","3r4y","hzmslx","EclipseX270","linzpoppp","Esflanagin","intergalacticalvariable","paddy41601","Nordgaren","voidvxvt","isnt-one","cammclain","cbyt3","InvincibleLittlePineapple","RyanCh01","just4anut","hyperware1337","hypnosophy","urawzrd"],"contributor_count":0,"contributors":[],"open_pull_request_count":0,"open_pull_requests":[],"label_count":9,"labels":["bug","documentation","duplicate","enhancement","good first issue","help wanted","invalid","question","wontfix"],"subscribers":["d456h","simasj","H1ghl4nd3rs","marklove5102","fengjixuchui"],"subscribers_count":5,"committers":[],"committers_count":0,"committers_emails":[""],"committers_emails_count":1,"authors":[],"authors_count":0,"assignees":["d456h"],"assignees_count":1}