{
    "forks_count": 11,
    "forkers": [
        "gmh5225",
        "v4nyl",
        "Burpbounty",
        "Kr0ff",
        "testitok",
        "gavz",
        "ASkyeye",
        "peterpavles",
        "killvxk",
        "y11en",
        "V1rtu0l",
        "emdnaia"
    ],
    "stargazers_count": 93,
    "stargazers": [
        "Idov31",
        "djnnvx",
        "6661620a",
        "rmusser01",
        "cyberchris3",
        "kozmer",
        "FreeZeroDays",
        "netspooky",
        "moonflowersl",
        "V1rtu0l",
        "shpark",
        "hulto",
        "y11en",
        "Iamgublin",
        "scareing",
        "sh1xo",
        "askme765cs",
        "gsmith257-cyber",
        "reveng007",
        "aleenzz",
        "killvxk",
        "muhiminulhasan",
        "yunginnanet",
        "zbrdge",
        "itaymigdal",
        "steev",
        "mav8557",
        "nek0y4nsu",
        "aweMinchoo",
        "kepler404",
        "fantasy0x1",
        "BorjaMerino",
        "zmkeh",
        "eversinc33",
        "habib26-14",
        "pvfOliveira",
        "edermi",
        "HudsonSeiler",
        "hudjefa",
        "SandeepSinghSethi",
        "steepcloud",
        "0xbad53c",
        "mssky9527",
        "boh",
        "RandomTrickster",
        "greyd0g",
        "come2darkside",
        "sk3l10x1ng",
        "dustyfresh",
        "clod81",
        "bitlov3r",
        "icyguider",
        "moloch--",
        "S3lrius",
        "Ajatars",
        "Yeah9782",
        "SecurityAddicted",
        "gh-fml",
        "tais9",
        "doct0r3",
        "xzxxzzzz000",
        "TomTom18-eng",
        "neomafo88",
        "NoobCat2000",
        "KabirShackers",
        "governmentfundingfinder",
        "Kr0ff",
        "ROHAN11292",
        "yutianqaq",
        "ik5",
        "gelven4sec",
        "a7t0fwa7",
        "Taius",
        "aenvgiell",
        "sodinokibi",
        "natesubra",
        "yueyeah",
        "0n3t04ll",
        "ro0kie3",
        "kaIIsyms",
        "iojymbo",
        "v4nyl",
        "Laymer",
        "superuser5",
        "JStk-Dev",
        "mnrkbys",
        "RalphDesmangles",
        "armysick",
        "Danakane",
        "KlinKlinKlin",
        "joker88",
        "Ben-Lichtman",
        "DeLuks2006"
    ],
    "watchers_count": 93,
    "watchers": [
        "Idov31",
        "djnnvx",
        "6661620a",
        "rmusser01",
        "cyberchris3",
        "kozmer",
        "FreeZeroDays",
        "netspooky",
        "moonflowersl",
        "V1rtu0l",
        "shpark",
        "hulto",
        "y11en",
        "Iamgublin",
        "scareing",
        "sh1xo",
        "askme765cs",
        "gsmith257-cyber",
        "reveng007",
        "aleenzz",
        "killvxk",
        "muhiminulhasan",
        "yunginnanet",
        "zbrdge",
        "itaymigdal",
        "steev",
        "mav8557",
        "nek0y4nsu",
        "aweMinchoo",
        "kepler404",
        "fantasy0x1",
        "BorjaMerino",
        "zmkeh",
        "eversinc33",
        "habib26-14",
        "pvfOliveira",
        "edermi",
        "HudsonSeiler",
        "hudjefa",
        "SandeepSinghSethi",
        "steepcloud",
        "0xbad53c",
        "mssky9527",
        "boh",
        "RandomTrickster",
        "greyd0g",
        "come2darkside",
        "sk3l10x1ng",
        "dustyfresh",
        "clod81",
        "bitlov3r",
        "icyguider",
        "moloch--",
        "S3lrius",
        "Ajatars",
        "Yeah9782",
        "SecurityAddicted",
        "gh-fml",
        "tais9",
        "doct0r3",
        "xzxxzzzz000",
        "TomTom18-eng",
        "neomafo88",
        "NoobCat2000",
        "KabirShackers",
        "governmentfundingfinder",
        "Kr0ff",
        "ROHAN11292",
        "yutianqaq",
        "ik5",
        "gelven4sec",
        "a7t0fwa7",
        "Taius",
        "aenvgiell",
        "sodinokibi",
        "natesubra",
        "yueyeah",
        "0n3t04ll",
        "ro0kie3",
        "kaIIsyms",
        "iojymbo",
        "v4nyl",
        "Laymer",
        "superuser5",
        "JStk-Dev",
        "mnrkbys",
        "RalphDesmangles",
        "armysick",
        "Danakane",
        "KlinKlinKlin",
        "joker88",
        "Ben-Lichtman",
        "DeLuks2006"
    ],
    "contributor_count": 1,
    "contributors": [
        "kyleavery"
    ],
    "open_pull_request_count": 0,
    "open_pull_requests": [],
    "label_count": 9,
    "labels": [
        "bug",
        "documentation",
        "duplicate",
        "enhancement",
        "good first issue",
        "help wanted",
        "invalid",
        "question",
        "wontfix"
    ],
    "subscribers": [
        "kyleavery"
    ],
    "subscribers_count": 1,
    "committers": [
        "web-flow"
    ],
    "committers_count": 1,
    "committers_emails": [
        "9327972+kyleavery@users.noreply.github.com"
    ],
    "committers_emails_count": 1,
    "authors": [
        "kyleavery"
    ],
    "authors_count": 1,
    "assignees": [
        "kyleavery"
    ],
    "assignees_count": 1
}