{"forks_count":26,"forkers":["herkoalabi","Marx-wrld","jermainlaforce","opoet7","1amrahul","BetterDefender","R4GN4R0K-SEC","zwanski2019","SatriaAdhiPradana","Lay0us","startagain2016","Snowden-AQ","websecresearch","wagneroliveira2000","morpheusc","brosjsy","tucommenceapousser","ikpehlivan","Deee089","Sec-Fork","L-SnowHawk","e1337r0x0r","bishopKurgat","CyberSeaLOps","sec-js","hartoyob"],"stargazers_count":164,"stargazers":["Saltinbank-SyS","matthew-mcateer","Vickymac1011","BlackPan","gja89p45utau84","h0ek","CicadaMikoto","x81kilo","cola8888","cymilad","stultitiophobia","lemonfugu","exorcize","Zeokat","iccugs","Oni-kuki","akadimi","xrkk","80r1ng","sec-js","Mrpolack","kazumasec","Taius","XZ00Z","Sw1tchWolf","winezer0","blankm1","imrajat55","mukarramkhalid","JavierOlmedo","sahrawi2","Ognon","proodigynet","Twoko","fnpial","habib26-14","Gh0stExp10it","MohamedTaoufik","Neatsuki","haruki-ht","hamza-amara","DummyKitty","curthayman","Klyx04","sernseek","m-hatta","SpiritGun91","Silence566","Ghostsarah0042","hirak0","Tjiban","din4e","jonafk555","kpa1on","nclv","megaparsec314","L-SnowHawk","zhzyker","98Kstar","smallsun107","komomon","iceriver20002000","Tripse","yueyeah","Elmandouh1","GerhardBotha97","Null-bin","gr00T0x","ROHAN11292","ikpehlivan","SecurityAddicted","Thauza","f0calorm","nquangit","risecbr","MadHatterENV","AnalystM","ferr079","AeonDave","ShinobiHanzo","jacy1101","th3k3ymak3r","malsiv","chr0n1k","Mohadib2","WS-G","kruid","d0gman","jacobocasado","dkadev","grenzdezibel","DCJ666","DamonMohammadbagher","djwesleyborges","ik5","ELMERIKH","shrek3n","leonardotw","x86struct","AymenYesli","opabravo","marcoheijkoop","GhostWolfLab","QKioi","1njected","AntonPete","srozb","yesiamdollar","r4lix","ba0f3","IPIRATEXAPTAIN","zhanyiyi","Chimecollects","inv2004","liszero","Okaytc","vu1Art1st","Rentr02","startagain2016","GreyJk","qingchenhh","Lay0us","J-Snowwite","matmad","Andy5972","songyao199681","0xSolanaceae","aswaraFuS","cubeDHS2017","gudcatatan","emdnaia","ilus78","wagonza","saberzaid","a7t0fwa7","dsturge01","MielPopsssssss","Nvz0x","Staschi","mmutj","khudrak","nlane515","adysec","xBurningGiraffe","Wonkspele","BetterDefender","an00byss","fahimhaytham","ArackLiceve","steveubiera","opoet7","Hbasto","EclipseX270","4D7220426C7565","BypasserThe","CooperMoffatt","EmilioHulbert","gyqtc","ztrizox54","ThalesCouto","false101","KaztoRay","kihus-h","rdiroma4"],"watchers_count":164,"watchers":["Saltinbank-SyS","matthew-mcateer","Vickymac1011","BlackPan","gja89p45utau84","h0ek","CicadaMikoto","x81kilo","cola8888","cymilad","stultitiophobia","lemonfugu","exorcize","Zeokat","iccugs","Oni-kuki","akadimi","xrkk","80r1ng","sec-js","Mrpolack","kazumasec","Taius","XZ00Z","Sw1tchWolf","winezer0","blankm1","imrajat55","mukarramkhalid","JavierOlmedo","sahrawi2","Ognon","proodigynet","Twoko","fnpial","habib26-14","Gh0stExp10it","MohamedTaoufik","Neatsuki","haruki-ht","hamza-amara","DummyKitty","curthayman","Klyx04","sernseek","m-hatta","SpiritGun91","Silence566","Ghostsarah0042","hirak0","Tjiban","din4e","jonafk555","kpa1on","nclv","megaparsec314","L-SnowHawk","zhzyker","98Kstar","smallsun107","komomon","iceriver20002000","Tripse","yueyeah","Elmandouh1","GerhardBotha97","Null-bin","gr00T0x","ROHAN11292","ikpehlivan","SecurityAddicted","Thauza","f0calorm","nquangit","risecbr","MadHatterENV","AnalystM","ferr079","AeonDave","ShinobiHanzo","jacy1101","th3k3ymak3r","malsiv","chr0n1k","Mohadib2","WS-G","kruid","d0gman","jacobocasado","dkadev","grenzdezibel","DCJ666","DamonMohammadbagher","djwesleyborges","ik5","ELMERIKH","shrek3n","leonardotw","x86struct","AymenYesli","opabravo","marcoheijkoop","GhostWolfLab","QKioi","1njected","AntonPete","srozb","yesiamdollar","r4lix","ba0f3","IPIRATEXAPTAIN","zhanyiyi","Chimecollects","inv2004","liszero","Okaytc","vu1Art1st","Rentr02","startagain2016","GreyJk","qingchenhh","Lay0us","J-Snowwite","matmad","Andy5972","songyao199681","0xSolanaceae","aswaraFuS","cubeDHS2017","gudcatatan","emdnaia","ilus78","wagonza","saberzaid","a7t0fwa7","dsturge01","MielPopsssssss","Nvz0x","Staschi","mmutj","khudrak","nlane515","adysec","xBurningGiraffe","Wonkspele","BetterDefender","an00byss","fahimhaytham","ArackLiceve","steveubiera","opoet7","Hbasto","EclipseX270","4D7220426C7565","BypasserThe","CooperMoffatt","EmilioHulbert","gyqtc","ztrizox54","ThalesCouto","false101","KaztoRay","kihus-h","rdiroma4"],"contributor_count":1,"contributors":["emrekybs"],"open_pull_request_count":0,"open_pull_requests":[],"label_count":9,"labels":["bug","documentation","duplicate","enhancement","good first issue","help wanted","invalid","question","wontfix"],"subscribers":["emrekybs","eemailme","Andy5972"],"subscribers_count":3,"committers":["web-flow","web-flow","web-flow","web-flow","web-flow","web-flow","web-flow","web-flow","web-flow","web-flow","web-flow","web-flow","web-flow","web-flow","web-flow","web-flow","web-flow","web-flow","web-flow","web-flow","web-flow","web-flow","web-flow"],"committers_count":1,"committers_emails":["emrekoybasi@protonmail.com","emrekoybasi@protonmail.com","emrekoybasi@protonmail.com","emrekoybasi@protonmail.com","emrekoybasi@protonmail.com","emrekoybasi@protonmail.com","emrekoybasi@protonmail.com","emrekoybasi@protonmail.com","emrekoybasi@protonmail.com","emrekoybasi@protonmail.com","emrekoybasi@protonmail.com","emrekoybasi@protonmail.com","emrekoybasi@protonmail.com","emrekoybasi@protonmail.com","emrekoybasi@protonmail.com","emrekoybasi@protonmail.com","emrekoybasi@protonmail.com","emrekoybasi@protonmail.com","emrekoybasi@protonmail.com","emrekoybasi@protonmail.com","emrekoybasi@protonmail.com","emrekoybasi@protonmail.com","emrekoybasi@protonmail.com"],"committers_emails_count":1,"authors":["emrekybs","emrekybs","emrekybs","emrekybs","emrekybs","emrekybs","emrekybs","emrekybs","emrekybs","emrekybs","emrekybs","emrekybs","emrekybs","emrekybs","emrekybs","emrekybs","emrekybs","emrekybs","emrekybs","emrekybs","emrekybs","emrekybs","emrekybs"],"authors_count":1,"assignees":["emrekybs"],"assignees_count":1}