{
    "forks_count": 25,
    "forkers": [
        "domainisseized",
        "80x86asm",
        "ldsa165",
        "3as0n",
        "sf0x",
        "shrek3n",
        "windoze-Stuff",
        "tralivali1234",
        "wbaby",
        "fengjixuchui",
        "hotelzululima",
        "T4rum1",
        "gavz",
        "wisdark",
        "xld-hub",
        "Haunted-Banshee",
        "ScriptIdiot",
        "CrackerCat",
        "QueenSquishy",
        "reiterjr",
        "funnybananas",
        "malwarejake",
        "fckoo",
        "ezhangle",
        "gmh5225",
        "xalicex"
    ],
    "stargazers_count": 212,
    "stargazers": [
        "xalicex",
        "joaoviictorti",
        "aweNousaku",
        "1N73LL1G3NC3x",
        "voidvxvt",
        "beerandgin",
        "fdx-xdf",
        "amnestria",
        "j0nh4t",
        "fgsec",
        "maanimis",
        "shogunlab",
        "0xsyr0",
        "geobour98",
        "Jaxii",
        "kleborgn",
        "fckoo",
        "lanverly",
        "tan-wei",
        "6t2",
        "Armillus",
        "Sija",
        "Axactt",
        "soc1ety",
        "0xenia",
        "BenjiTrapp",
        "Yeah9782",
        "Dump-GUY",
        "gsmith257-cyber",
        "itaymigdal",
        "shavitush",
        "michaellrowley",
        "maskelihileci",
        "funnybananas",
        "hugsy",
        "adamsvoboda",
        "xchwarze",
        "thejanit0r",
        "davidlebr1",
        "coremedic",
        "m4ul3r",
        "int3hh",
        "Lz1y",
        "rivit98",
        "vic4key",
        "BlackOfWorld",
        "Ben-Lichtman",
        "coffeecoffeecoffeecoffeecoffee",
        "Kr0ff",
        "clod81",
        "QueenSquishy",
        "hyuunnn",
        "x1tan",
        "Marshall-Hallenbeck",
        "smthdfirent",
        "FZKiritsugu",
        "Still34",
        "RCStep",
        "Jakob6174",
        "luobuda",
        "R1ddles",
        "rn0ch4",
        "zmkeh",
        "EddieIvan01",
        "xrkk",
        "sorabug",
        "sh1xo",
        "dinosn",
        "lebr0nli",
        "chr0n1k",
        "d0gkiller87",
        "bond00",
        "gemilepus",
        "vschwaberow",
        "x0nu11byt3",
        "helloobaby",
        "4l3x777",
        "cocomelonc",
        "presianbg",
        "M0chae1",
        "xld-hub",
        "nclv",
        "Cloutain",
        "VmwarePro",
        "florylsk",
        "eligrey",
        "babbsgit",
        "PwnDexter",
        "x86struct",
        "eversinc33",
        "Lifka",
        "S3cur3Th1sSh1t",
        "TTP-Xtian",
        "InfiniteSuns",
        "EvilBytecode",
        "newball2814",
        "astreux64",
        "bitlov3r",
        "idanmaman2",
        "pwnf",
        "wisdark",
        "edermi",
        "xorhex",
        "niaojin",
        "Martin7F",
        "dirtybirthdaycake",
        "shrek3n",
        "unkvolism",
        "odzhan",
        "alecnunn",
        "hastalamuerte",
        "nbaertsch",
        "AptAmoeba",
        "solarc3",
        "LaRancion",
        "badboycxcc",
        "AwesomeW",
        "Dharani-sanjaiy",
        "evipepota",
        "x86fatah",
        "dunderhay",
        "FreeZeroDays",
        "BeneficialCode",
        "bakatame",
        "alekseypindrus",
        "echnobas",
        "heromantf",
        "TheGreatestGgoat",
        "ImmuneLion318",
        "S3lrius",
        "JerryLinLinLin",
        "Brynyard",
        "0xArsene",
        "ems44",
        "ignacioj",
        "AriSchmarii",
        "bambooqj",
        "yamakadi",
        "morimolymoly",
        "M450ud",
        "VoldeSec",
        "frizznoway",
        "Ficelloo",
        "aancw",
        "xrmr",
        "RamadhanAmizudin",
        "0xHossam",
        "sh4hin",
        "1Gould",
        "khanh8910",
        "CCCougar",
        "OffensiveBrute",
        "0xRobert",
        "PhantomThreads",
        "RalphDesmangles",
        "zero77",
        "gelven4sec",
        "lexika979",
        "p4yl0ad",
        "1A7V9A",
        "TH3P1T",
        "0DAYBROKER",
        "6661620a",
        "mxdh",
        "kernel-sanders",
        "Cishanduwang",
        "nek0y4nsu",
        "SolomonSklash",
        "s-Fl",
        "hirak0",
        "rootisareservedword",
        "kaliworld",
        "Taius",
        "Drone-spec",
        "d3adzo",
        "blaisebits",
        "Kibouo",
        "dust-life",
        "ryan-weil",
        "Dmytro-Pashko",
        "UsernameTaken420",
        "user23333",
        "anonuser031797",
        "hxteam",
        "dom-lgtm",
        "Atsika",
        "Keramas",
        "rainysoul",
        "jasondrawdy",
        "lobe007",
        "twilight1337",
        "shantanu561993",
        "wr0belj",
        "iotjiejie1",
        "derek-zhang123",
        "kensh1ro",
        "Miscf",
        "sbago",
        "daSk1d",
        "morphineJ",
        "tssailzz8",
        "theGuildHall",
        "DianaNites",
        "Bazaid",
        "blackhat-t",
        "wes4m",
        "ro0kie3",
        "Hello-xBugs",
        "domainisseized",
        "Teach2Breach",
        "Jurek7777",
        "nashor1"
    ],
    "watchers_count": 212,
    "watchers": [
        "xalicex",
        "joaoviictorti",
        "aweNousaku",
        "1N73LL1G3NC3x",
        "voidvxvt",
        "beerandgin",
        "fdx-xdf",
        "amnestria",
        "j0nh4t",
        "fgsec",
        "maanimis",
        "shogunlab",
        "0xsyr0",
        "geobour98",
        "Jaxii",
        "kleborgn",
        "fckoo",
        "lanverly",
        "tan-wei",
        "6t2",
        "Armillus",
        "Sija",
        "Axactt",
        "soc1ety",
        "0xenia",
        "BenjiTrapp",
        "Yeah9782",
        "Dump-GUY",
        "gsmith257-cyber",
        "itaymigdal",
        "shavitush",
        "michaellrowley",
        "maskelihileci",
        "funnybananas",
        "hugsy",
        "adamsvoboda",
        "xchwarze",
        "thejanit0r",
        "davidlebr1",
        "coremedic",
        "m4ul3r",
        "int3hh",
        "Lz1y",
        "rivit98",
        "vic4key",
        "BlackOfWorld",
        "Ben-Lichtman",
        "coffeecoffeecoffeecoffeecoffee",
        "Kr0ff",
        "clod81",
        "QueenSquishy",
        "hyuunnn",
        "x1tan",
        "Marshall-Hallenbeck",
        "smthdfirent",
        "FZKiritsugu",
        "Still34",
        "RCStep",
        "Jakob6174",
        "luobuda",
        "R1ddles",
        "rn0ch4",
        "zmkeh",
        "EddieIvan01",
        "xrkk",
        "sorabug",
        "sh1xo",
        "dinosn",
        "lebr0nli",
        "chr0n1k",
        "d0gkiller87",
        "bond00",
        "gemilepus",
        "vschwaberow",
        "x0nu11byt3",
        "helloobaby",
        "4l3x777",
        "cocomelonc",
        "presianbg",
        "M0chae1",
        "xld-hub",
        "nclv",
        "Cloutain",
        "VmwarePro",
        "florylsk",
        "eligrey",
        "babbsgit",
        "PwnDexter",
        "x86struct",
        "eversinc33",
        "Lifka",
        "S3cur3Th1sSh1t",
        "TTP-Xtian",
        "InfiniteSuns",
        "EvilBytecode",
        "newball2814",
        "astreux64",
        "bitlov3r",
        "idanmaman2",
        "pwnf",
        "wisdark",
        "edermi",
        "xorhex",
        "niaojin",
        "Martin7F",
        "dirtybirthdaycake",
        "shrek3n",
        "unkvolism",
        "odzhan",
        "alecnunn",
        "hastalamuerte",
        "nbaertsch",
        "AptAmoeba",
        "solarc3",
        "LaRancion",
        "badboycxcc",
        "AwesomeW",
        "Dharani-sanjaiy",
        "evipepota",
        "x86fatah",
        "dunderhay",
        "FreeZeroDays",
        "BeneficialCode",
        "bakatame",
        "alekseypindrus",
        "echnobas",
        "heromantf",
        "TheGreatestGgoat",
        "ImmuneLion318",
        "S3lrius",
        "JerryLinLinLin",
        "Brynyard",
        "0xArsene",
        "ems44",
        "ignacioj",
        "AriSchmarii",
        "bambooqj",
        "yamakadi",
        "morimolymoly",
        "M450ud",
        "VoldeSec",
        "frizznoway",
        "Ficelloo",
        "aancw",
        "xrmr",
        "RamadhanAmizudin",
        "0xHossam",
        "sh4hin",
        "1Gould",
        "khanh8910",
        "CCCougar",
        "OffensiveBrute",
        "0xRobert",
        "PhantomThreads",
        "RalphDesmangles",
        "zero77",
        "gelven4sec",
        "lexika979",
        "p4yl0ad",
        "1A7V9A",
        "TH3P1T",
        "0DAYBROKER",
        "6661620a",
        "mxdh",
        "kernel-sanders",
        "Cishanduwang",
        "nek0y4nsu",
        "SolomonSklash",
        "s-Fl",
        "hirak0",
        "rootisareservedword",
        "kaliworld",
        "Taius",
        "Drone-spec",
        "d3adzo",
        "blaisebits",
        "Kibouo",
        "dust-life",
        "ryan-weil",
        "Dmytro-Pashko",
        "UsernameTaken420",
        "user23333",
        "anonuser031797",
        "hxteam",
        "dom-lgtm",
        "Atsika",
        "Keramas",
        "rainysoul",
        "jasondrawdy",
        "lobe007",
        "twilight1337",
        "shantanu561993",
        "wr0belj",
        "iotjiejie1",
        "derek-zhang123",
        "kensh1ro",
        "Miscf",
        "sbago",
        "daSk1d",
        "morphineJ",
        "tssailzz8",
        "theGuildHall",
        "DianaNites",
        "Bazaid",
        "blackhat-t",
        "wes4m",
        "ro0kie3",
        "Hello-xBugs",
        "domainisseized",
        "Teach2Breach",
        "Jurek7777",
        "nashor1"
    ],
    "contributor_count": 1,
    "contributors": [
        "hasherezade"
    ],
    "open_pull_request_count": 0,
    "open_pull_requests": [],
    "label_count": 9,
    "labels": [
        "bug",
        "documentation",
        "duplicate",
        "enhancement",
        "good first issue",
        "help wanted",
        "invalid",
        "question",
        "wontfix"
    ],
    "subscribers": [
        "hasherezade",
        "fengjixuchui",
        "jasondrawdy",
        "domainisseized"
    ],
    "subscribers_count": 4,
    "committers": [
        "web-flow",
        "web-flow",
        "hasherezade",
        "hasherezade",
        "hasherezade",
        "web-flow",
        "web-flow",
        "web-flow",
        "web-flow",
        "web-flow",
        "web-flow",
        "hasherezade"
    ],
    "committers_count": 2,
    "committers_emails": [
        "hasherezade@users.noreply.github.com",
        "lorenz.troiza@rub.de",
        "hasherezade@users.noreply.github.com",
        "hasherezade@gmail.com",
        "hasherezade@gmail.com",
        "hasherezade@gmail.com",
        "hasherezade@users.noreply.github.com",
        "hasherezade@users.noreply.github.com",
        "hasherezade@users.noreply.github.com",
        "hasherezade@users.noreply.github.com",
        "hasherezade@users.noreply.github.com",
        "hasherezade@users.noreply.github.com",
        "hasherezade@gmail.com"
    ],
    "committers_emails_count": 3,
    "assignees": [
        "hasherezade"
    ],
    "assignees_count": 1
}