{
    "forks_count": 24,
    "forkers": [
        "DBB-pro",
        "Novatamoffat",
        "sergelacombe",
        "xcalibure2",
        "Haunted-Banshee",
        "V1rtu0l",
        "gmh5225",
        "H1d3r",
        "Allenboyliu",
        "samy4samy",
        "e4rl",
        "djayaGit",
        "ro0tmylove",
        "r00t7oo2jm",
        "n1ko61",
        "peiqiF4ck",
        "Sec-Fork",
        "ASkyeye",
        "gavz",
        "FZKiritsugu",
        "emdnaia",
        "wisdark",
        "C0C0red",
        "daxixi"
    ],
    "stargazers_count": 201,
    "stargazers": [
        "Arrnitage",
        "0xsyr0",
        "hellisabove",
        "natesubra",
        "senzee1984",
        "parttimeamerican",
        "hyperware1337",
        "yj94",
        "INotGreen",
        "liangzai-ff",
        "niaojin",
        "ix111",
        "daxixi",
        "Mamor5409",
        "boringthegod",
        "ZephrFish",
        "invokethreatguy",
        "sh4hin",
        "fuzzlove",
        "xzxxzzzz000",
        "Ly4hm",
        "wisdark",
        "1N73LL1G3NC3x",
        "tdyj",
        "huiliuchuan",
        "guguguhaitian",
        "1203731177",
        "OffensiveBrute",
        "zhanyiyi",
        "moonflowersl",
        "Guillrmo",
        "killvxk",
        "4l3x777",
        "VoldeSec",
        "Mrhax0rr",
        "jackson5sec",
        "BlackSnufkin",
        "willemdh",
        "itaymigdal",
        "evildrummer",
        "mwatkins-leviathan",
        "clod81",
        "FZKiritsugu",
        "0xflagplz",
        "bravery9",
        "aleenzz",
        "Acidicorange",
        "DummyKitty",
        "wgetnz",
        "xiaofghd893",
        "xiaoyueguang-hub",
        "VmwarePro",
        "sh1xo",
        "youcannotseemeagain",
        "zhzyker",
        "allennic",
        "peiqiF4ck",
        "freeNuomi",
        "outmansec",
        "tingtho",
        "n1ko61",
        "famasoon",
        "winezer0",
        "reloc2",
        "ro0tmylove",
        "Bishopf7",
        "timwhitez",
        "gsmith257-cyber",
        "Tripse",
        "EvilBytecode",
        "0xvm",
        "S9MF",
        "askme765cs",
        "yutianqaq",
        "Ivan-Markovic",
        "tuna1999",
        "1rm",
        "Swifto0",
        "saadazghour",
        "k0sf",
        "c4nc",
        "TTP-Xtian",
        "guguyu1",
        "Pei4AN",
        "luxcupitor",
        "anonuser031797",
        "omaramin17",
        "taishangshuhu",
        "gelven4sec",
        "ScriptIdiot",
        "0x5844",
        "S3lrius",
        "Aquilao",
        "D3vKn1ght",
        "4627488",
        "jimmyleocn",
        "MiroKaku",
        "gokupwn",
        "Hamid-K",
        "Iamgublin",
        "IOKernel",
        "dreezysec",
        "vxshellew",
        "Stankye",
        "d0gkiller87",
        "panosdimitrellos",
        "sunnyc7",
        "Nuki2u",
        "Ptkatz",
        "tzf-omkey",
        "BambiZombie",
        "UnknowSec",
        "XTeam-Wing",
        "wonderzdh",
        "Kilroy1337",
        "theLSA",
        "evilashz",
        "aptkid",
        "Ciyfly",
        "zgao264",
        "zhe6652",
        "y0ug",
        "malipense",
        "ll11l1lIllIl1lll",
        "octetstream",
        "psexec4you",
        "V1rtu0l",
        "c2tsh4rk",
        "rn0ch4",
        "julienoh",
        "xcalibure2",
        "cxm437",
        "RalphDesmangles",
        "TheGreatestGgoat",
        "liu1998-yowu",
        "TomTom18-eng",
        "jcdex69",
        "aw220",
        "Zeng-aN",
        "Ridter",
        "Spambustas",
        "FunnyWolf",
        "Neo-Maoku",
        "Dliv3",
        "Siegelcpp",
        "Ringx3",
        "SecStarBot",
        "chibd2000",
        "kernel-sanders",
        "chengongpp",
        "wugedz",
        "Abbbbbqvq",
        "nek0y4nsu",
        "qwqdanchun",
        "wuyoukm",
        "1moaomoao1",
        "nanderh",
        "amjcyber",
        "jiangdada6",
        "Taius",
        "SolomonSklash",
        "jstuif",
        "KeyStrOke95",
        "ryanbaxendale",
        "sorabug",
        "shinegod",
        "S3cur3Th1sSh1t",
        "Lz1y",
        "winterknife",
        "lefayjey",
        "FreeZeroDays",
        "PassingFoam",
        "JBalanza",
        "dust-life",
        "spv00",
        "assarbad",
        "binarytrails",
        "loseyourself1",
        "bond00",
        "lowSoA",
        "lyx744",
        "nclv",
        "an00byss",
        "Hello-xBugs",
        "Nyx2022",
        "sheepdog0x3e",
        "dan-bolsun",
        "Novatamoffat",
        "DBB-pro",
        "wanf3ng",
        "xhd4",
        "CDotNightHawk",
        "danzek",
        "lihnux",
        "koushui",
        "Shreya12devops",
        "NakNak669",
        "Saltinbank-SyS",
        "nyacat",
        "flyc05",
        "TheLosingEdge"
    ],
    "watchers_count": 201,
    "watchers": [
        "Arrnitage",
        "0xsyr0",
        "hellisabove",
        "natesubra",
        "senzee1984",
        "parttimeamerican",
        "hyperware1337",
        "yj94",
        "INotGreen",
        "liangzai-ff",
        "niaojin",
        "ix111",
        "daxixi",
        "Mamor5409",
        "boringthegod",
        "ZephrFish",
        "invokethreatguy",
        "sh4hin",
        "fuzzlove",
        "xzxxzzzz000",
        "Ly4hm",
        "wisdark",
        "1N73LL1G3NC3x",
        "tdyj",
        "huiliuchuan",
        "guguguhaitian",
        "1203731177",
        "OffensiveBrute",
        "zhanyiyi",
        "moonflowersl",
        "Guillrmo",
        "killvxk",
        "4l3x777",
        "VoldeSec",
        "Mrhax0rr",
        "jackson5sec",
        "BlackSnufkin",
        "willemdh",
        "itaymigdal",
        "evildrummer",
        "mwatkins-leviathan",
        "clod81",
        "FZKiritsugu",
        "0xflagplz",
        "bravery9",
        "aleenzz",
        "Acidicorange",
        "DummyKitty",
        "wgetnz",
        "xiaofghd893",
        "xiaoyueguang-hub",
        "VmwarePro",
        "sh1xo",
        "youcannotseemeagain",
        "zhzyker",
        "allennic",
        "peiqiF4ck",
        "freeNuomi",
        "outmansec",
        "tingtho",
        "n1ko61",
        "famasoon",
        "winezer0",
        "reloc2",
        "ro0tmylove",
        "Bishopf7",
        "timwhitez",
        "gsmith257-cyber",
        "Tripse",
        "EvilBytecode",
        "0xvm",
        "S9MF",
        "askme765cs",
        "yutianqaq",
        "Ivan-Markovic",
        "tuna1999",
        "1rm",
        "Swifto0",
        "saadazghour",
        "k0sf",
        "c4nc",
        "TTP-Xtian",
        "guguyu1",
        "Pei4AN",
        "luxcupitor",
        "anonuser031797",
        "omaramin17",
        "taishangshuhu",
        "gelven4sec",
        "ScriptIdiot",
        "0x5844",
        "S3lrius",
        "Aquilao",
        "D3vKn1ght",
        "4627488",
        "jimmyleocn",
        "MiroKaku",
        "gokupwn",
        "Hamid-K",
        "Iamgublin",
        "IOKernel",
        "dreezysec",
        "vxshellew",
        "Stankye",
        "d0gkiller87",
        "panosdimitrellos",
        "sunnyc7",
        "Nuki2u",
        "Ptkatz",
        "tzf-omkey",
        "BambiZombie",
        "UnknowSec",
        "XTeam-Wing",
        "wonderzdh",
        "Kilroy1337",
        "theLSA",
        "evilashz",
        "aptkid",
        "Ciyfly",
        "zgao264",
        "zhe6652",
        "y0ug",
        "malipense",
        "ll11l1lIllIl1lll",
        "octetstream",
        "psexec4you",
        "V1rtu0l",
        "c2tsh4rk",
        "rn0ch4",
        "julienoh",
        "xcalibure2",
        "cxm437",
        "RalphDesmangles",
        "TheGreatestGgoat",
        "liu1998-yowu",
        "TomTom18-eng",
        "jcdex69",
        "aw220",
        "Zeng-aN",
        "Ridter",
        "Spambustas",
        "FunnyWolf",
        "Neo-Maoku",
        "Dliv3",
        "Siegelcpp",
        "Ringx3",
        "SecStarBot",
        "chibd2000",
        "kernel-sanders",
        "chengongpp",
        "wugedz",
        "Abbbbbqvq",
        "nek0y4nsu",
        "qwqdanchun",
        "wuyoukm",
        "1moaomoao1",
        "nanderh",
        "amjcyber",
        "jiangdada6",
        "Taius",
        "SolomonSklash",
        "jstuif",
        "KeyStrOke95",
        "ryanbaxendale",
        "sorabug",
        "shinegod",
        "S3cur3Th1sSh1t",
        "Lz1y",
        "winterknife",
        "lefayjey",
        "FreeZeroDays",
        "PassingFoam",
        "JBalanza",
        "dust-life",
        "spv00",
        "assarbad",
        "binarytrails",
        "loseyourself1",
        "bond00",
        "lowSoA",
        "lyx744",
        "nclv",
        "an00byss",
        "Hello-xBugs",
        "Nyx2022",
        "sheepdog0x3e",
        "dan-bolsun",
        "Novatamoffat",
        "DBB-pro",
        "wanf3ng",
        "xhd4",
        "CDotNightHawk",
        "danzek",
        "lihnux",
        "koushui",
        "Shreya12devops",
        "NakNak669",
        "Saltinbank-SyS",
        "nyacat",
        "flyc05",
        "TheLosingEdge"
    ],
    "contributor_count": 1,
    "contributors": [
        "senzee1984"
    ],
    "open_pull_request_count": 0,
    "open_pull_requests": [],
    "label_count": 9,
    "labels": [
        "bug",
        "documentation",
        "duplicate",
        "enhancement",
        "good first issue",
        "help wanted",
        "invalid",
        "question",
        "wontfix"
    ],
    "subscribers": [
        "senzee1984",
        "solidrocks",
        "disassembleblog",
        "Shreya12devops"
    ],
    "subscribers_count": 4,
    "committers": [
        "web-flow",
        "web-flow",
        "web-flow",
        "web-flow",
        "web-flow",
        "web-flow",
        "web-flow",
        "web-flow",
        "web-flow",
        "web-flow",
        "web-flow",
        "web-flow",
        "web-flow",
        "web-flow",
        "web-flow",
        "web-flow",
        "web-flow",
        "web-flow",
        "web-flow",
        "web-flow",
        "web-flow",
        "web-flow",
        "web-flow",
        "web-flow",
        "web-flow"
    ],
    "committers_count": 1,
    "committers_emails": [
        "33692631+senzee1984@users.noreply.github.com",
        "33692631+senzee1984@users.noreply.github.com",
        "33692631+senzee1984@users.noreply.github.com",
        "33692631+senzee1984@users.noreply.github.com",
        "33692631+senzee1984@users.noreply.github.com",
        "33692631+senzee1984@users.noreply.github.com",
        "33692631+senzee1984@users.noreply.github.com",
        "33692631+senzee1984@users.noreply.github.com",
        "33692631+senzee1984@users.noreply.github.com",
        "33692631+senzee1984@users.noreply.github.com",
        "33692631+senzee1984@users.noreply.github.com",
        "33692631+senzee1984@users.noreply.github.com",
        "33692631+senzee1984@users.noreply.github.com",
        "33692631+senzee1984@users.noreply.github.com",
        "33692631+senzee1984@users.noreply.github.com",
        "33692631+senzee1984@users.noreply.github.com",
        "33692631+senzee1984@users.noreply.github.com",
        "33692631+senzee1984@users.noreply.github.com",
        "33692631+senzee1984@users.noreply.github.com",
        "33692631+senzee1984@users.noreply.github.com",
        "33692631+senzee1984@users.noreply.github.com",
        "33692631+senzee1984@users.noreply.github.com",
        "33692631+senzee1984@users.noreply.github.com",
        "33692631+senzee1984@users.noreply.github.com",
        "33692631+senzee1984@users.noreply.github.com"
    ],
    "committers_emails_count": 1,
    "assignees": [
        "senzee1984"
    ],
    "assignees_count": 1
}