{"forks_count":33,"forkers":["b34c0n5","Chris1871","thiagomayllart","H1d3r","Red-infosec","bravery9","axax002","SUP3RM4N73","hotelzululima","blueDeath3301","FutureBody","zpaav","offsoc","princeleonal","opensesamedoors","wisdark","TechThupport","Nosferatuvjr","mdiqbalahmad","apkc","manisheretostay","3z57uff","killvxk","mukarramkhalid","Passw","V1rtu0l","emdnaia","ASkyeye","epichoxha","FZKiritsugu","RobinFassinaMoschiniForks","gavz","gmh5225"],"stargazers_count":268,"stargazers":["0xTriboulet","cwinfosec","0xaptc","HZzz2","FZKiritsugu","gi0cann","epichoxha","hulto","th3k3ymak3r","d3vobed","Ptkatz","RagingRedRiot","atimetowait","silentEAG","V1rtu0l","1Gould","MuzukashiMkJin","reloc2","fdx-xdf","rs0d","kyjybx","chengongpp","chr0n1k","Hamid-K","Jaxii","GerhardBotha97","Passw","mukarramkhalid","geobour98","6t2","0736b","aleenzz","yeshuibo","moon2l","mssky9527","WildPasta","PolarPeak","S1ckB0y1337","u-sam","mmutj","hoaazz","qi4L","0x5826","dwisiswant0","iotjiejie1","akobdhke","Vasco0x4","reveng007","BlackSnufkin","Nariod","gelven4sec","LuckyPancake","killvxk","p4yl0ad","chutuananh2k","luxcupitor","zibra-hash","BaRuBeLaJaRr","ms3c","nclv","Atsika","Sh0ckFR","wugedz","naliferopoulos","silverskyvicto","king-wong","0r3ak","OffensiveBrute","alijnclarke","HenryChanDC","eksperience","m3rcer","rahuldhalla","operatorequals","hastalamuerte","C0C0red","b3nns","omaramin17","klezVirus","swtornio","ryanbaxendale","anbdummy","din4e","famasoon","badboycxcc","6dlz","pwn2ooown","Crims-on","dust-life","yamakadi","yj94","XiaoliChan","KeyStrOke95","yige666","dinosn","tututu-patch","yigitemres","g00dfe11ow","ptrac3","BenjiTrapp","UUU7777777","rsherstnev","LsvanDarko","Lz1y","nullsecX270","Hello-xBugs","Yeah9782","5y5tem5","S3lrius","goffinet","Kr0ff","shingareom","TheRedOperator","davey64","ayaz-z","byt3bl33d3r","xrkk","shrek3n","gmh5225","niaojin","uknowsec","LordCasser","ba0f3","1amfine2333","rx4lq6","sv3nbeast","helloyw","FreeZeroDays","zerdnem","bcdlbgm","Nosferatuvjr","Abbbbbqvq","steepcloud","TomTom18-eng","1013503897","0xsyr0","0xvm","ode126","smallsun107","blacktraffic","Mikehho","invokethreatguy","congtrung2k1","Lengso","socketz","MicrobBlue","eladyesh","itSssm3","TTP-Xtian","DummyKitty","NyxKazuya","2867a0","gsmith257-cyber","flyingllama87","zhourong245","zclfly","cornerbrooke","terry6020","tais9","sh4hin","moonD4rk","krystianbajno","oldkingcone","wisdark","breachlabs-org","W0rldSeeker","kernel-sanders","idfp","syndrowm","jeffmcjunkin","superuser5","zhangding222","leftp","an0x03e8","JBalanza","53845714nF","realCheesyQuesadilla","moonflowersl","davehardy20","j0nh4t","nvroot","Droid-MAX","Taius","g0h4n","princeleonal","JeremyNGalloway","zpaav","tylerrobinson","tracure1337","beratgisler","hljdqwxq","H1ghC0ntr4sT","Logan-Elliott","cl3a2","whiterabb17","Code-ish","0xyy66","bridge-four","come2darkside","Answerr","Alchemyst0x","kpa1on","jxlambda","thesubtlety","Vulnpire","match-markhattarki","fhlip0","WebKmn","128jku9j","AndC100101100","cxm437","cakebomb999","daSk1d","chosenonehacks","samyk","FutureBody","shreyash2002","yo870","grim3","YousefNein","newsoft","dlescos","cammclain","bravery9","chryzsh","boh","neeemu","Jepson2k","AZEC0x00","l1j1","RalphDesmangles","GeneralBison","sectonz","stultitiophobia","Saltinbank-SyS","Octavian0073","NoobCat2000","3ud4jm0nj4","Karib0u","florianamette","Mohammad-Almusilhi","pr1m0rdial","scumdestroy","Dax911","KlinKlinKlin","Nurdich","24-2021","Sndav","tehstoni","voidvxvt","wohuavt","cmndcntrlcyber","Adnnlnistrator","fin3ss3g0d","Chris1871","linkinpark320","0x5844","NoahPN","keannun","Fadil2k","hirak0","akcoren","xiaoyanit","PepiPetrov","thiagomayllart","stroblite","L0nm4r","spinochenza"],"watchers_count":268,"watchers":["0xTriboulet","cwinfosec","0xaptc","HZzz2","FZKiritsugu","gi0cann","epichoxha","hulto","th3k3ymak3r","d3vobed","Ptkatz","RagingRedRiot","atimetowait","silentEAG","V1rtu0l","1Gould","MuzukashiMkJin","reloc2","fdx-xdf","rs0d","kyjybx","chengongpp","chr0n1k","Hamid-K","Jaxii","GerhardBotha97","Passw","mukarramkhalid","geobour98","6t2","0736b","aleenzz","yeshuibo","moon2l","mssky9527","WildPasta","PolarPeak","S1ckB0y1337","u-sam","mmutj","hoaazz","qi4L","0x5826","dwisiswant0","iotjiejie1","akobdhke","Vasco0x4","reveng007","BlackSnufkin","Nariod","gelven4sec","LuckyPancake","killvxk","p4yl0ad","chutuananh2k","luxcupitor","zibra-hash","BaRuBeLaJaRr","ms3c","nclv","Atsika","Sh0ckFR","wugedz","naliferopoulos","silverskyvicto","king-wong","0r3ak","OffensiveBrute","alijnclarke","HenryChanDC","eksperience","m3rcer","rahuldhalla","operatorequals","hastalamuerte","C0C0red","b3nns","omaramin17","klezVirus","swtornio","ryanbaxendale","anbdummy","din4e","famasoon","badboycxcc","6dlz","pwn2ooown","Crims-on","dust-life","yamakadi","yj94","XiaoliChan","KeyStrOke95","yige666","dinosn","tututu-patch","yigitemres","g00dfe11ow","ptrac3","BenjiTrapp","UUU7777777","rsherstnev","LsvanDarko","Lz1y","nullsecX270","Hello-xBugs","Yeah9782","5y5tem5","S3lrius","goffinet","Kr0ff","shingareom","TheRedOperator","davey64","ayaz-z","byt3bl33d3r","xrkk","shrek3n","gmh5225","niaojin","uknowsec","LordCasser","ba0f3","1amfine2333","rx4lq6","sv3nbeast","helloyw","FreeZeroDays","zerdnem","bcdlbgm","Nosferatuvjr","Abbbbbqvq","steepcloud","TomTom18-eng","1013503897","0xsyr0","0xvm","ode126","smallsun107","blacktraffic","Mikehho","invokethreatguy","congtrung2k1","Lengso","socketz","MicrobBlue","eladyesh","itSssm3","TTP-Xtian","DummyKitty","NyxKazuya","2867a0","gsmith257-cyber","flyingllama87","zhourong245","zclfly","cornerbrooke","terry6020","tais9","sh4hin","moonD4rk","krystianbajno","oldkingcone","wisdark","breachlabs-org","W0rldSeeker","kernel-sanders","idfp","syndrowm","jeffmcjunkin","superuser5","zhangding222","leftp","an0x03e8","JBalanza","53845714nF","realCheesyQuesadilla","moonflowersl","davehardy20","j0nh4t","nvroot","Droid-MAX","Taius","g0h4n","princeleonal","JeremyNGalloway","zpaav","tylerrobinson","tracure1337","beratgisler","hljdqwxq","H1ghC0ntr4sT","Logan-Elliott","cl3a2","whiterabb17","Code-ish","0xyy66","bridge-four","come2darkside","Answerr","Alchemyst0x","kpa1on","jxlambda","thesubtlety","Vulnpire","match-markhattarki","fhlip0","WebKmn","128jku9j","AndC100101100","cxm437","cakebomb999","daSk1d","chosenonehacks","samyk","FutureBody","shreyash2002","yo870","grim3","YousefNein","newsoft","dlescos","cammclain","bravery9","chryzsh","boh","neeemu","Jepson2k","AZEC0x00","l1j1","RalphDesmangles","GeneralBison","sectonz","stultitiophobia","Saltinbank-SyS","Octavian0073","NoobCat2000","3ud4jm0nj4","Karib0u","florianamette","Mohammad-Almusilhi","pr1m0rdial","scumdestroy","Dax911","KlinKlinKlin","Nurdich","24-2021","Sndav","tehstoni","voidvxvt","wohuavt","cmndcntrlcyber","Adnnlnistrator","fin3ss3g0d","Chris1871","linkinpark320","0x5844","NoahPN","keannun","Fadil2k","hirak0","akcoren","xiaoyanit","PepiPetrov","thiagomayllart","stroblite","L0nm4r","spinochenza"],"contributor_count":1,"contributors":["trickster0"],"open_pull_request_count":0,"open_pull_requests":[],"label_count":9,"labels":["bug","documentation","duplicate","enhancement","good first issue","help wanted","invalid","question","wontfix"],"subscribers":["trickster0","goodluck4you"],"subscribers_count":2,"committers":["web-flow","web-flow","web-flow","trickster0"],"committers_count":2,"committers_emails":["tserpthanasis@gmail.com","tserpthanasis@gmail.com","tserpthanasis@gmail.com","tserpthanasis@gmail.com"],"committers_emails_count":1,"authors":["trickster0","trickster0","trickster0","trickster0"],"authors_count":1,"assignees":["trickster0"],"assignees_count":1}