{"forks_count":31,"forkers":["RedTeams","aSysadminStory","ExiaHan","golubenkoff","mahdiansari","techspence","fitzwar","Sec-Fork","Hdys0vn","Bcp-homelab","jabdy86","gmh5225","eblab","5l1v3r1","Atumcell","Blue-infosec","jbgalet","lorenaman","bravery9","cvlabsio","dannymas","xtenex","0xAJStrike","jxpsx","SunandM","zha0","entrysky","AnshumanSrivastavaGit","an4kein","q-a-z","rebrec","commial"],"stargazers_count":300,"stargazers":["JimSycurity","superuser5","arthurguyader","AYDEV-FR","ruuand","Rackme","luminouw","cnotin","spumon1","ldap389","snovvcrash","citronneur","pminnebach","grimbelhax","mb73fr","JeremyNGalloway","JaekelEDV","sttscc","TAI-REx","Syzik","ION28","newsoft","5y5tem5","m3rcer","dust-life","paranoidrookie","cream-sec","Scarthan","loecho-sec","he0x","stultitiophobia","Kagantua","rezaduty","ttwye","fgeek","BertMueller18","Ruuucker","an4kein","kernel-sanders","bewniac","nanaao","KeyStrOke95","AnshumanSrivastavaGit","cilvir","tuvyak","embargod","oferchen","percu","mbecarv","entrysky","AkechiShiro","ahmedandaloes","tracure1337","0A7V9A","youwreck","hFHimA","sgcm14","Selets","changbiao","come2darkside","itdabid","lprat","ep1nephrine","spyr0-sec","0xAsh","ryanbaxendale","MushR00m","wavvs","RHoodHack","ashr","sp00ks-git","f-bader","L0nm4r","nclv","jxpsx","jeffmcjunkin","bdrogja","C0nneR","Leo-Lionni","jdmonty","SimonOsaka","greygraf","wha000tif","For3stCo1d","bambooqj","oakkaya","dannyroemhild","OPortista","matthieuop","mjpradeepraj","Imperol","pentestingtoolkit","bestrocker221","foolb","1mm0rt41PC","zyndykyt","un4ckn0wl3z","Siss3l","John-Limb","denji","Powershell-coder","jonod8698","selmandikici","bravery9","lorenaman","Brinksbryan","tingtho","mikeman","zwned","zbalkan","zugnet643","hamannju","melid404","Mar8x","xrkk","EddieIvan01","TomTom18-eng","extremefan","NickYan7","kas0n","corsch","Untuouchum","Zab-an","NelsonBA81","kantium","infosecwatchman","scumdestroy","joppegabbe","cthulhu897","bastienperez","mackpowers","iRaven4522","handshake21","jezh42","CII3ER","tims-newera","embrsword","kthordarson","Kuermel","giannidaprile","wh1tenoise","arthurfm","simongoltz","lakehill","Arkaines","egwillim","TobiOhr","JOELwindows7","jmerriweather","schleyk","hydeel","pinyinman","dottorvenom","davehardy20","lck0","rtgillen","puzzithinker","vforvasilis","vpn28","SokratisUNI","Spookymic","jinkyler","idnovic","MilleniumSpark","yasintasci","pratama404","laxa","lemonfugu","RalphDesmangles","1njected","jiangdada6","gerimisc","rlvilla","tzvizaiman","ehmiiz","IOKernel","syndrowm","AnkurYogi","th3k3ymak3r","aN0mad","mehmethafif","aleenzz","xhzeem","djnnvx","xmarkinmtlx","jbfuzier","behneyh","gsmith257-cyber","bond00","ep3p","sakya02","tpmiller87","yamakadi","0xXyc","Darktortue","BANANAMAGIC","CausticKirbyZ","rebelinux","jsmithtech2019","Marshall-Hallenbeck","hayasec","PhiZ-9","iccugs","helloyw","gelven4sec","mukarramkhalid","vinerik","frankwiersma","Scoubi","AV-IO","Azdamus","abonoit","mwatkins-leviathan","jackrendor","jabdy86","mjsln","petarbojic","Hdys0vn","edermi","Taius","hl0rey","cn-kali-team","xzxxzzzz000","zhzyker","hyperware1337","1Gould","AnthonyHerman","hirak0","exord66","NishanthAnand21","ktur","0xojaxwi","nickel-w","yrjo","calvk","furmelade","onecloudemoji","PaulSilvaMCT","joaoviictorti","silentEAG","cr4ck3rj4ck5","vials-1979","NakNak669","hastalamuerte","Xtraverageoperator","ExiaHan","presianbg","n4txo","techspence","PSJoshi","danti1988","jsalgado78","Ilyesdhiaeddine","roycewilliams","aSysadminStory","catbyte-io","neuralpain","razin99","goodwillhacking","thibautfontaine","ruppde","TheRealKerel","aslak","PretaPistola","jbologna","Stevcryar","ahnospell44","ThoughtContagion","LawrenceIRL","fuzzy3k","cftong","Spacial","Colisian","cozadk","SeeNanshaneisurely","KlinKlinKlin","wlaib","adrian207","litsnarf","Jolv95","Alex6440","gitgotgitgotit","mrpnkt","wrecklesswun","6t2","jhanrahan-lum","RajChowdhury240","Mohammad-Almusilhi","skrghosh","0x13hrafnulf","9h9he","Z4H33R","superswan","gromedev","SecurityAddicted","n0zk1","cmjlove1","immateria","DarkInnocence","nitre"],"watchers_count":300,"watchers":["JimSycurity","superuser5","arthurguyader","AYDEV-FR","ruuand","Rackme","luminouw","cnotin","spumon1","ldap389","snovvcrash","citronneur","pminnebach","grimbelhax","mb73fr","JeremyNGalloway","JaekelEDV","sttscc","TAI-REx","Syzik","ION28","newsoft","5y5tem5","m3rcer","dust-life","paranoidrookie","cream-sec","Scarthan","loecho-sec","he0x","stultitiophobia","Kagantua","rezaduty","ttwye","fgeek","BertMueller18","Ruuucker","an4kein","kernel-sanders","bewniac","nanaao","KeyStrOke95","AnshumanSrivastavaGit","cilvir","tuvyak","embargod","oferchen","percu","mbecarv","entrysky","AkechiShiro","ahmedandaloes","tracure1337","0A7V9A","youwreck","hFHimA","sgcm14","Selets","changbiao","come2darkside","itdabid","lprat","ep1nephrine","spyr0-sec","0xAsh","ryanbaxendale","MushR00m","wavvs","RHoodHack","ashr","sp00ks-git","f-bader","L0nm4r","nclv","jxpsx","jeffmcjunkin","bdrogja","C0nneR","Leo-Lionni","jdmonty","SimonOsaka","greygraf","wha000tif","For3stCo1d","bambooqj","oakkaya","dannyroemhild","OPortista","matthieuop","mjpradeepraj","Imperol","pentestingtoolkit","bestrocker221","foolb","1mm0rt41PC","zyndykyt","un4ckn0wl3z","Siss3l","John-Limb","denji","Powershell-coder","jonod8698","selmandikici","bravery9","lorenaman","Brinksbryan","tingtho","mikeman","zwned","zbalkan","zugnet643","hamannju","melid404","Mar8x","xrkk","EddieIvan01","TomTom18-eng","extremefan","NickYan7","kas0n","corsch","Untuouchum","Zab-an","NelsonBA81","kantium","infosecwatchman","scumdestroy","joppegabbe","cthulhu897","bastienperez","mackpowers","iRaven4522","handshake21","jezh42","CII3ER","tims-newera","embrsword","kthordarson","Kuermel","giannidaprile","wh1tenoise","arthurfm","simongoltz","lakehill","Arkaines","egwillim","TobiOhr","JOELwindows7","jmerriweather","schleyk","hydeel","pinyinman","dottorvenom","davehardy20","lck0","rtgillen","puzzithinker","vforvasilis","vpn28","SokratisUNI","Spookymic","jinkyler","idnovic","MilleniumSpark","yasintasci","pratama404","laxa","lemonfugu","RalphDesmangles","1njected","jiangdada6","gerimisc","rlvilla","tzvizaiman","ehmiiz","IOKernel","syndrowm","AnkurYogi","th3k3ymak3r","aN0mad","mehmethafif","aleenzz","xhzeem","djnnvx","xmarkinmtlx","jbfuzier","behneyh","gsmith257-cyber","bond00","ep3p","sakya02","tpmiller87","yamakadi","0xXyc","Darktortue","BANANAMAGIC","CausticKirbyZ","rebelinux","jsmithtech2019","Marshall-Hallenbeck","hayasec","PhiZ-9","iccugs","helloyw","gelven4sec","mukarramkhalid","vinerik","frankwiersma","Scoubi","AV-IO","Azdamus","abonoit","mwatkins-leviathan","jackrendor","jabdy86","mjsln","petarbojic","Hdys0vn","edermi","Taius","hl0rey","cn-kali-team","xzxxzzzz000","zhzyker","hyperware1337","1Gould","AnthonyHerman","hirak0","exord66","NishanthAnand21","ktur","0xojaxwi","nickel-w","yrjo","calvk","furmelade","onecloudemoji","PaulSilvaMCT","joaoviictorti","silentEAG","cr4ck3rj4ck5","vials-1979","NakNak669","hastalamuerte","Xtraverageoperator","ExiaHan","presianbg","n4txo","techspence","PSJoshi","danti1988","jsalgado78","Ilyesdhiaeddine","roycewilliams","aSysadminStory","catbyte-io","neuralpain","razin99","goodwillhacking","thibautfontaine","ruppde","TheRealKerel","aslak","PretaPistola","jbologna","Stevcryar","ahnospell44","ThoughtContagion","LawrenceIRL","fuzzy3k","cftong","Spacial","Colisian","cozadk","SeeNanshaneisurely","KlinKlinKlin","wlaib","adrian207","litsnarf","Jolv95","Alex6440","gitgotgitgotit","mrpnkt","wrecklesswun","6t2","jhanrahan-lum","RajChowdhury240","Mohammad-Almusilhi","skrghosh","0x13hrafnulf","9h9he","Z4H33R","superswan","gromedev","SecurityAddicted","n0zk1","cmjlove1","immateria","DarkInnocence","nitre"],"contributor_count":2,"contributors":["mtth-bfft","commial"],"open_pull_request_count":2,"open_pull_requests":["Update clap requirement from 3.0.13 to 4.1.11 in /adeleg","Update windows requirement from 0.32.0 to 0.38.0 in /adeleg"],"label_count":10,"labels":["bug","dependencies","documentation","duplicate","enhancement","good first issue","help wanted","invalid","question","wontfix"],"subscribers":["mtth-bfft","mbecarv","simasj","shandanjay","SokratisUNI","fpiz2022","rebelinux"],"subscribers_count":7,"committers":["mtth-bfft","mtth-bfft","mtth-bfft","mtth-bfft","mtth-bfft","mtth-bfft","mtth-bfft","web-flow","mtth-bfft","mtth-bfft","mtth-bfft","mtth-bfft","mtth-bfft","mtth-bfft","mtth-bfft","commial","mtth-bfft","mtth-bfft","mtth-bfft","mtth-bfft","commial","mtth-bfft","mtth-bfft","mtth-bfft","mtth-bfft","mtth-bfft","mtth-bfft","mtth-bfft","mtth-bfft","mtth-bfft","mtth-bfft","mtth-bfft","mtth-bfft","mtth-bfft","mtth-bfft","mtth-bfft","mtth-bfft","mtth-bfft","mtth-bfft","mtth-bfft","mtth-bfft","mtth-bfft","mtth-bfft","mtth-bfft","mtth-bfft","mtth-bfft","mtth-bfft","mtth-bfft","mtth-bfft","mtth-bfft","mtth-bfft","mtth-bfft","mtth-bfft","mtth-bfft","mtth-bfft","mtth-bfft","mtth-bfft","mtth-bfft","mtth-bfft","mtth-bfft","mtth-bfft","mtth-bfft","mtth-bfft","mtth-bfft","mtth-bfft","mtth-bfft","mtth-bfft","mtth-bfft","mtth-bfft","mtth-bfft","mtth-bfft","mtth-bfft","mtth-bfft","mtth-bfft","mtth-bfft","mtth-bfft","mtth-bfft","mtth-bfft","mtth-bfft","mtth-bfft","mtth-bfft","mtth-bfft","mtth-bfft","mtth-bfft","mtth-bfft","mtth-bfft","mtth-bfft","mtth-bfft","mtth-bfft","mtth-bfft","mtth-bfft","mtth-bfft","mtth-bfft","mtth-bfft","mtth-bfft","mtth-bfft","mtth-bfft","mtth-bfft","mtth-bfft","mtth-bfft","mtth-bfft","mtth-bfft","mtth-bfft"],"committers_count":3,"committers_emails":["matthieu@buffet.re","matthieu@buffet.re","matthieu@buffet.re","matthieu@buffet.re","matthieu@buffet.re","matthieu@buffet.re","matthieu@buffet.re","mtth-bfft@users.noreply.github.com","matthieu@buffet.re","matthieu@buffet.re","matthieu@buffet.re","matthieu@buffet.re","matthieu@buffet.re","matthieu@buffet.re","matthieu@buffet.re","commial@gmail.com","matthieu@buffet.re","matthieu@buffet.re","matthieu@buffet.re","matthieu@buffet.re","commial@gmail.com","matthieu@buffet.re","matthieu@buffet.re","matthieu@buffet.re","matthieu@buffet.re","matthieu@buffet.re","matthieu@buffet.re","matthieu@buffet.re","matthieu@buffet.re","matthieu@buffet.re","matthieu@buffet.re","matthieu@buffet.re","matthieu@buffet.re","matthieu@buffet.re","matthieu@buffet.re","matthieu@buffet.re","matthieu@buffet.re","matthieu@buffet.re","matthieu@buffet.re","matthieu@buffet.re","matthieu@buffet.re","matthieu@buffet.re","matthieu@buffet.re","matthieu@buffet.re","matthieu@buffet.re","matthieu@buffet.re","matthieu@buffet.re","matthieu@buffet.re","matthieu@buffet.re","matthieu@buffet.re","matthieu@buffet.re","matthieu@buffet.re","matthieu@buffet.re","matthieu@buffet.re","matthieu@buffet.re","matthieu@buffet.re","matthieu@buffet.re","matthieu@buffet.re","matthieu@buffet.re","matthieu@buffet.re","matthieu@buffet.re","matthieu@buffet.re","matthieu@buffet.re","matthieu@buffet.re","matthieu@buffet.re","matthieu@buffet.re","matthieu@buffet.re","matthieu@buffet.re","matthieu@buffet.re","matthieu@buffet.re","matthieu@buffet.re","matthieu@buffet.re","matthieu@buffet.re","matthieu@buffet.re","matthieu@buffet.re","matthieu@buffet.re","matthieu@buffet.re","matthieu@buffet.re","matthieu@buffet.re","matthieu@buffet.re","matthieu@buffet.re","matthieu@buffet.re","matthieu@buffet.re","matthieu@buffet.re","matthieu@buffet.re","matthieu@buffet.re","matthieu@buffet.re","matthieu@buffet.re","matthieu@buffet.re","matthieu@buffet.re","matthieu@buffet.re","matthieu@buffet.re","matthieu@buffet.re","matthieu@buffet.re","matthieu@buffet.re","matthieu@buffet.re","matthieu@buffet.re","matthieu@buffet.re","matthieu@buffet.re","matthieu@buffet.re","matthieu@buffet.re","matthieu@buffet.re","matthieu@buffet.re"],"committers_emails_count":3,"authors":["mtth-bfft","mtth-bfft","mtth-bfft","mtth-bfft","mtth-bfft","mtth-bfft","mtth-bfft","mtth-bfft","mtth-bfft","mtth-bfft","mtth-bfft","mtth-bfft","mtth-bfft","mtth-bfft","mtth-bfft","commial","mtth-bfft","mtth-bfft","mtth-bfft","mtth-bfft","commial","mtth-bfft","mtth-bfft","mtth-bfft","mtth-bfft","mtth-bfft","mtth-bfft","mtth-bfft","mtth-bfft","mtth-bfft","mtth-bfft","mtth-bfft","mtth-bfft","mtth-bfft","mtth-bfft","mtth-bfft","mtth-bfft","mtth-bfft","mtth-bfft","mtth-bfft","mtth-bfft","mtth-bfft","mtth-bfft","mtth-bfft","mtth-bfft","mtth-bfft","mtth-bfft","mtth-bfft","mtth-bfft","mtth-bfft","mtth-bfft","mtth-bfft","mtth-bfft","mtth-bfft","mtth-bfft","mtth-bfft","mtth-bfft","mtth-bfft","mtth-bfft","mtth-bfft","mtth-bfft","mtth-bfft","mtth-bfft","mtth-bfft","mtth-bfft","mtth-bfft","mtth-bfft","mtth-bfft","mtth-bfft","mtth-bfft","mtth-bfft","mtth-bfft","mtth-bfft","mtth-bfft","mtth-bfft","mtth-bfft","mtth-bfft","mtth-bfft","mtth-bfft","mtth-bfft","mtth-bfft","mtth-bfft","mtth-bfft","mtth-bfft","mtth-bfft","mtth-bfft","mtth-bfft","mtth-bfft","mtth-bfft","mtth-bfft","mtth-bfft","mtth-bfft","mtth-bfft","mtth-bfft","mtth-bfft","mtth-bfft","mtth-bfft","mtth-bfft","mtth-bfft","mtth-bfft","mtth-bfft","mtth-bfft","mtth-bfft"],"authors_count":2,"assignees":["mtth-bfft"],"assignees_count":1}