{
    "forks_count": 24,
    "forkers": [
        "Atrilka",
        "shadoxys",
        "yeshuibo",
        "Res10re",
        "zha0",
        "bhistestexfil",
        "fckoo",
        "cjramseyer",
        "killvxk",
        "dkstar11q",
        "crispud",
        "Ridter",
        "Hdys0vn",
        "analyticsearch",
        "sec13b",
        "nanaao",
        "cmjlove1",
        "mukarramkhalid",
        "Mayyhem",
        "ScriptIdiot",
        "ASkyeye",
        "emdnaia",
        "samy4samy",
        "wisdark"
    ],
    "stargazers_count": 204,
    "stargazers": [
        "gitgotgitgotit",
        "xct",
        "tmechen",
        "cowbe0x004",
        "boringthegod",
        "j0nh4t",
        "Taius",
        "famasoon",
        "wisdark",
        "YoruYagami",
        "sosdave",
        "CraigUnder",
        "Thauza",
        "rootjaxk",
        "1N73LL1G3NC3x",
        "p4yl0ad",
        "embargod",
        "WesleyWong420",
        "hastalamuerte",
        "unkvolism",
        "S3cur3Th1sSh1t",
        "spyr0-sec",
        "djackreuter",
        "The-Viper-One",
        "kpa1on",
        "lefayjey",
        "0xDECEA5ED",
        "erikwilhelmssson",
        "Casp3r-0",
        "FZKiritsugu",
        "evildrummer",
        "cmprmsd",
        "tmoney11",
        "D3STY",
        "paran0ids0ul",
        "leftp",
        "luxcupitor",
        "joaoviictorti",
        "oppsec",
        "TheAbyssalOne",
        "ScriptIdiot",
        "Dharani-sanjaiy",
        "bannsec",
        "6661620a",
        "EvanMcBroom",
        "werdhaihai",
        "NakNak669",
        "5y5tem5",
        "amTeaq",
        "NioZow",
        "JimSycurity",
        "dottorvenom",
        "Jean-Francois-C",
        "nclv",
        "Mayter",
        "lukasrdarev",
        "Flangvik",
        "MzHmO",
        "nodauf",
        "naksyn",
        "tehstoni",
        "brmkit",
        "0xbad53c",
        "clod81",
        "meshari10",
        "matruane",
        "davehardy20",
        "seriotonctf",
        "acrono",
        "shrek3n",
        "willemdh",
        "SamSepiolProxy",
        "kleiton0x00",
        "DEVisions",
        "nadav-ram",
        "w00dyl3g",
        "kernel-sanders",
        "dunderhay",
        "ricardojoserf",
        "ItsCrem",
        "S9MF",
        "idiotc4t",
        "m4lwhere",
        "RalphDesmangles",
        "mukarramkhalid",
        "koztkozt",
        "TomTom18-eng",
        "jpthew",
        "Caozuoking",
        "cmjlove1",
        "Ashupup",
        "XiaoliChan",
        "dust-life",
        "cream-sec",
        "vflame6",
        "icheernoom",
        "sgf",
        "chr0n1k",
        "boh",
        "tingtho",
        "Lz1y",
        "KeyStrOke95",
        "LaRancion",
        "patuuh",
        "nanaao",
        "B0y1n4o4",
        "gh-fml",
        "yamakadi",
        "killvxk",
        "theguly",
        "blacktraffic",
        "d0gkiller87",
        "MattiaCossu",
        "an0x03e8",
        "JonasBK",
        "mez-0",
        "brimstone",
        "theGuildHall",
        "beerandgin",
        "scmanjarrez",
        "xrkk",
        "Ptkatz",
        "Hdys0vn",
        "BGE-faith",
        "0x023",
        "TTP-Pau",
        "Chickenn-afk",
        "Ridter",
        "tnkr",
        "WFoy-Ortiz",
        "VoldeSec",
        "jgoosey",
        "crispud",
        "Barriuso",
        "D4rkz3rO",
        "tobraha",
        "satrox28",
        "cjramseyer",
        "Leo4j",
        "kapiushion",
        "a7t0fwa7",
        "128jku9j",
        "udpsec",
        "WS-G",
        "mehmethafif",
        "jivoi",
        "crazyrat-software",
        "fckoo",
        "abaker2010",
        "S1ckB0y1337",
        "Kr0ff",
        "matthewomccorkle",
        "lkys37en",
        "SokratisUNI",
        "edermi",
        "Hamid-K",
        "xzxxzzzz000",
        "netbiosX",
        "zha0gongz1",
        "just4anut",
        "Spez77777",
        "rev10d",
        "sumitvgithub",
        "EclipseX270",
        "Element-hash",
        "Mayyhem",
        "Cer3s-k",
        "Anthirian",
        "ledrypotato",
        "SeeNanshaneisurely",
        "NoobCat2000",
        "b2investor",
        "jwardsmith",
        "Maleick",
        "Zab-an",
        "zizoMatesha",
        "Saltinbank-SyS",
        "KlinKlinKlin",
        "vay3t",
        "rx4lq6",
        "yeshuibo",
        "youcannotseemeagain",
        "MilleniumSpark",
        "gsmith257-cyber",
        "tact1c1an",
        "Fabrizzio53",
        "favoritetechbrr",
        "aniimesh48",
        "chryzsh",
        "RandomCyberM",
        "lzzbb",
        "eversinc33",
        "milldwagydawg",
        "st3rven",
        "VasilisKosto",
        "kaIIsyms",
        "Nurdich",
        "xsxz",
        "OlivierLaflamme",
        "gosoxharp",
        "nn0ses",
        "mutugorou",
        "manesec",
        "FlowerWitch"
    ],
    "watchers_count": 204,
    "watchers": [
        "gitgotgitgotit",
        "xct",
        "tmechen",
        "cowbe0x004",
        "boringthegod",
        "j0nh4t",
        "Taius",
        "famasoon",
        "wisdark",
        "YoruYagami",
        "sosdave",
        "CraigUnder",
        "Thauza",
        "rootjaxk",
        "1N73LL1G3NC3x",
        "p4yl0ad",
        "embargod",
        "WesleyWong420",
        "hastalamuerte",
        "unkvolism",
        "S3cur3Th1sSh1t",
        "spyr0-sec",
        "djackreuter",
        "The-Viper-One",
        "kpa1on",
        "lefayjey",
        "0xDECEA5ED",
        "erikwilhelmssson",
        "Casp3r-0",
        "FZKiritsugu",
        "evildrummer",
        "cmprmsd",
        "tmoney11",
        "D3STY",
        "paran0ids0ul",
        "leftp",
        "luxcupitor",
        "joaoviictorti",
        "oppsec",
        "TheAbyssalOne",
        "ScriptIdiot",
        "Dharani-sanjaiy",
        "bannsec",
        "6661620a",
        "EvanMcBroom",
        "werdhaihai",
        "NakNak669",
        "5y5tem5",
        "amTeaq",
        "NioZow",
        "JimSycurity",
        "dottorvenom",
        "Jean-Francois-C",
        "nclv",
        "Mayter",
        "lukasrdarev",
        "Flangvik",
        "MzHmO",
        "nodauf",
        "naksyn",
        "tehstoni",
        "brmkit",
        "0xbad53c",
        "clod81",
        "meshari10",
        "matruane",
        "davehardy20",
        "seriotonctf",
        "acrono",
        "shrek3n",
        "willemdh",
        "SamSepiolProxy",
        "kleiton0x00",
        "DEVisions",
        "nadav-ram",
        "w00dyl3g",
        "kernel-sanders",
        "dunderhay",
        "ricardojoserf",
        "ItsCrem",
        "S9MF",
        "idiotc4t",
        "m4lwhere",
        "RalphDesmangles",
        "mukarramkhalid",
        "koztkozt",
        "TomTom18-eng",
        "jpthew",
        "Caozuoking",
        "cmjlove1",
        "Ashupup",
        "XiaoliChan",
        "dust-life",
        "cream-sec",
        "vflame6",
        "icheernoom",
        "sgf",
        "chr0n1k",
        "boh",
        "tingtho",
        "Lz1y",
        "KeyStrOke95",
        "LaRancion",
        "patuuh",
        "nanaao",
        "B0y1n4o4",
        "gh-fml",
        "yamakadi",
        "killvxk",
        "theguly",
        "blacktraffic",
        "d0gkiller87",
        "MattiaCossu",
        "an0x03e8",
        "JonasBK",
        "mez-0",
        "brimstone",
        "theGuildHall",
        "beerandgin",
        "scmanjarrez",
        "xrkk",
        "Ptkatz",
        "Hdys0vn",
        "BGE-faith",
        "0x023",
        "TTP-Pau",
        "Chickenn-afk",
        "Ridter",
        "tnkr",
        "WFoy-Ortiz",
        "VoldeSec",
        "jgoosey",
        "crispud",
        "Barriuso",
        "D4rkz3rO",
        "tobraha",
        "satrox28",
        "cjramseyer",
        "Leo4j",
        "kapiushion",
        "a7t0fwa7",
        "128jku9j",
        "udpsec",
        "WS-G",
        "mehmethafif",
        "jivoi",
        "crazyrat-software",
        "fckoo",
        "abaker2010",
        "S1ckB0y1337",
        "Kr0ff",
        "matthewomccorkle",
        "lkys37en",
        "SokratisUNI",
        "edermi",
        "Hamid-K",
        "xzxxzzzz000",
        "netbiosX",
        "zha0gongz1",
        "just4anut",
        "Spez77777",
        "rev10d",
        "sumitvgithub",
        "EclipseX270",
        "Element-hash",
        "Mayyhem",
        "Cer3s-k",
        "Anthirian",
        "ledrypotato",
        "SeeNanshaneisurely",
        "NoobCat2000",
        "b2investor",
        "jwardsmith",
        "Maleick",
        "Zab-an",
        "zizoMatesha",
        "Saltinbank-SyS",
        "KlinKlinKlin",
        "vay3t",
        "rx4lq6",
        "yeshuibo",
        "youcannotseemeagain",
        "MilleniumSpark",
        "gsmith257-cyber",
        "tact1c1an",
        "Fabrizzio53",
        "favoritetechbrr",
        "aniimesh48",
        "chryzsh",
        "RandomCyberM",
        "lzzbb",
        "eversinc33",
        "milldwagydawg",
        "st3rven",
        "VasilisKosto",
        "kaIIsyms",
        "Nurdich",
        "xsxz",
        "OlivierLaflamme",
        "gosoxharp",
        "nn0ses",
        "mutugorou",
        "manesec",
        "FlowerWitch"
    ],
    "contributor_count": 1,
    "contributors": [
        "decoder-it"
    ],
    "open_pull_request_count": 0,
    "open_pull_requests": [],
    "label_count": 9,
    "labels": [
        "bug",
        "documentation",
        "duplicate",
        "enhancement",
        "good first issue",
        "help wanted",
        "invalid",
        "question",
        "wontfix"
    ],
    "subscribers": [
        "decoder-it",
        "erikwilhelmssson",
        "zizoMatesha",
        "favoritetechbrr"
    ],
    "subscribers_count": 4,
    "committers": [
        "web-flow",
        "web-flow",
        "web-flow",
        "web-flow",
        "web-flow",
        "web-flow",
        "web-flow",
        "web-flow",
        "web-flow",
        "web-flow",
        "web-flow",
        "web-flow",
        "web-flow",
        "web-flow",
        "web-flow",
        "web-flow",
        "web-flow",
        "web-flow",
        "web-flow",
        "web-flow",
        "web-flow",
        "web-flow",
        "web-flow",
        "web-flow",
        "web-flow",
        "web-flow",
        "web-flow",
        "web-flow",
        "web-flow",
        "web-flow",
        "web-flow",
        "web-flow",
        "web-flow",
        "web-flow",
        "web-flow",
        "web-flow",
        "web-flow",
        "web-flow",
        "web-flow"
    ],
    "committers_count": 1,
    "committers_emails": [
        "35346881+decoder-it@users.noreply.github.com",
        "35346881+decoder-it@users.noreply.github.com",
        "35346881+decoder-it@users.noreply.github.com",
        "andreap@semperis.com",
        "35346881+decoder-it@users.noreply.github.com",
        "35346881+decoder-it@users.noreply.github.com",
        "35346881+decoder-it@users.noreply.github.com",
        "35346881+decoder-it@users.noreply.github.com",
        "35346881+decoder-it@users.noreply.github.com",
        "35346881+decoder-it@users.noreply.github.com",
        "35346881+decoder-it@users.noreply.github.com",
        "35346881+decoder-it@users.noreply.github.com",
        "35346881+decoder-it@users.noreply.github.com",
        "35346881+decoder-it@users.noreply.github.com",
        "35346881+decoder-it@users.noreply.github.com",
        "35346881+decoder-it@users.noreply.github.com",
        "35346881+decoder-it@users.noreply.github.com",
        "35346881+decoder-it@users.noreply.github.com",
        "35346881+decoder-it@users.noreply.github.com",
        "35346881+decoder-it@users.noreply.github.com",
        "35346881+decoder-it@users.noreply.github.com",
        "35346881+decoder-it@users.noreply.github.com",
        "35346881+decoder-it@users.noreply.github.com",
        "35346881+decoder-it@users.noreply.github.com",
        "35346881+decoder-it@users.noreply.github.com",
        "35346881+decoder-it@users.noreply.github.com",
        "35346881+decoder-it@users.noreply.github.com",
        "35346881+decoder-it@users.noreply.github.com",
        "andreap@semperis.com",
        "andreap@semperis.com",
        "andreap@semperis.com",
        "35346881+decoder-it@users.noreply.github.com",
        "35346881+decoder-it@users.noreply.github.com",
        "35346881+decoder-it@users.noreply.github.com",
        "35346881+decoder-it@users.noreply.github.com",
        "35346881+decoder-it@users.noreply.github.com",
        "35346881+decoder-it@users.noreply.github.com",
        "35346881+decoder-it@users.noreply.github.com",
        "35346881+decoder-it@users.noreply.github.com",
        "35346881+decoder-it@users.noreply.github.com",
        "35346881+decoder-it@users.noreply.github.com",
        "35346881+decoder-it@users.noreply.github.com",
        "35346881+decoder-it@users.noreply.github.com",
        "andreap@semperis.com",
        "andreap@semperis.com"
    ],
    "committers_emails_count": 2,
    "assignees": [
        "decoder-it"
    ],
    "assignees_count": 1
}