{
    "forks_count": 11,
    "forkers": [
        "x746b",
        "Phuong39",
        "m00zh33",
        "CrackerCat",
        "mmilleror",
        "emdnaia",
        "hotelzululima",
        "mukarramkhalid",
        "gavz",
        "ASkyeye",
        "0xSojalSec"
    ],
    "stargazers_count": 69,
    "stargazers": [
        "furax124",
        "TaxMachine",
        "EvilBytecode",
        "zessu",
        "davehardy20",
        "sh4hin",
        "habib26-14",
        "omaramin17",
        "PaulzePirate",
        "Cyb3r-Monk",
        "0xQRx",
        "mukarramkhalid",
        "Hello-xBugs",
        "wuyoukm",
        "rabbitstack",
        "erenaslandev",
        "voidvxvt",
        "tdsbs",
        "rs0d",
        "mssky9527",
        "Saltinbank-SyS",
        "v1stra",
        "christian-korneck",
        "Theeespiiiaaan",
        "xzxxzzzz000",
        "aancw",
        "Ringx3",
        "smallsun107",
        "Phantomn",
        "6t2",
        "Phuong39",
        "xrkk",
        "djnnvx",
        "0xsyr0",
        "sp1d3rb0y",
        "OffensiveBrute",
        "pwn2ooown",
        "Luminaw",
        "steepcloud",
        "blake774D",
        "BorjaMerino",
        "ice-wzl",
        "louoso",
        "Mrhax0rr",
        "Cyrilsou",
        "1N73LL1G3NC3x",
        "JeremyNGalloway",
        "moon2l",
        "iliopoul",
        "duqqqq",
        "wyrover",
        "helloyw",
        "orca-zhang",
        "star-bob",
        "Thibaud1255",
        "NightFuryPrime",
        "d3f0x0",
        "OohWhatever",
        "ZORO2262",
        "hastalamuerte",
        "janhrabcak",
        "Xtraverageoperator",
        "zhuzhu234",
        "blackh00d",
        "shrek3n",
        "NoobCat2000",
        "ayevesepihip",
        "phuongyuma",
        "starcj929"
    ],
    "watchers_count": 69,
    "watchers": [
        "furax124",
        "TaxMachine",
        "EvilBytecode",
        "zessu",
        "davehardy20",
        "sh4hin",
        "habib26-14",
        "omaramin17",
        "PaulzePirate",
        "Cyb3r-Monk",
        "0xQRx",
        "mukarramkhalid",
        "Hello-xBugs",
        "wuyoukm",
        "rabbitstack",
        "erenaslandev",
        "voidvxvt",
        "tdsbs",
        "rs0d",
        "mssky9527",
        "Saltinbank-SyS",
        "v1stra",
        "christian-korneck",
        "Theeespiiiaaan",
        "xzxxzzzz000",
        "aancw",
        "Ringx3",
        "smallsun107",
        "Phantomn",
        "6t2",
        "Phuong39",
        "xrkk",
        "djnnvx",
        "0xsyr0",
        "sp1d3rb0y",
        "OffensiveBrute",
        "pwn2ooown",
        "Luminaw",
        "steepcloud",
        "blake774D",
        "BorjaMerino",
        "ice-wzl",
        "louoso",
        "Mrhax0rr",
        "Cyrilsou",
        "1N73LL1G3NC3x",
        "JeremyNGalloway",
        "moon2l",
        "iliopoul",
        "duqqqq",
        "wyrover",
        "helloyw",
        "orca-zhang",
        "star-bob",
        "Thibaud1255",
        "NightFuryPrime",
        "d3f0x0",
        "OohWhatever",
        "ZORO2262",
        "hastalamuerte",
        "janhrabcak",
        "Xtraverageoperator",
        "zhuzhu234",
        "blackh00d",
        "shrek3n",
        "NoobCat2000",
        "ayevesepihip",
        "phuongyuma",
        "starcj929"
    ],
    "contributor_count": 1,
    "contributors": [
        "furax124"
    ],
    "open_pull_request_count": 0,
    "open_pull_requests": [],
    "label_count": 9,
    "labels": [
        "bug",
        "documentation",
        "duplicate",
        "enhancement",
        "good first issue",
        "help wanted",
        "invalid",
        "question",
        "wontfix"
    ],
    "subscribers": [
        "furax124",
        "Phuong39"
    ],
    "subscribers_count": 2,
    "committers": [
        "web-flow",
        "web-flow",
        "web-flow",
        "web-flow",
        "web-flow",
        "web-flow",
        "web-flow",
        "web-flow",
        "web-flow",
        "web-flow",
        "web-flow",
        "web-flow",
        "web-flow",
        "web-flow",
        "web-flow",
        "web-flow",
        "web-flow",
        "web-flow",
        "web-flow",
        "web-flow",
        "web-flow",
        "web-flow",
        "web-flow",
        "web-flow",
        "web-flow",
        "web-flow",
        "web-flow",
        "web-flow",
        "web-flow",
        "web-flow",
        "web-flow",
        "web-flow",
        "web-flow",
        "web-flow",
        "web-flow",
        "web-flow",
        "web-flow",
        "web-flow",
        "web-flow",
        "web-flow",
        "web-flow",
        "web-flow",
        "web-flow",
        "web-flow",
        "web-flow",
        "web-flow",
        "web-flow",
        "web-flow",
        "web-flow",
        "web-flow",
        "web-flow",
        "web-flow",
        "web-flow",
        "web-flow",
        "web-flow",
        "web-flow",
        "web-flow",
        "web-flow",
        "web-flow",
        "web-flow",
        "web-flow",
        "web-flow",
        "web-flow",
        "web-flow",
        "web-flow",
        "web-flow",
        "web-flow",
        "web-flow",
        "web-flow",
        "web-flow",
        "web-flow",
        "web-flow"
    ],
    "committers_count": 1,
    "committers_emails": [
        "84036582+furax124@users.noreply.github.com",
        "84036582+furax124@users.noreply.github.com",
        "84036582+furax124@users.noreply.github.com",
        "84036582+furax124@users.noreply.github.com",
        "84036582+furax124@users.noreply.github.com",
        "84036582+furax124@users.noreply.github.com",
        "84036582+furax124@users.noreply.github.com",
        "84036582+furax124@users.noreply.github.com",
        "84036582+furax124@users.noreply.github.com",
        "84036582+furax124@users.noreply.github.com",
        "84036582+furax124@users.noreply.github.com",
        "84036582+furax124@users.noreply.github.com",
        "84036582+furax124@users.noreply.github.com",
        "84036582+furax124@users.noreply.github.com",
        "84036582+furax124@users.noreply.github.com",
        "84036582+furax124@users.noreply.github.com",
        "84036582+furax124@users.noreply.github.com",
        "84036582+furax124@users.noreply.github.com",
        "84036582+furax124@users.noreply.github.com",
        "84036582+furax124@users.noreply.github.com",
        "84036582+furax124@users.noreply.github.com",
        "84036582+furax124@users.noreply.github.com",
        "84036582+furax124@users.noreply.github.com",
        "84036582+furax124@users.noreply.github.com",
        "84036582+furax124@users.noreply.github.com",
        "84036582+furax124@users.noreply.github.com",
        "84036582+furax124@users.noreply.github.com",
        "84036582+furax124@users.noreply.github.com",
        "84036582+furax124@users.noreply.github.com",
        "84036582+furax124@users.noreply.github.com",
        "84036582+furax124@users.noreply.github.com",
        "84036582+furax124@users.noreply.github.com",
        "84036582+furax124@users.noreply.github.com",
        "84036582+furax124@users.noreply.github.com",
        "84036582+furax124@users.noreply.github.com",
        "84036582+furax124@users.noreply.github.com",
        "84036582+furax124@users.noreply.github.com",
        "84036582+furax124@users.noreply.github.com",
        "84036582+furax124@users.noreply.github.com",
        "84036582+furax124@users.noreply.github.com",
        "84036582+furax124@users.noreply.github.com",
        "84036582+furax124@users.noreply.github.com",
        "84036582+furax124@users.noreply.github.com",
        "84036582+furax124@users.noreply.github.com",
        "84036582+furax124@users.noreply.github.com",
        "84036582+furax124@users.noreply.github.com",
        "84036582+furax124@users.noreply.github.com",
        "84036582+furax124@users.noreply.github.com",
        "84036582+furax124@users.noreply.github.com",
        "84036582+furax124@users.noreply.github.com",
        "84036582+furax124@users.noreply.github.com",
        "84036582+furax124@users.noreply.github.com",
        "84036582+furax124@users.noreply.github.com",
        "84036582+furax124@users.noreply.github.com",
        "84036582+furax124@users.noreply.github.com",
        "84036582+furax124@users.noreply.github.com",
        "84036582+furax124@users.noreply.github.com",
        "84036582+furax124@users.noreply.github.com",
        "84036582+furax124@users.noreply.github.com",
        "84036582+furax124@users.noreply.github.com",
        "84036582+furax124@users.noreply.github.com",
        "84036582+furax124@users.noreply.github.com",
        "84036582+furax124@users.noreply.github.com",
        "84036582+furax124@users.noreply.github.com",
        "84036582+furax124@users.noreply.github.com",
        "84036582+furax124@users.noreply.github.com",
        "84036582+furax124@users.noreply.github.com",
        "84036582+furax124@users.noreply.github.com",
        "84036582+furax124@users.noreply.github.com",
        "84036582+furax124@users.noreply.github.com",
        "84036582+furax124@users.noreply.github.com",
        "84036582+furax124@users.noreply.github.com"
    ],
    "committers_emails_count": 1,
    "assignees": [
        "furax124"
    ],
    "assignees_count": 1
}