{
    "forks_count": 15,
    "forkers": [
        "noosec",
        "primody",
        "RainClown",
        "RobinFassinaMoschiniForks",
        "fren3tic",
        "6b3472",
        "acti0nus",
        "velespr0",
        "Zzzer0o",
        "orangice1997",
        "changheluor007",
        "9ak47er",
        "F-Masood",
        "sudonap",
        "vaginessa"
    ],
    "stargazers_count": 204,
    "stargazers": [
        "0xdea",
        "Shiva108",
        "RuffLandings",
        "vaginessa",
        "almet",
        "deejayy",
        "HY0RK",
        "kylewlacy",
        "wr0110",
        "ba0f3",
        "messede-degod",
        "yrjo",
        "p1v07",
        "jeremiahn",
        "fullspectrumdev",
        "krasnican",
        "iflody",
        "day0xy",
        "E1A",
        "pdolinic",
        "sudonap",
        "R3tr074",
        "quantum-waffle",
        "sh3dyz",
        "iccugs",
        "realCheesyQuesadilla",
        "VictorZuyev",
        "bewniac",
        "aancw",
        "NJannasch",
        "unbelauscht",
        "iiidefix",
        "colin-vandervoort",
        "joewilliams",
        "xezpeleta",
        "sss0bbb",
        "N-R0c",
        "ErsatzLogic",
        "codebam",
        "osandov",
        "lyknice23",
        "yeshuibo",
        "PowerPress",
        "mark-zh",
        "bbaileycyber",
        "jgmize",
        "b0llull0s",
        "ayato-shitomi",
        "letsgitcracking",
        "zha0gongz1",
        "MatthewMacomber",
        "mostdcoa",
        "bom-d-van",
        "alcad",
        "glycerin70",
        "codewichtel",
        "1njected",
        "itsallpretend",
        "dstrbad",
        "JoshuaBehrens",
        "schrodyn",
        "Owlean",
        "tr4c3",
        "pichl",
        "gsauthof",
        "denji",
        "xrkk",
        "ix111",
        "nanaao",
        "soffensive",
        "barttran2k",
        "fullstackpotato",
        "FlexAirTor",
        "forlorn1",
        "nitre",
        "HockeyInJune",
        "xbucd",
        "doctorjames",
        "cocoonkid",
        "Viss",
        "medelibero",
        "saelkind",
        "zbalkan",
        "gnomon-",
        "onecloudemoji",
        "hauntedpavement",
        "crkmythical",
        "N1g0yBug",
        "roycewilliams",
        "dust-life",
        "noirfate",
        "njuzzg",
        "ba0zi",
        "9ak47er",
        "onlyvae",
        "qxf77",
        "shifttymike",
        "theLSA",
        "moonflowersl",
        "changheluor007",
        "IC3-CR3AM",
        "orangice1997",
        "for-A1kaid",
        "reeee3ky",
        "fredvol",
        "xkroot",
        "thperret",
        "g2g",
        "meganerd",
        "aenvgiell",
        "uncr4ck4ble",
        "Y5neKO",
        "v3rmine",
        "rgaudin",
        "libalidexiaohuli",
        "NimdaKey",
        "cleming",
        "dwmanning",
        "04n0",
        "rstaub77",
        "0554224557",
        "eessrchhhhhh",
        "Lamber-maybe",
        "craig",
        "xjohjrdy",
        "x7peeps",
        "Arrnitage",
        "adanalvarez",
        "musasimsekrepo",
        "80r1ng",
        "awaiswill",
        "veath1",
        "ik5",
        "nonefx",
        "velespr0",
        "jimdi",
        "hastalamuerte",
        "wagonza",
        "itaymigdal",
        "hirak0",
        "mmutj",
        "lechona17",
        "PhSteel",
        "acidvegas",
        "Sisterjohng",
        "h4dri1",
        "m-hatta",
        "joshualouden",
        "a7t0fwa7",
        "kurtiepie",
        "helo86",
        "dkadev",
        "jivoi",
        "fhd342gs",
        "KVPV",
        "Ciph3rCat",
        "A-khateeb",
        "its0x08",
        "yashodhank",
        "imlonghao",
        "sakebomb",
        "dbiesecke",
        "6b3472",
        "ShinobiHanzo",
        "wr3cckl3ss",
        "SpadesA99",
        "eric-glb",
        "dodolocked",
        "Jiab77",
        "yida223",
        "RainClown",
        "wangzhenyu-cmd",
        "cfddzy",
        "cr-sh",
        "MIkaesan",
        "Mahesh-Parmar",
        "setop",
        "youngchief-btw",
        "7he7hief",
        "pvfOliveira",
        "precktler",
        "MattiaCossu",
        "zProAle",
        "grugnoymeme",
        "0rShemesh",
        "bet4it",
        "yueyeah",
        "UIWP0",
        "TylersTech2020",
        "d3m0r13l",
        "24-2021",
        "saviour123",
        "cdgsec88",
        "noosec",
        "Senlijiu",
        "tr3headhydra",
        "Azathothas",
        "camorris74",
        "danmaster01",
        "sec-9527",
        "xhd4"
    ],
    "watchers_count": 204,
    "watchers": [
        "0xdea",
        "Shiva108",
        "RuffLandings",
        "vaginessa",
        "almet",
        "deejayy",
        "HY0RK",
        "kylewlacy",
        "wr0110",
        "ba0f3",
        "messede-degod",
        "yrjo",
        "p1v07",
        "jeremiahn",
        "fullspectrumdev",
        "krasnican",
        "iflody",
        "day0xy",
        "E1A",
        "pdolinic",
        "sudonap",
        "R3tr074",
        "quantum-waffle",
        "sh3dyz",
        "iccugs",
        "realCheesyQuesadilla",
        "VictorZuyev",
        "bewniac",
        "aancw",
        "NJannasch",
        "unbelauscht",
        "iiidefix",
        "colin-vandervoort",
        "joewilliams",
        "xezpeleta",
        "sss0bbb",
        "N-R0c",
        "ErsatzLogic",
        "codebam",
        "osandov",
        "lyknice23",
        "yeshuibo",
        "PowerPress",
        "mark-zh",
        "bbaileycyber",
        "jgmize",
        "b0llull0s",
        "ayato-shitomi",
        "letsgitcracking",
        "zha0gongz1",
        "MatthewMacomber",
        "mostdcoa",
        "bom-d-van",
        "alcad",
        "glycerin70",
        "codewichtel",
        "1njected",
        "itsallpretend",
        "dstrbad",
        "JoshuaBehrens",
        "schrodyn",
        "Owlean",
        "tr4c3",
        "pichl",
        "gsauthof",
        "denji",
        "xrkk",
        "ix111",
        "nanaao",
        "soffensive",
        "barttran2k",
        "fullstackpotato",
        "FlexAirTor",
        "forlorn1",
        "nitre",
        "HockeyInJune",
        "xbucd",
        "doctorjames",
        "cocoonkid",
        "Viss",
        "medelibero",
        "saelkind",
        "zbalkan",
        "gnomon-",
        "onecloudemoji",
        "hauntedpavement",
        "crkmythical",
        "N1g0yBug",
        "roycewilliams",
        "dust-life",
        "noirfate",
        "njuzzg",
        "ba0zi",
        "9ak47er",
        "onlyvae",
        "qxf77",
        "shifttymike",
        "theLSA",
        "moonflowersl",
        "changheluor007",
        "IC3-CR3AM",
        "orangice1997",
        "for-A1kaid",
        "reeee3ky",
        "fredvol",
        "xkroot",
        "thperret",
        "g2g",
        "meganerd",
        "aenvgiell",
        "uncr4ck4ble",
        "Y5neKO",
        "v3rmine",
        "rgaudin",
        "libalidexiaohuli",
        "NimdaKey",
        "cleming",
        "dwmanning",
        "04n0",
        "rstaub77",
        "0554224557",
        "eessrchhhhhh",
        "Lamber-maybe",
        "craig",
        "xjohjrdy",
        "x7peeps",
        "Arrnitage",
        "adanalvarez",
        "musasimsekrepo",
        "80r1ng",
        "awaiswill",
        "veath1",
        "ik5",
        "nonefx",
        "velespr0",
        "jimdi",
        "hastalamuerte",
        "wagonza",
        "itaymigdal",
        "hirak0",
        "mmutj",
        "lechona17",
        "PhSteel",
        "acidvegas",
        "Sisterjohng",
        "h4dri1",
        "m-hatta",
        "joshualouden",
        "a7t0fwa7",
        "kurtiepie",
        "helo86",
        "dkadev",
        "jivoi",
        "fhd342gs",
        "KVPV",
        "Ciph3rCat",
        "A-khateeb",
        "its0x08",
        "yashodhank",
        "imlonghao",
        "sakebomb",
        "dbiesecke",
        "6b3472",
        "ShinobiHanzo",
        "wr3cckl3ss",
        "SpadesA99",
        "eric-glb",
        "dodolocked",
        "Jiab77",
        "yida223",
        "RainClown",
        "wangzhenyu-cmd",
        "cfddzy",
        "cr-sh",
        "MIkaesan",
        "Mahesh-Parmar",
        "setop",
        "youngchief-btw",
        "7he7hief",
        "pvfOliveira",
        "precktler",
        "MattiaCossu",
        "zProAle",
        "grugnoymeme",
        "0rShemesh",
        "bet4it",
        "yueyeah",
        "UIWP0",
        "TylersTech2020",
        "d3m0r13l",
        "24-2021",
        "saviour123",
        "cdgsec88",
        "noosec",
        "Senlijiu",
        "tr3headhydra",
        "Azathothas",
        "camorris74",
        "danmaster01",
        "sec-9527",
        "xhd4"
    ],
    "contributor_count": 3,
    "contributors": [
        "SkyperTHC",
        "irsl",
        "rootTHC"
    ],
    "open_pull_request_count": 0,
    "open_pull_requests": [],
    "label_count": 9,
    "labels": [
        "bug",
        "documentation",
        "duplicate",
        "enhancement",
        "good first issue",
        "help wanted",
        "invalid",
        "question",
        "wontfix"
    ],
    "subscribers": [
        "pythonmandev",
        "bbaileycyber",
        "xkroot"
    ],
    "subscribers_count": 3,
    "committers": [
        "rootTHC",
        "rootTHC",
        "web-flow",
        "SkyperTHC",
        "SkyperTHC",
        "SkyperTHC",
        "web-flow",
        "SkyperTHC",
        "SkyperTHC",
        "web-flow",
        "web-flow",
        "web-flow",
        "web-flow",
        "web-flow",
        "web-flow",
        "web-flow",
        "SkyperTHC",
        "web-flow",
        "web-flow",
        "SkyperTHC",
        "SkyperTHC",
        "SkyperTHC",
        "web-flow",
        "web-flow",
        "web-flow",
        "SkyperTHC",
        "SkyperTHC",
        "web-flow",
        "SkyperTHC",
        "web-flow",
        "web-flow",
        "web-flow",
        "SkyperTHC",
        "SkyperTHC",
        "web-flow",
        "SkyperTHC",
        "SkyperTHC",
        "irsl",
        "irsl",
        "irsl"
    ],
    "committers_count": 4,
    "committers_emails": [
        "root@proton.thc.org",
        "root@proton.thc.org",
        "5938498+SkyperTHC@users.noreply.github.com",
        "skyper@thc.org",
        "skyper@thc.org",
        "skyper@thc.org",
        "5938498+SkyperTHC@users.noreply.github.com",
        "skyper@thc.org",
        "skyper@thc.org",
        "5938498+SkyperTHC@users.noreply.github.com",
        "5938498+SkyperTHC@users.noreply.github.com",
        "5938498+SkyperTHC@users.noreply.github.com",
        "5938498+SkyperTHC@users.noreply.github.com",
        "5938498+SkyperTHC@users.noreply.github.com",
        "5938498+SkyperTHC@users.noreply.github.com",
        "5938498+SkyperTHC@users.noreply.github.com",
        "skyper@thc.org",
        "5938498+SkyperTHC@users.noreply.github.com",
        "5938498+SkyperTHC@users.noreply.github.com",
        "skyper@thc.org",
        "skyper@thc.org",
        "skyper@thc.org",
        "5938498+SkyperTHC@users.noreply.github.com",
        "5938498+SkyperTHC@users.noreply.github.com",
        "5938498+SkyperTHC@users.noreply.github.com",
        "skyper@thc.org",
        "skyper@thc.org",
        "5938498+SkyperTHC@users.noreply.github.com",
        "skyper@thc.org",
        "5938498+SkyperTHC@users.noreply.github.com",
        "5938498+SkyperTHC@users.noreply.github.com",
        "5938498+SkyperTHC@users.noreply.github.com",
        "skyper@thc.org",
        "skyper@thc.org",
        "5938498+SkyperTHC@users.noreply.github.com",
        "skyper@thc.org",
        "skyper@thc.org",
        "radimre83@gmail.com",
        "radimre83@gmail.com",
        "radimre83@gmail.com"
    ],
    "committers_emails_count": 4,
    "assignees": [
        "SkyperTHC"
    ],
    "assignees_count": 1
}