{"forks_count":60,"forkers":["uCarePwn","gysf666","swelcher","dmore","mukarramkhalid","imaverick1337","dedibagus","r3b3lscum81","kazin-kharizma","AustinNCC","wisdark","s3ancascadia","Sec-Fork","M-Chandru","secdev02","jabdy86","shadoxys","syntaxHax","offsoc","msimon96","souzat89","DaddySinz","rajivraj","MuhammadAmmadYousaf-Developer","Reb3lScum","deetl","zpaav","emdnaia","fengjixuchui","a7t0fwa7","FrancescoFaenzi","sidneysimas","DaoShiLingYuGeWu","r03n3h","chrismeistre","cvlabsio","mellonaut","zmkeh","uruskan","gmh5225","killvxk","princeleonal","Edd13Mora","hxlxmj","Spookymic","Mbaroudi","cmjlove1","S1lkys","rahmiy","xcalibure2","apkc","zha0","curtishoughton","p34t1k","c0de-sin","AssassinUKG","Red-infosec","000Tonio","5l1v3r1","tehseensagar","xtenex","Tobey123","0xRowell","AlexLinov"],"stargazers_count":418,"stargazers":["The-Viper-One","HamitKURT","rancho666","H4rk3nz0","a7t0fwa7","byt3Cr4ck3r","SebastianMajork","AlexLinov","JimSycurity","ProcessusT","AnkurYogi","izdiwho","dawnl3ss","IOKernel","rezaduty","hosakauk","WellKnitTech","pranqster","curtishoughton","tester21034","threatHNTR","lit0ne","FacePalmFury","paran0ids0ul","chosenonehacks","spiri-leo","0xd3d5ec","lwangenheim","fullspectrumdev","B10n1c3y3","xsxz","gmmarcilli","k3nundrum","0xdea","ik5","Kilzeyx","0A7V9A","S1lkys","rbwdenny","aionman","purpl3horse","dovelus","SnakeMind","nosmo-gla","PrudhommeWTF","marcoheijkoop","V31L0x1","MohamedAzyzChayeb","Daaaaayy","imertcoskun","bormaxi8080","AssassinUKG","heavyscan","ited-jbabeu","Edd13Mora","berndsep","Subxpl0it","itaymigdal","VashuVats","hackingco","RezVIKONG","ongyuann","pr0b3r7","koztkozt","DoingFedTime","themanwiththeplan-eng","BrentDrake","chr0n1k","guerillamos","0x023","cvesecurity","ilmanuz","9aylas","Ivan-Markovic","0xagil","manintheboxz","popeye1919","E1A","CalfCrusher","fnpial","cozzy77","dvahlin","sylvaincortes","nrr","kevinpdicks","Ph0urce","vaibhavtech5143","Rodrigo-Hr25","ROHAN11292","WalterHackwell","cedev-1","franckferman","rahmiy","cmjlove1","Klyx04","hoaazz","dustindog101","MonsieurCo","SisyaTeknoloji","itdabid","opfuchs","0xapt","lechona17","come2darkside","KeyStrOke95","DummyKitty","liwei1029","thunderki78","mohanex","Spookymic","hafx","d3f3nder","bastienperez","princeleonal","SteAmeR","zero13ro","killvxk","uruskan","virgilcj","zmkeh","pvfOliveira","cypheroxide","MrGuidedVengeance","me009","emmanuelenwesi","moscowchill","w00dyl3g","oighen","ShinobiHanzo","OffensiveBrute","saberzaid","Lavender-exe","mrpnkt","r03n3h","enkianu","dkadev","malsiv","101eavesdropper","WhiteOdin","daniliard7","SRW-OG","rigelnoble","Isomkevin","pawanhemnani131","hirak0","mahazoualedji","fnuzzo","WallyHackwell","Senstevie001","otterpwn","JamesConlan96","teststudent311","0xNoobody","its-sarin","0xForp","arbenshala","sscoconutree","fhd342gs","cyberust","guidoivangarcia","Anubi5x0","midist0xf","Doctor-Venom","rahigeramifar","zpaav","ger008","1njected","mwatkins-leviathan","alecclyde","k0ty","15U12U","opabravo","johnfelipe","DrorDvash","jr69ss","Ocel0tSec","scumdestroy","DarkInnocence","nclv","1Gould","famasoon","ktur","C0axx","0xsyr0","Schnell67","Costly","ar0x4","breakingcraft","MaxRozendaal","bhassani","Erdju","eniac888","elvisgraho","LsvanDarko","Patrick-DE","Kroof","iccugs","gpsrookie","stultitiophobia","deetl","tqz","petarbojic","keks411","hacks2learn","evildrummer","kernel-sanders","mmert9008","Ressurect0","carter-falconops","Taius","voukpaw","natesubra","paranoidrookie","sheepdog0x3e","bond00","BoBNewz","gr0s4b1","fillopes","sechvn","Tx0actical","th0rn5","dmcxblue","khalil0191","d34dun1c02n","PTCR","habib26-14","shrek3n","JBalanza","ulloaza","brad-gts","chrisbensch","bridge-four","yueyeah","Sir4h","muelli","xXyouknowxX","opexxx","krakixx","Miiden","bruto001","MHkira0dy","therealsun","sodinokibi","0xbada","CybLow","swelcher","UserXGnu","Kode-n-Rolla","ParAmbula","purtyb1tch92","EclipseX270","Yrok472","CryingWelkin","badboycxcc","s3luX","Rai2en","mahmoudkandeel","selmandikici","usametov","maK-","NonASomnoSp1r1tus","rmusser01","paulhshort","cihanmehmet","zero77","Vulnpire","fiercebrute","laznotlazy","Mayter","TheGreatestGgoat","jabdy86","deltaRed1a","FreelancePentester","theLSA","obelia01","SpadesA99","motikan2010","Y5neKO","deannreid","felixguerrero12","famous0123","sandeep-nsr","padowla","tmplazy","pirateoverboard","BenjiTrapp","Tim-DPC","XedSama","noname1007","CatherinePhung","itsonlym3","Lowaiz","Saltinbank-SyS","S3cur3Th1sSh1t","presianbg","davehardy20","gitgotgitgotit","FreeZeroDays","zhzyker","snovvcrash","s4dmach1ne","zblurx","dust-life","Dharani-sanjaiy","aN0mad","0xPrimo","jakuta-tech","Kr0ff","wisdark","kaIIsyms","ldy985","yamakadi","AustinNCC","macedonga","kekaroi","vigintriga","NishanthAnand21","Yextep","whoopscs","c4tfishy","gscsd5","teebow1e","reloc2","MuzukashiMkJin","tux3d0","zh54321","13obbyMack","WodenSec","AZEC0x00","cipherw0lf","ancailliau","hulto","shreethaar","cybrly","jaboss216","pwn2ooown","p1ach01","rafifdna","shapotou","rakiamaker","noods78","x86struct","Mohammad-Almusilhi","jwardsmith","jomivz","bodane","smulvenna-r7","retsl","joelvaneenwyk","eldritch-puppy","salihozanal","ezraxander","BorjaMerino","fr0stb0lt","gsmith257-cyber","LaRancion","Andreas6920","r0831281","Leon0pteryx","cmndcntrlcyber","dalemazza","rahnersec","nezha0583","SamDinkelman","git-rubrik","WaterExecution","sh4hin","0xSebin","nickhakkz","splice-r","0xHossam","deeexcee-io","0lston","iammr0ot","mukarramkhalid","3ls3if","bytebl33d","ndejong","PepiPetrov","0xTriboulet","S3lrius","Deranged0tter","an00byss","akeesling","abcheroworld","xrkk","mutugorou","LaVivaEspada","warthogtk","ldy-csis","Lz1y","albert1112","tnttony21","4l3x777","gysf666","corditus","NoobCat2000","zagnox","Zab-an","pongleg","Diegozzy","linzpoppp","EXPERT-CLOUD007","jagelta","DOCLORANT","Mrhax0rr","infosecwiz","paulkwalton","omada-challer","Xiah-666","nicoandmee","jasoneterry","akcoren","IAMinZoho","xzxxzzzz000","manojxshrestha","blackh00d","BlueishSapphire"],"watchers_count":418,"watchers":["The-Viper-One","HamitKURT","rancho666","H4rk3nz0","a7t0fwa7","byt3Cr4ck3r","SebastianMajork","AlexLinov","JimSycurity","ProcessusT","AnkurYogi","izdiwho","dawnl3ss","IOKernel","rezaduty","hosakauk","WellKnitTech","pranqster","curtishoughton","tester21034","threatHNTR","lit0ne","FacePalmFury","paran0ids0ul","chosenonehacks","spiri-leo","0xd3d5ec","lwangenheim","fullspectrumdev","B10n1c3y3","xsxz","gmmarcilli","k3nundrum","0xdea","ik5","Kilzeyx","0A7V9A","S1lkys","rbwdenny","aionman","purpl3horse","dovelus","SnakeMind","nosmo-gla","PrudhommeWTF","marcoheijkoop","V31L0x1","MohamedAzyzChayeb","Daaaaayy","imertcoskun","bormaxi8080","AssassinUKG","heavyscan","ited-jbabeu","Edd13Mora","berndsep","Subxpl0it","itaymigdal","VashuVats","hackingco","RezVIKONG","ongyuann","pr0b3r7","koztkozt","DoingFedTime","themanwiththeplan-eng","BrentDrake","chr0n1k","guerillamos","0x023","cvesecurity","ilmanuz","9aylas","Ivan-Markovic","0xagil","manintheboxz","popeye1919","E1A","CalfCrusher","fnpial","cozzy77","dvahlin","sylvaincortes","nrr","kevinpdicks","Ph0urce","vaibhavtech5143","Rodrigo-Hr25","ROHAN11292","WalterHackwell","cedev-1","franckferman","rahmiy","cmjlove1","Klyx04","hoaazz","dustindog101","MonsieurCo","SisyaTeknoloji","itdabid","opfuchs","0xapt","lechona17","come2darkside","KeyStrOke95","DummyKitty","liwei1029","thunderki78","mohanex","Spookymic","hafx","d3f3nder","bastienperez","princeleonal","SteAmeR","zero13ro","killvxk","uruskan","virgilcj","zmkeh","pvfOliveira","cypheroxide","MrGuidedVengeance","me009","emmanuelenwesi","moscowchill","w00dyl3g","oighen","ShinobiHanzo","OffensiveBrute","saberzaid","Lavender-exe","mrpnkt","r03n3h","enkianu","dkadev","malsiv","101eavesdropper","WhiteOdin","daniliard7","SRW-OG","rigelnoble","Isomkevin","pawanhemnani131","hirak0","mahazoualedji","fnuzzo","WallyHackwell","Senstevie001","otterpwn","JamesConlan96","teststudent311","0xNoobody","its-sarin","0xForp","arbenshala","sscoconutree","fhd342gs","cyberust","guidoivangarcia","Anubi5x0","midist0xf","Doctor-Venom","rahigeramifar","zpaav","ger008","1njected","mwatkins-leviathan","alecclyde","k0ty","15U12U","opabravo","johnfelipe","DrorDvash","jr69ss","Ocel0tSec","scumdestroy","DarkInnocence","nclv","1Gould","famasoon","ktur","C0axx","0xsyr0","Schnell67","Costly","ar0x4","breakingcraft","MaxRozendaal","bhassani","Erdju","eniac888","elvisgraho","LsvanDarko","Patrick-DE","Kroof","iccugs","gpsrookie","stultitiophobia","deetl","tqz","petarbojic","keks411","hacks2learn","evildrummer","kernel-sanders","mmert9008","Ressurect0","carter-falconops","Taius","voukpaw","natesubra","paranoidrookie","sheepdog0x3e","bond00","BoBNewz","gr0s4b1","fillopes","sechvn","Tx0actical","th0rn5","dmcxblue","khalil0191","d34dun1c02n","PTCR","habib26-14","shrek3n","JBalanza","ulloaza","brad-gts","chrisbensch","bridge-four","yueyeah","Sir4h","muelli","xXyouknowxX","opexxx","krakixx","Miiden","bruto001","MHkira0dy","therealsun","sodinokibi","0xbada","CybLow","swelcher","UserXGnu","Kode-n-Rolla","ParAmbula","purtyb1tch92","EclipseX270","Yrok472","CryingWelkin","badboycxcc","s3luX","Rai2en","mahmoudkandeel","selmandikici","usametov","maK-","NonASomnoSp1r1tus","rmusser01","paulhshort","cihanmehmet","zero77","Vulnpire","fiercebrute","laznotlazy","Mayter","TheGreatestGgoat","jabdy86","deltaRed1a","FreelancePentester","theLSA","obelia01","SpadesA99","motikan2010","Y5neKO","deannreid","felixguerrero12","famous0123","sandeep-nsr","padowla","tmplazy","pirateoverboard","BenjiTrapp","Tim-DPC","XedSama","noname1007","CatherinePhung","itsonlym3","Lowaiz","Saltinbank-SyS","S3cur3Th1sSh1t","presianbg","davehardy20","gitgotgitgotit","FreeZeroDays","zhzyker","snovvcrash","s4dmach1ne","zblurx","dust-life","Dharani-sanjaiy","aN0mad","0xPrimo","jakuta-tech","Kr0ff","wisdark","kaIIsyms","ldy985","yamakadi","AustinNCC","macedonga","kekaroi","vigintriga","NishanthAnand21","Yextep","whoopscs","c4tfishy","gscsd5","teebow1e","reloc2","MuzukashiMkJin","tux3d0","zh54321","13obbyMack","WodenSec","AZEC0x00","cipherw0lf","ancailliau","hulto","shreethaar","cybrly","jaboss216","pwn2ooown","p1ach01","rafifdna","shapotou","rakiamaker","noods78","x86struct","Mohammad-Almusilhi","jwardsmith","jomivz","bodane","smulvenna-r7","retsl","joelvaneenwyk","eldritch-puppy","salihozanal","ezraxander","BorjaMerino","fr0stb0lt","gsmith257-cyber","LaRancion","Andreas6920","r0831281","Leon0pteryx","cmndcntrlcyber","dalemazza","rahnersec","nezha0583","SamDinkelman","git-rubrik","WaterExecution","sh4hin","0xSebin","nickhakkz","splice-r","0xHossam","deeexcee-io","0lston","iammr0ot","mukarramkhalid","3ls3if","bytebl33d","ndejong","PepiPetrov","0xTriboulet","S3lrius","Deranged0tter","an00byss","akeesling","abcheroworld","xrkk","mutugorou","LaVivaEspada","warthogtk","ldy-csis","Lz1y","albert1112","tnttony21","4l3x777","gysf666","corditus","NoobCat2000","zagnox","Zab-an","pongleg","Diegozzy","linzpoppp","EXPERT-CLOUD007","jagelta","DOCLORANT","Mrhax0rr","infosecwiz","paulkwalton","omada-challer","Xiah-666","nicoandmee","jasoneterry","akcoren","IAMinZoho","xzxxzzzz000","manojxshrestha","blackh00d","BlueishSapphire"],"contributor_count":1,"contributors":["Leo4j"],"open_pull_request_count":0,"open_pull_requests":[],"label_count":9,"labels":["bug","documentation","duplicate","enhancement","good first issue","help wanted","invalid","question","wontfix"],"subscribers":["Leo4j","HamitKURT","AlexLinov","jonharper00","gmmarcilli","k3nundrum","S1lkys","cjwillman","eemailme","olljanat","hackingco","emmanuelenwesi","malsiv","fengjixuchui","krakixx","UserXGnu","AustinNCC"],"subscribers_count":17,"committers":["web-flow","web-flow","web-flow","web-flow","web-flow","web-flow","Leo4j","Leo4j","Leo4j","Leo4j","Leo4j","web-flow","web-flow","web-flow","web-flow","web-flow","web-flow","web-flow","web-flow","web-flow","web-flow","web-flow","web-flow","web-flow","web-flow","web-flow","web-flow","web-flow","web-flow","web-flow","web-flow","web-flow","web-flow","web-flow","web-flow","web-flow","web-flow","web-flow","web-flow","web-flow","web-flow","web-flow","web-flow","web-flow","web-flow","web-flow","web-flow","web-flow","web-flow","web-flow","web-flow","web-flow","web-flow","web-flow","web-flow","web-flow","web-flow","web-flow","web-flow","web-flow","web-flow","web-flow","web-flow","web-flow","web-flow","web-flow","web-flow","web-flow","web-flow","web-flow","web-flow","web-flow","web-flow","web-flow","web-flow","web-flow","web-flow","web-flow","web-flow","web-flow","web-flow","web-flow","web-flow","web-flow","web-flow","web-flow","web-flow","web-flow","web-flow","web-flow","web-flow","web-flow","web-flow","web-flow","web-flow","web-flow","web-flow","web-flow","web-flow","web-flow","web-flow","web-flow","web-flow","web-flow","web-flow","web-flow","web-flow","web-flow","web-flow","web-flow","web-flow","web-flow","web-flow","web-flow","web-flow","web-flow","web-flow"],"committers_count":2,"committers_emails":["61951374+Leo4j@users.noreply.github.com","61951374+Leo4j@users.noreply.github.com","61951374+Leo4j@users.noreply.github.com","61951374+Leo4j@users.noreply.github.com","61951374+Leo4j@users.noreply.github.com","61951374+Leo4j@users.noreply.github.com","61951374+Leo4j@users.noreply.github.com","61951374+Leo4j@users.noreply.github.com","61951374+Leo4j@users.noreply.github.com","61951374+Leo4j@users.noreply.github.com","61951374+Leo4j@users.noreply.github.com","61951374+Leo4j@users.noreply.github.com","61951374+Leo4j@users.noreply.github.com","61951374+Leo4j@users.noreply.github.com","61951374+Leo4j@users.noreply.github.com","61951374+Leo4j@users.noreply.github.com","61951374+Leo4j@users.noreply.github.com","61951374+Leo4j@users.noreply.github.com","61951374+Leo4j@users.noreply.github.com","61951374+Leo4j@users.noreply.github.com","61951374+Leo4j@users.noreply.github.com","61951374+Leo4j@users.noreply.github.com","61951374+Leo4j@users.noreply.github.com","61951374+Leo4j@users.noreply.github.com","61951374+Leo4j@users.noreply.github.com","61951374+Leo4j@users.noreply.github.com","61951374+Leo4j@users.noreply.github.com","61951374+Leo4j@users.noreply.github.com","61951374+Leo4j@users.noreply.github.com","61951374+Leo4j@users.noreply.github.com","61951374+Leo4j@users.noreply.github.com","61951374+Leo4j@users.noreply.github.com","61951374+Leo4j@users.noreply.github.com","61951374+Leo4j@users.noreply.github.com","61951374+Leo4j@users.noreply.github.com","61951374+Leo4j@users.noreply.github.com","61951374+Leo4j@users.noreply.github.com","61951374+Leo4j@users.noreply.github.com","61951374+Leo4j@users.noreply.github.com","61951374+Leo4j@users.noreply.github.com","61951374+Leo4j@users.noreply.github.com","61951374+Leo4j@users.noreply.github.com","61951374+Leo4j@users.noreply.github.com","61951374+Leo4j@users.noreply.github.com","61951374+Leo4j@users.noreply.github.com","61951374+Leo4j@users.noreply.github.com","61951374+Leo4j@users.noreply.github.com","61951374+Leo4j@users.noreply.github.com","61951374+Leo4j@users.noreply.github.com","61951374+Leo4j@users.noreply.github.com","61951374+Leo4j@users.noreply.github.com","61951374+Leo4j@users.noreply.github.com","61951374+Leo4j@users.noreply.github.com","61951374+Leo4j@users.noreply.github.com","61951374+Leo4j@users.noreply.github.com","61951374+Leo4j@users.noreply.github.com","61951374+Leo4j@users.noreply.github.com","61951374+Leo4j@users.noreply.github.com","61951374+Leo4j@users.noreply.github.com","61951374+Leo4j@users.noreply.github.com","61951374+Leo4j@users.noreply.github.com","61951374+Leo4j@users.noreply.github.com","61951374+Leo4j@users.noreply.github.com","61951374+Leo4j@users.noreply.github.com","61951374+Leo4j@users.noreply.github.com","61951374+Leo4j@users.noreply.github.com","61951374+Leo4j@users.noreply.github.com","61951374+Leo4j@users.noreply.github.com","61951374+Leo4j@users.noreply.github.com","61951374+Leo4j@users.noreply.github.com","61951374+Leo4j@users.noreply.github.com","61951374+Leo4j@users.noreply.github.com","61951374+Leo4j@users.noreply.github.com","61951374+Leo4j@users.noreply.github.com","61951374+Leo4j@users.noreply.github.com","61951374+Leo4j@users.noreply.github.com","61951374+Leo4j@users.noreply.github.com","61951374+Leo4j@users.noreply.github.com","61951374+Leo4j@users.noreply.github.com","61951374+Leo4j@users.noreply.github.com","61951374+Leo4j@users.noreply.github.com","61951374+Leo4j@users.noreply.github.com","61951374+Leo4j@users.noreply.github.com","61951374+Leo4j@users.noreply.github.com","61951374+Leo4j@users.noreply.github.com","61951374+Leo4j@users.noreply.github.com","61951374+Leo4j@users.noreply.github.com","61951374+Leo4j@users.noreply.github.com","61951374+Leo4j@users.noreply.github.com","61951374+Leo4j@users.noreply.github.com","61951374+Leo4j@users.noreply.github.com","61951374+Leo4j@users.noreply.github.com","61951374+Leo4j@users.noreply.github.com","61951374+Leo4j@users.noreply.github.com","61951374+Leo4j@users.noreply.github.com","61951374+Leo4j@users.noreply.github.com","61951374+Leo4j@users.noreply.github.com","61951374+Leo4j@users.noreply.github.com","61951374+Leo4j@users.noreply.github.com","61951374+Leo4j@users.noreply.github.com","61951374+Leo4j@users.noreply.github.com","61951374+Leo4j@users.noreply.github.com","61951374+Leo4j@users.noreply.github.com","61951374+Leo4j@users.noreply.github.com","61951374+Leo4j@users.noreply.github.com","61951374+Leo4j@users.noreply.github.com","61951374+Leo4j@users.noreply.github.com","61951374+Leo4j@users.noreply.github.com","61951374+Leo4j@users.noreply.github.com","61951374+Leo4j@users.noreply.github.com","61951374+Leo4j@users.noreply.github.com","61951374+Leo4j@users.noreply.github.com","61951374+Leo4j@users.noreply.github.com","61951374+Leo4j@users.noreply.github.com","61951374+Leo4j@users.noreply.github.com","61951374+Leo4j@users.noreply.github.com","61951374+Leo4j@users.noreply.github.com"],"committers_emails_count":1,"authors":["Leo4j","Leo4j","Leo4j","Leo4j","Leo4j","Leo4j","Leo4j","Leo4j","Leo4j","Leo4j","Leo4j","Leo4j","Leo4j","Leo4j","Leo4j","Leo4j","Leo4j","Leo4j","Leo4j","Leo4j","Leo4j","Leo4j","Leo4j","Leo4j","Leo4j","Leo4j","Leo4j","Leo4j","Leo4j","Leo4j","Leo4j","Leo4j","Leo4j","Leo4j","Leo4j","Leo4j","Leo4j","Leo4j","Leo4j","Leo4j","Leo4j","Leo4j","Leo4j","Leo4j","Leo4j","Leo4j","Leo4j","Leo4j","Leo4j","Leo4j","Leo4j","Leo4j","Leo4j","Leo4j","Leo4j","Leo4j","Leo4j","Leo4j","Leo4j","Leo4j","Leo4j","Leo4j","Leo4j","Leo4j","Leo4j","Leo4j","Leo4j","Leo4j","Leo4j","Leo4j","Leo4j","Leo4j","Leo4j","Leo4j","Leo4j","Leo4j","Leo4j","Leo4j","Leo4j","Leo4j","Leo4j","Leo4j","Leo4j","Leo4j","Leo4j","Leo4j","Leo4j","Leo4j","Leo4j","Leo4j","Leo4j","Leo4j","Leo4j","Leo4j","Leo4j","Leo4j","Leo4j","Leo4j","Leo4j","Leo4j","Leo4j","Leo4j","Leo4j","Leo4j","Leo4j","Leo4j","Leo4j","Leo4j","Leo4j","Leo4j","Leo4j","Leo4j","Leo4j","Leo4j","Leo4j","Leo4j","Leo4j"],"authors_count":1,"assignees":["Leo4j"],"assignees_count":1}