{"forks_count":6,"forkers":["thesle3p","encryptedninja","django-88","ScriptIdiot","samy4samy","cvlabsio"],"stargazers_count":122,"stargazers":["filipposmastro","yrjo","p4yl0ad","litsnarf","SV-ZeroOne","chvancooten","tact1c1an","S3cur3Th1sSh1t","RamadhanAmizudin","S3lrius","natesubra","stevesec","lap1nou","endymi","clod81","Th3Tr1ckst3r","gsmith257-cyber","armag3dd0n","zimnyaa","l4rm4nd","mochaaP","q-a-z","FlyingPhish","moonflowersl","Atsika","boh","vforvasilis","frankwiersma","gh-fml","L1nkd34d","yamakadi","st3rven","kernel-sanders","hugojcqs","Taius","yurigbur","mikeman","fhlip0","askme765cs","healtheedom","CaracalCode","TH3xACE","dustyfresh","lowSoA","gerimisc","unililium","Anthirian","nclv","bosh82","j0nh4t","shantanu561993","WesleyWong420","ma1ware07","Dreyvor","SamSepiolProxy","AlpineAlgorithm","rmusser01","chr0n1k","hirak0","theGuildHall","wh1tenoise","phefley","bryancowan","kapiushion","Dharani-sanjaiy","0xsyr0","lagi","D4rkz3rO","0xnightwolf","1N73LL1G3NC3x","FilatovEgor","sean1001","naksyn","nickhakkz","OffensiveBrute","Jakob6174","Mikehho","zaneGittins","thomsjoh","vgalin","Tim-DPC","oddrune","snak613","jkerai1","bertinguer","boris-szl","Keramas","JeremyNGalloway","behneyh","KidKelso","D00Movenok","netbiosX","conrad760","mamont0v","xrefss","0xZDH","puzzlepeaches","Slaer13","encryptedninja","florianamette","0xHossam","otterpwn","nanderh","v1stra","ghost5683","pwndside","SigEil","abbathon","Logan-Elliott","robshee81","didn0t","Hiimrack","BeauJBurroughs","Zab-an","nickzer0","cbyt3","m57","mr-pmillz","Casp3r-0","LaRancion","marcopedrinazzi","5tuk0v"],"watchers_count":122,"watchers":["filipposmastro","yrjo","p4yl0ad","litsnarf","SV-ZeroOne","chvancooten","tact1c1an","S3cur3Th1sSh1t","RamadhanAmizudin","S3lrius","natesubra","stevesec","lap1nou","endymi","clod81","Th3Tr1ckst3r","gsmith257-cyber","armag3dd0n","zimnyaa","l4rm4nd","mochaaP","q-a-z","FlyingPhish","moonflowersl","Atsika","boh","vforvasilis","frankwiersma","gh-fml","L1nkd34d","yamakadi","st3rven","kernel-sanders","hugojcqs","Taius","yurigbur","mikeman","fhlip0","askme765cs","healtheedom","CaracalCode","TH3xACE","dustyfresh","lowSoA","gerimisc","unililium","Anthirian","nclv","bosh82","j0nh4t","shantanu561993","WesleyWong420","ma1ware07","Dreyvor","SamSepiolProxy","AlpineAlgorithm","rmusser01","chr0n1k","hirak0","theGuildHall","wh1tenoise","phefley","bryancowan","kapiushion","Dharani-sanjaiy","0xsyr0","lagi","D4rkz3rO","0xnightwolf","1N73LL1G3NC3x","FilatovEgor","sean1001","naksyn","nickhakkz","OffensiveBrute","Jakob6174","Mikehho","zaneGittins","thomsjoh","vgalin","Tim-DPC","oddrune","snak613","jkerai1","bertinguer","boris-szl","Keramas","JeremyNGalloway","behneyh","KidKelso","D00Movenok","netbiosX","conrad760","mamont0v","xrefss","0xZDH","puzzlepeaches","Slaer13","encryptedninja","florianamette","0xHossam","otterpwn","nanderh","v1stra","ghost5683","pwndside","SigEil","abbathon","Logan-Elliott","robshee81","didn0t","Hiimrack","BeauJBurroughs","Zab-an","nickzer0","cbyt3","m57","mr-pmillz","Casp3r-0","LaRancion","marcopedrinazzi","5tuk0v"],"contributor_count":1,"contributors":["Flangvik"],"open_pull_request_count":0,"open_pull_requests":[],"label_count":9,"labels":["bug","documentation","duplicate","enhancement","good first issue","help wanted","invalid","question","wontfix"],"subscribers":["Flangvik"],"subscribers_count":1,"committers":["Flangvik","Flangvik","Flangvik","Flangvik","Flangvik","Flangvik","Flangvik","Flangvik","Flangvik","web-flow"],"committers_count":2,"committers_emails":["skiddie@tutanota.com","skiddie@tutanota.com","skiddie@tutanota.com","skiddie@tutanota.com","skiddie@tutanota.com","skiddie@tutanota.com","skiddie@tutanota.com","skiddie@tutanota.com","skiddie@tutanota.com","skiddie@tutanota.com"],"committers_emails_count":1,"authors":["Flangvik","Flangvik","Flangvik","Flangvik","Flangvik","Flangvik","Flangvik","Flangvik","Flangvik","Flangvik"],"authors_count":1,"assignees":["Flangvik"],"assignees_count":1}