{"forks_count":46,"forkers":["axeriumi","axax002","Sts0mrg0","V1rtu0l","nocomp","apkc","3z57uff","virgilcj","TempAccountNull","xkroot","SoloDefend","zc-githubs","jermainlaforce","sodinokibi","koushui","cutff","fengjixuchui","skybky","n0-traces","3453-315h","killvxk","xrv3ovl","offsoc","kimstars","Haunted-Banshee","dkstar11q","Nyx2022","kepler404","H1d3r","emdnaia","0xjbb","s3ancascadia","ScriptIdiot","t3hbb","crisprss","ASkyeye","gavz","Yeah9782","funnybananas","djayaGit","mukarramkhalid","gmh5225","cossinadevil2k","zha0"],"stargazers_count":233,"stargazers":["hasherezade","mcdulltii","mrfearless","Lifka","4l3x777","boringthegod","1A7V9A","Mrhax0rr","1N73LL1G3NC3x","akobdhke","0xEr3bus","mikeman","cossinadevil2k","crackinglandia","heavyscan","Tun-leads","theguly","zha0gongz1","0xvm","wgetnz","gelven4sec","mukarramkhalid","SWORDIntel","dottorvenom","megaparsec314","OffensiveBrute","fq19851220","funnybananas","xXxsomebodyoncetoldmexXx","chr0n1k","Armillus","icyguider","1Gould","zmkeh","zero77","Karib0u","LatentPirate","fnpial","m3rcer","byinarie","clod81","moonflowersl","dunderhay","j0nh4t","9xN","yeshuibo","aweMinchoo","zhzyker","sponnusa","badboycxcc","crisprss","B0y1n4o4","n0n5m1l3","Silence566","acrono","askme765cs","senabuse","jimdi","vforvasilis","luxcupitor","BGE-faith","omaramin17","CN-Syndra","niaojin","Iamgublin","TH3P1T","Ptkatz","a7t0fwa7","TryGOTry","laznotlazy","spumon1","Valerian7","taida957789","reloc2","kepler404","Run0nceEx","WhiteOdin","Acc843739","DamonMohammadbagher","H1ghC0ntr4sT","FZKiritsugu","SolomonSklash","Saltinbank-SyS","hudjefa","zerdnem","BlackTrace","SpadesA99","1203731177","theLSA","TheGreatestGgoat","Nyx2022","AgeloVito","S3lrius","LUCIF3RX","sh4hin","hrtywhy","fhlip0","wulfrano","D3vKn1ght","ajmeese7","come2darkside","RalphDesmangles","MicrobBlue","aletnox","Ringx3","natesubra","nickhakkz","sevenhhhh","kernel-sanders","huaigu4ng","Wild-Wild-Hunt","ChoiSG","edermi","Renyidudumen","Taius","7Shad0w","hulto","naliferopoulos","killvxk","tais9","KeyStrOke95","n0-traces","kaliworld","nullsecX270","sheepdog0x3e","nclv","DreamSoule","evanesoteric","JinBaiWansec","nstasy","fransla","cutff","Lz1y","koushui","liangzai-ff","VmwarePro","sodinokibi","CxBug","Hello-xBugs","PolarPeak","itaymigdal","st3rven","InfiniteSuns","hirak0","idanmaman2","jaychouzzk","DrDenkiBran","irony0egoist","notcpuid","santhosh2521","xkroot","TempAccountNull","verydeveloper-byte","fiercebrute","BorjaMerino","virgilcj","it4ch1","tib36","blowfishJ","lolpkkkjhm","nek0y4nsu","MarlinHacker","hum4n0A","paranoidrookie","BaRuBeLaJaRr","ljb200788","KlinKlinKlin","ItsLelouchxZero","reveng007","Ben-Lichtman","Vith0r","xiaoccao","steepcloud","tzf-omkey","iojymbo","MatthMoestl","robvinson","elauqsap","houseoflore","Tomassky","yanghaoi","td0mm","getupimexhaused","kapiushion","mssky9527","chryzsh","kaIIsyms","Pwn3rx0","Nurdich","Hide067","PHPPlay","Sts0mrg0","Starssgo","mgeeky","artifexor","0x5844","nadav-ram","BenjiTrapp","infosecn1nja","Nosferatuvjr","KillSwitchX7","0xsyr0","ghoulsec","safedv","ghkery","0x4F776C","smallsun107","nn0ses","Dharani-sanjaiy","Crims0nDipp3r","scareing","voidvxvt","manesec","10cks","0xRobert","FreeZeroDays","bakabakaba","brmkit","ringring123973","yamakadi","vpbroadcastb","V1rtu0l","lobe007","Hxnxe","mwnickerson","WS-G","Tmntna","immateria","0xwolfzy","cbyt3","Jean-Francois-C","axeriumi","tututu-patch"],"watchers_count":233,"watchers":["hasherezade","mcdulltii","mrfearless","Lifka","4l3x777","boringthegod","1A7V9A","Mrhax0rr","1N73LL1G3NC3x","akobdhke","0xEr3bus","mikeman","cossinadevil2k","crackinglandia","heavyscan","Tun-leads","theguly","zha0gongz1","0xvm","wgetnz","gelven4sec","mukarramkhalid","SWORDIntel","dottorvenom","megaparsec314","OffensiveBrute","fq19851220","funnybananas","xXxsomebodyoncetoldmexXx","chr0n1k","Armillus","icyguider","1Gould","zmkeh","zero77","Karib0u","LatentPirate","fnpial","m3rcer","byinarie","clod81","moonflowersl","dunderhay","j0nh4t","9xN","yeshuibo","aweMinchoo","zhzyker","sponnusa","badboycxcc","crisprss","B0y1n4o4","n0n5m1l3","Silence566","acrono","askme765cs","senabuse","jimdi","vforvasilis","luxcupitor","BGE-faith","omaramin17","CN-Syndra","niaojin","Iamgublin","TH3P1T","Ptkatz","a7t0fwa7","TryGOTry","laznotlazy","spumon1","Valerian7","taida957789","reloc2","kepler404","Run0nceEx","WhiteOdin","Acc843739","DamonMohammadbagher","H1ghC0ntr4sT","FZKiritsugu","SolomonSklash","Saltinbank-SyS","hudjefa","zerdnem","BlackTrace","SpadesA99","1203731177","theLSA","TheGreatestGgoat","Nyx2022","AgeloVito","S3lrius","LUCIF3RX","sh4hin","hrtywhy","fhlip0","wulfrano","D3vKn1ght","ajmeese7","come2darkside","RalphDesmangles","MicrobBlue","aletnox","Ringx3","natesubra","nickhakkz","sevenhhhh","kernel-sanders","huaigu4ng","Wild-Wild-Hunt","ChoiSG","edermi","Renyidudumen","Taius","7Shad0w","hulto","naliferopoulos","killvxk","tais9","KeyStrOke95","n0-traces","kaliworld","nullsecX270","sheepdog0x3e","nclv","DreamSoule","evanesoteric","JinBaiWansec","nstasy","fransla","cutff","Lz1y","koushui","liangzai-ff","VmwarePro","sodinokibi","CxBug","Hello-xBugs","PolarPeak","itaymigdal","st3rven","InfiniteSuns","hirak0","idanmaman2","jaychouzzk","DrDenkiBran","irony0egoist","notcpuid","santhosh2521","xkroot","TempAccountNull","verydeveloper-byte","fiercebrute","BorjaMerino","virgilcj","it4ch1","tib36","blowfishJ","lolpkkkjhm","nek0y4nsu","MarlinHacker","hum4n0A","paranoidrookie","BaRuBeLaJaRr","ljb200788","KlinKlinKlin","ItsLelouchxZero","reveng007","Ben-Lichtman","Vith0r","xiaoccao","steepcloud","tzf-omkey","iojymbo","MatthMoestl","robvinson","elauqsap","houseoflore","Tomassky","yanghaoi","td0mm","getupimexhaused","kapiushion","mssky9527","chryzsh","kaIIsyms","Pwn3rx0","Nurdich","Hide067","PHPPlay","Sts0mrg0","Starssgo","mgeeky","artifexor","0x5844","nadav-ram","BenjiTrapp","infosecn1nja","Nosferatuvjr","KillSwitchX7","0xsyr0","ghoulsec","safedv","ghkery","0x4F776C","smallsun107","nn0ses","Dharani-sanjaiy","Crims0nDipp3r","scareing","voidvxvt","manesec","10cks","0xRobert","FreeZeroDays","bakabakaba","brmkit","ringring123973","yamakadi","vpbroadcastb","V1rtu0l","lobe007","Hxnxe","mwnickerson","WS-G","Tmntna","immateria","0xwolfzy","cbyt3","Jean-Francois-C","axeriumi","tututu-patch"],"contributor_count":1,"contributors":["naksyn"],"open_pull_request_count":0,"open_pull_requests":[],"label_count":9,"labels":["bug","documentation","duplicate","enhancement","good first issue","help wanted","invalid","question","wontfix"],"subscribers":["naksyn","H1ghl4nd3rs","fengjixuchui","cutff","xkroot","MatthMoestl"],"subscribers_count":6,"committers":["web-flow","naksyn","web-flow","web-flow"],"committers_count":2,"committers_emails":["59816245+naksyn@users.noreply.github.com","59816245+naksyn@users.noreply.github.com","59816245+naksyn@users.noreply.github.com","59816245+naksyn@users.noreply.github.com"],"committers_emails_count":1,"authors":["naksyn","naksyn","naksyn","naksyn"],"authors_count":1,"assignees":["naksyn"],"assignees_count":1}