{
    "forks_count": 18,
    "forkers": [
        "oops4git",
        "jermainlaforce",
        "imaverick1337",
        "jabdy86",
        "killvxk",
        "iamagarre",
        "virgilcj",
        "pirenga",
        "mukarramkhalid",
        "xcalibure2",
        "analyticsearch",
        "zha0",
        "Sec-Fork",
        "dinosn",
        "Phuong39",
        "rvrsh3ll",
        "mattman059",
        "gmh5225"
    ],
    "stargazers_count": 156,
    "stargazers": [
        "itaymigdal",
        "silentEAG",
        "cmprmsd",
        "djnnvx",
        "boringthegod",
        "sh4hin",
        "mthcht",
        "BlackSnufkin",
        "mgeeky",
        "6t2",
        "gmh5225",
        "NakNak669",
        "kleiton0x00",
        "EclipseX270",
        "TechThupport",
        "DevanshuNagpal",
        "MaorSabag",
        "rakiamaker",
        "cybrly",
        "clem9669",
        "voidvxvt",
        "adityatelange",
        "SanjP97",
        "rabbitstack",
        "bannsec",
        "clod81",
        "0xQRx",
        "adrianhazgarcia",
        "1N73LL1G3NC3x",
        "cmjlove1",
        "harr-sudo",
        "mattman059",
        "cwegener",
        "n0tduck1e",
        "FLX-0x00",
        "embargod",
        "ghecko",
        "behneyh",
        "lefayjey",
        "matruane",
        "Thauza",
        "carsonchan12345",
        "paran0ids0ul",
        "devsecopsguides",
        "yamakadi",
        "tehstoni",
        "xrkk",
        "famasoon",
        "S3lrius",
        "itsallpretend",
        "chengongpp",
        "VoldeSec",
        "k3nundrum",
        "Tx0actical",
        "0xprashant",
        "Phuong39",
        "dinosn",
        "zhzyker",
        "mssky9527",
        "evildrummer",
        "D4rkz3rO",
        "moon2l",
        "Digisilient",
        "ian05021",
        "d0gkiller87",
        "nashnsulthan",
        "luminouw",
        "MinAungLe",
        "xcalibure2",
        "x0rium",
        "S3cur3Th1sSh1t",
        "an0x03e8",
        "W0rldSeeker",
        "mukarramkhalid",
        "The-Viper-One",
        "meshari10",
        "lmagendie",
        "gsmith257-cyber",
        "Millerkjc",
        "Vasco0x4",
        "zhangding222",
        "hastalamuerte",
        "epichoxha",
        "jacobocasado",
        "akashrpatil",
        "Yeeb1",
        "hacks2learn",
        "grimbelhax",
        "moonflowersl",
        "heavyscan",
        "mdvpat",
        "syndrowm",
        "cmndcntrlcyber",
        "rs0d",
        "nclv",
        "bvtuhan",
        "mwnickerson",
        "cowbe0x004",
        "aleenzz",
        "kernel-sanders",
        "edermi",
        "K1p2y3",
        "dust-life",
        "yobroda",
        "RalphDesmangles",
        "V1rtu0l",
        "w00dyl3g",
        "tuna1999",
        "RubenHoms",
        "mwatkins-leviathan",
        "LuckyPancake",
        "yanghaoi",
        "ro0kie3",
        "zhihuba",
        "drmckay",
        "gosirys",
        "Taius",
        "affix",
        "SokratisUNI",
        "petarbojic",
        "st3rven",
        "nbaertsch",
        "cxnturi0n",
        "ItsCrem",
        "TomTom18-eng",
        "atimetowait",
        "nezha0583",
        "wisdark",
        "seangcs27",
        "yjosephchoi",
        "qwertyaya",
        "Ben-Lichtman",
        "PavlikPromix",
        "killvxk",
        "aszurnasirpal",
        "zxc135781",
        "wardnath",
        "brettgus",
        "jabdy86",
        "Gr34tz",
        "lck0",
        "0xwolfzy",
        "Ak74-577",
        "Lz1y",
        "imaverick1337",
        "dreadlocked",
        "linkinpark320",
        "Chris1871",
        "kyle41111",
        "zwned",
        "schrodyn",
        "sopwnd",
        "denji",
        "cbyt3",
        "knowlezi",
        "nn0ses"
    ],
    "watchers_count": 156,
    "watchers": [
        "itaymigdal",
        "silentEAG",
        "cmprmsd",
        "djnnvx",
        "boringthegod",
        "sh4hin",
        "mthcht",
        "BlackSnufkin",
        "mgeeky",
        "6t2",
        "gmh5225",
        "NakNak669",
        "kleiton0x00",
        "EclipseX270",
        "TechThupport",
        "DevanshuNagpal",
        "MaorSabag",
        "rakiamaker",
        "cybrly",
        "clem9669",
        "voidvxvt",
        "adityatelange",
        "SanjP97",
        "rabbitstack",
        "bannsec",
        "clod81",
        "0xQRx",
        "adrianhazgarcia",
        "1N73LL1G3NC3x",
        "cmjlove1",
        "harr-sudo",
        "mattman059",
        "cwegener",
        "n0tduck1e",
        "FLX-0x00",
        "embargod",
        "ghecko",
        "behneyh",
        "lefayjey",
        "matruane",
        "Thauza",
        "carsonchan12345",
        "paran0ids0ul",
        "devsecopsguides",
        "yamakadi",
        "tehstoni",
        "xrkk",
        "famasoon",
        "S3lrius",
        "itsallpretend",
        "chengongpp",
        "VoldeSec",
        "k3nundrum",
        "Tx0actical",
        "0xprashant",
        "Phuong39",
        "dinosn",
        "zhzyker",
        "mssky9527",
        "evildrummer",
        "D4rkz3rO",
        "moon2l",
        "Digisilient",
        "ian05021",
        "d0gkiller87",
        "nashnsulthan",
        "luminouw",
        "MinAungLe",
        "xcalibure2",
        "x0rium",
        "S3cur3Th1sSh1t",
        "an0x03e8",
        "W0rldSeeker",
        "mukarramkhalid",
        "The-Viper-One",
        "meshari10",
        "lmagendie",
        "gsmith257-cyber",
        "Millerkjc",
        "Vasco0x4",
        "zhangding222",
        "hastalamuerte",
        "epichoxha",
        "jacobocasado",
        "akashrpatil",
        "Yeeb1",
        "hacks2learn",
        "grimbelhax",
        "moonflowersl",
        "heavyscan",
        "mdvpat",
        "syndrowm",
        "cmndcntrlcyber",
        "rs0d",
        "nclv",
        "bvtuhan",
        "mwnickerson",
        "cowbe0x004",
        "aleenzz",
        "kernel-sanders",
        "edermi",
        "K1p2y3",
        "dust-life",
        "yobroda",
        "RalphDesmangles",
        "V1rtu0l",
        "w00dyl3g",
        "tuna1999",
        "RubenHoms",
        "mwatkins-leviathan",
        "LuckyPancake",
        "yanghaoi",
        "ro0kie3",
        "zhihuba",
        "drmckay",
        "gosirys",
        "Taius",
        "affix",
        "SokratisUNI",
        "petarbojic",
        "st3rven",
        "nbaertsch",
        "cxnturi0n",
        "ItsCrem",
        "TomTom18-eng",
        "atimetowait",
        "nezha0583",
        "wisdark",
        "seangcs27",
        "yjosephchoi",
        "qwertyaya",
        "Ben-Lichtman",
        "PavlikPromix",
        "killvxk",
        "aszurnasirpal",
        "zxc135781",
        "wardnath",
        "brettgus",
        "jabdy86",
        "Gr34tz",
        "lck0",
        "0xwolfzy",
        "Ak74-577",
        "Lz1y",
        "imaverick1337",
        "dreadlocked",
        "linkinpark320",
        "Chris1871",
        "kyle41111",
        "zwned",
        "schrodyn",
        "sopwnd",
        "denji",
        "cbyt3",
        "knowlezi",
        "nn0ses"
    ],
    "contributor_count": 1,
    "contributors": [
        "safedv"
    ],
    "open_pull_request_count": 0,
    "open_pull_requests": [],
    "label_count": 9,
    "labels": [
        "bug",
        "documentation",
        "duplicate",
        "enhancement",
        "good first issue",
        "help wanted",
        "invalid",
        "question",
        "wontfix"
    ],
    "subscribers": [
        "safedv",
        "Phuong39"
    ],
    "subscribers_count": 2,
    "committers": [
        "web-flow",
        "safedv"
    ],
    "committers_count": 2,
    "committers_emails": [
        "48970151+safedv@users.noreply.github.com",
        "davidevalitutti@pm.me"
    ],
    "committers_emails_count": 2,
    "assignees": [
        "safedv"
    ],
    "assignees_count": 1
}