{
    "forks_count": 1,
    "forkers": [
        "v4nyl"
    ],
    "stargazers_count": 28,
    "stargazers": [
        "JSmith-Aura",
        "dunderhay",
        "clod81",
        "ItsCrem",
        "sh4hin",
        "InfiniteSuns",
        "petarbojic",
        "xrkk",
        "cocoonkid",
        "idealphase",
        "mwatkins-leviathan",
        "LawLieTlol",
        "matthewomccorkle",
        "nclv",
        "vforvasilis",
        "cybrly",
        "bond00",
        "orsoto",
        "zblurx",
        "CicadaMikoto",
        "rn0ch4",
        "SRW-OG",
        "0xDECEA5ED",
        "blackhat-t",
        "lkys37en",
        "tayram",
        "parzel",
        "sha-16"
    ],
    "watchers_count": 28,
    "watchers": [
        "JSmith-Aura",
        "dunderhay",
        "clod81",
        "ItsCrem",
        "sh4hin",
        "InfiniteSuns",
        "petarbojic",
        "xrkk",
        "cocoonkid",
        "idealphase",
        "mwatkins-leviathan",
        "LawLieTlol",
        "matthewomccorkle",
        "nclv",
        "vforvasilis",
        "cybrly",
        "bond00",
        "orsoto",
        "zblurx",
        "CicadaMikoto",
        "rn0ch4",
        "SRW-OG",
        "0xDECEA5ED",
        "blackhat-t",
        "lkys37en",
        "tayram",
        "parzel",
        "sha-16"
    ],
    "contributor_count": 1,
    "contributors": [
        "dunderhay"
    ],
    "open_pull_request_count": 0,
    "open_pull_requests": [],
    "label_count": 9,
    "labels": [
        "bug",
        "documentation",
        "duplicate",
        "enhancement",
        "good first issue",
        "help wanted",
        "invalid",
        "question",
        "wontfix"
    ],
    "subscribers": [
        "dunderhay"
    ],
    "subscribers_count": 1,
    "committers": [
        "dunderhay",
        "dunderhay",
        "dunderhay",
        "dunderhay",
        "dunderhay",
        "dunderhay",
        "dunderhay",
        "dunderhay",
        "dunderhay",
        "dunderhay",
        "web-flow"
    ],
    "committers_count": 2,
    "committers_emails": [
        "27876907+dunderhay@users.noreply.github.com",
        "27876907+dunderhay@users.noreply.github.com",
        "27876907+dunderhay@users.noreply.github.com",
        "27876907+dunderhay@users.noreply.github.com",
        "27876907+dunderhay@users.noreply.github.com",
        "27876907+dunderhay@users.noreply.github.com",
        "27876907+dunderhay@users.noreply.github.com",
        "27876907+dunderhay@users.noreply.github.com",
        "27876907+dunderhay@users.noreply.github.com",
        "27876907+dunderhay@users.noreply.github.com",
        "27876907+dunderhay@users.noreply.github.com"
    ],
    "committers_emails_count": 1,
    "assignees": [
        "dunderhay"
    ],
    "assignees_count": 1
}