{
    "forks_count": 14,
    "forkers": [
        "Exi1Sh0w",
        "V1rtu0l",
        "raystyle",
        "RedTeams",
        "Sec-Fork",
        "cmjlove1",
        "s3ancascadia",
        "S1lkys",
        "cvlabsio",
        "cclsh",
        "gmh5225",
        "jayaram-yalla",
        "ASkyeye",
        "emdnaia"
    ],
    "stargazers_count": 85,
    "stargazers": [
        "The-Viper-One",
        "MohamedAzyzChayeb",
        "JimSycurity",
        "dazzyddos",
        "RalphDesmangles",
        "FLeiXiuS",
        "GerhardBotha97",
        "shantanu561993",
        "WesleyWong420",
        "sairson",
        "aleenzz",
        "tothemoon08",
        "v4nyl",
        "jayaram-yalla",
        "0xsyr0",
        "cream-sec",
        "sv3nbeast",
        "akhomlyuk",
        "bcdlbgm",
        "LogiKnight",
        "Logan-Elliott",
        "tututu-patch",
        "kpa1on",
        "dinosn",
        "gongtaoo",
        "keis94",
        "Aquilao",
        "xrkk",
        "a7t0fwa7",
        "Cavonstavant",
        "Dharani-sanjaiy",
        "koztkozt",
        "heavyscan",
        "iccugs",
        "fuzzlove",
        "yjthrstgeragr",
        "d0gkiller87",
        "abcheroworld",
        "Lz1y",
        "th3g3ntl3m4n84",
        "ik5",
        "kaIIsyms",
        "FZKiritsugu",
        "sh4hin",
        "ACEx86",
        "Saltinbank-SyS",
        "kernel-sanders",
        "vortex1409",
        "SolomonSklash",
        "fhlip0",
        "edermi",
        "Taius",
        "0xvm",
        "cmjlove1",
        "askme765cs",
        "p1d3er",
        "itSssm3",
        "ro0kie3",
        "TechThupport",
        "8848sj",
        "HenryChanDC",
        "slemire",
        "ekko-zhao",
        "zhzyker",
        "KlinKlinKlin",
        "LCKhuber",
        "hirak0",
        "yuyan-sec",
        "QKioi",
        "zhourong245",
        "changheluor007",
        "xBlackSwan",
        "M4mb0X",
        "stream1990",
        "Hnisec",
        "zero77",
        "zh54321",
        "4C5A59",
        "mmutj",
        "chr0n1k",
        "florianamette",
        "Ressurect0",
        "jwardsmith",
        "ddtoshio",
        "1337331"
    ],
    "watchers_count": 85,
    "watchers": [
        "The-Viper-One",
        "MohamedAzyzChayeb",
        "JimSycurity",
        "dazzyddos",
        "RalphDesmangles",
        "FLeiXiuS",
        "GerhardBotha97",
        "shantanu561993",
        "WesleyWong420",
        "sairson",
        "aleenzz",
        "tothemoon08",
        "v4nyl",
        "jayaram-yalla",
        "0xsyr0",
        "cream-sec",
        "sv3nbeast",
        "akhomlyuk",
        "bcdlbgm",
        "LogiKnight",
        "Logan-Elliott",
        "tututu-patch",
        "kpa1on",
        "dinosn",
        "gongtaoo",
        "keis94",
        "Aquilao",
        "xrkk",
        "a7t0fwa7",
        "Cavonstavant",
        "Dharani-sanjaiy",
        "koztkozt",
        "heavyscan",
        "iccugs",
        "fuzzlove",
        "yjthrstgeragr",
        "d0gkiller87",
        "abcheroworld",
        "Lz1y",
        "th3g3ntl3m4n84",
        "ik5",
        "kaIIsyms",
        "FZKiritsugu",
        "sh4hin",
        "ACEx86",
        "Saltinbank-SyS",
        "kernel-sanders",
        "vortex1409",
        "SolomonSklash",
        "fhlip0",
        "edermi",
        "Taius",
        "0xvm",
        "cmjlove1",
        "askme765cs",
        "p1d3er",
        "itSssm3",
        "ro0kie3",
        "TechThupport",
        "8848sj",
        "HenryChanDC",
        "slemire",
        "ekko-zhao",
        "zhzyker",
        "KlinKlinKlin",
        "LCKhuber",
        "hirak0",
        "yuyan-sec",
        "QKioi",
        "zhourong245",
        "changheluor007",
        "xBlackSwan",
        "M4mb0X",
        "stream1990",
        "Hnisec",
        "zero77",
        "zh54321",
        "4C5A59",
        "mmutj",
        "chr0n1k",
        "florianamette",
        "Ressurect0",
        "jwardsmith",
        "ddtoshio",
        "1337331"
    ],
    "contributor_count": 1,
    "contributors": [
        "Leo4j"
    ],
    "open_pull_request_count": 0,
    "open_pull_requests": [],
    "label_count": 9,
    "labels": [
        "bug",
        "documentation",
        "duplicate",
        "enhancement",
        "good first issue",
        "help wanted",
        "invalid",
        "question",
        "wontfix"
    ],
    "subscribers": [
        "Leo4j"
    ],
    "subscribers_count": 1,
    "committers": [
        "web-flow",
        "web-flow",
        "web-flow",
        "web-flow",
        "web-flow",
        "web-flow",
        "web-flow",
        "web-flow",
        "web-flow",
        "web-flow",
        "web-flow"
    ],
    "committers_count": 1,
    "committers_emails": [
        "61951374+Leo4j@users.noreply.github.com",
        "61951374+Leo4j@users.noreply.github.com",
        "61951374+Leo4j@users.noreply.github.com",
        "61951374+Leo4j@users.noreply.github.com",
        "61951374+Leo4j@users.noreply.github.com",
        "61951374+Leo4j@users.noreply.github.com",
        "61951374+Leo4j@users.noreply.github.com",
        "61951374+Leo4j@users.noreply.github.com",
        "61951374+Leo4j@users.noreply.github.com",
        "61951374+Leo4j@users.noreply.github.com",
        "61951374+Leo4j@users.noreply.github.com"
    ],
    "committers_emails_count": 1,
    "assignees": [
        "Leo4j"
    ],
    "assignees_count": 1
}