{"forks_count":37,"forkers":["axax002","Element2023H","an0x03e8","wikijm","dkstar11q","KennyZeng","fckoo","qux-bbb","sudonap","RedTeams","climax0x","BenjiTrapp","reiterjr","onlyforbakup","DBB-pro","Novatamoffat","sergelacombe","xcalibure2","Haunted-Banshee","V1rtu0l","gmh5225","H1d3r","Allenboyliu","samy4samy","e4rl","djayaGit","ro0tmylove","r00t7oo2jm","proletarian1966","peiqiF4ck","Sec-Fork","ASkyeye","gavz","FZKiritsugu","emdnaia","wisdark","C0C0red","daxixi"],"stargazers_count":406,"stargazers":["Arrnitage","0xsyr0","hellisabove","natesubra","senzee1984","SWORDIntel","hyperware1337","yj94","INotGreen","liangzai-ff","niaojin","ix111","daxixi","Mamor5409","boringthegod","ZephrFish","invokethreatguy","sh4hin","fuzzlove","xzxxzzzz000","Ly4hm","wisdark","1N73LL1G3NC3x","tdyj","huiliuchuan","guguguhaitian","1203731177","OffensiveBrute","zhanyiyi","moonflowersl","Guillrmo","killvxk","4l3x777","VoldeSec","Mrhax0rr","jackson5sec","BlackSnufkin","willemdh","itaymigdal","evildrummer","mwatkins-leviathan","clod81","FZKiritsugu","0xflagplz","bravery9","aleenzz","Acidicorange","DummyKitty","wgetnz","xiaofghd893","xiaoyueguang-hub","VmwarePro","sh1xo","youcannotseemeagain","zhzyker","allennic","peiqiF4ck","freeNuomi","outmansec","tingtho","proletarian1966","famasoon","winezer0","reloc2","ro0tmylove","Bishopf7","timwhitez","gsmith257-cyber","Tripse","EvilBytecode","0xvm","S9MF","askme765cs","yutianqaq","Ivan-Markovic","tuna1999","1rm","Swifto0","saadazghour","k0sf","c4nc","TTP-Xtian","guguyu1","Pei4AN","luxcupitor","omaramin17","taishangshuhu","gelven4sec","ScriptIdiot","0x5844","S3lrius","Aquilao","D3vKn1ght","4627488","jimmyleocn","MiroKaku","gokupwn","Hamid-K","Iamgublin","IOKernel","dreezysec","vxshellew","Stankye","d0gkiller87","panosdimitrellos","sunnyc7","Ptkatz","tzf-omkey","BambiZombie","UnknowSec","XTeam-Wing","wonderzdh","Kilroy1337","theLSA","evilashz","aptkid","Ciyfly","zhe6652","y0ug","malipense","ll11l1lIllIl1lll","octetstream","V1rtu0l","c2tsh4rk","rn0ch4","julienoh","xcalibure2","cxm437","RalphDesmangles","TheGreatestGgoat","liu1998-yowu","TomTom18-eng","jcdex69","aw220","Zeng-aN","Ridter","Spambustas","FunnyWolf","Neo-Maoku","Dliv3","Siegelcpp","Ringx3","SecStarBot","chibd2000","kernel-sanders","chengongpp","wugedz","Abbbbbqvq","nek0y4nsu","qwqdanchun","wuyoukm","1moaomoao1","nanderh","amjcyber","jiangdada6","Taius","SolomonSklash","jstuif","KeyStrOke95","ryanbaxendale","sorabug","shinegod","S3cur3Th1sSh1t","Lz1y","winterknife","lefayjey","FreeZeroDays","PassingFoam","JBalanza","dust-life","sjC5qiX","assarbad","binarytrails","loseyourself1","bond00","lowSoA","lyx744","nclv","an00byss","Hello-xBugs","Nyx2022","sheepdog0x3e","dan-bolsun","Novatamoffat","DBB-pro","wanf3ng","xhd4","CDotNightHawk","danzek","lihnux","koushui","NakNak669","Saltinbank-SyS","nyacat","flyc05","TheLosingEdge","Yeah9782","kapiushion","hirak0","habib26-14","NoobCat2000","WeissCatWithHat","OneOnOneOff","iccugs","mickygough","a05110511t","CCCougar","0ldbaby","5y5tem5","th3k3ymak3r","0r3ak","mrbin-99","j0nh4t","ATAschert","Marshall-Hallenbeck","hulto","come2darkside","M0chae1","XiaoliChan","No-Github","howmp","HenryChanDC","xrkk","yanghaoi","haoami","BenjiTrapp","JeremyNGalloway","me009","illera88","zwni","lukasrdarev","T-RN-R","Iveco","Shreya12devops","boh","gh-fml","newsoft","tillstuder","ConsT27","jmarie911","ik5","kensh1ro","joker88","healtheedom","r4mos","banananananana","netero1010","spumon1","fiddyschmitt","sgf","sere574","v4resk","Zab-an","Nariod","Babidiii","BlWasp","aqartah","orscohen","KlinKlinKlin","tracure1337","lw8192","F4nZzz","iojymbo","unkvolism","Sukooo","tommiionfire","lkys37en","Vith0r","EclipseX270","4b75726169736859","superuser5","JanielDary","fckoo","bannsec","idafchev","cmndcntrlcyber","oldkingcone","cr-orcohen","achrinza","0xROOTPLS","Juoelenis","czm23333","iceBear67","florianamette","greek0x0","6dlz","RandomCyberM","GrapeFruitWolfs","mssky9527","mwnickerson","nodauf","6t2","DevanshuNagpal","paranoidrookie","pminnebach","onurcangnc","emilaxmdv","Digisilient","oakkaya","sk3l10x1ng","Thauza","voidvxvt","AlperenY-cs","kleiton0x00","lalaP4S4","SanjP97","f3nrir197x","yukaFUNAMI","steepcloud","S12cybersecurity","lsr00ter","chr0n1k","hastalamuerte","je5442804","ka1nsha","Jasso79","vay3t","ehabhussein","santheepK","keeganparr1","faisalfs10x","Whimmery","craigsmooth","yangfan6888","Dump-GUY","8l1NKY","AndyPTMak","Tx0actical","whindsaks","cbbn00","CausticKirbyZ","kaIIsyms","dinosn","sp1d3rb0y","senabuse","LeDav1","moon2l","lifa123","FurkanKAYAPINAR","rafifdna","nezha0583","Deranged0tter","startagain2016","baigae","krystianbajno","jbfuzier","d3f0x0","changheluor007","getcode2git","nt0xa","N1ckZ3ng","mokeneto","xe6077","Bowen-n","matruane","Vasco0x4","kc0sm0s","ccollins77","Philogex","Patrick-DE","duqqqq","jimdi","ebatelchyrok","ParAmbula","nickvourd","yenick514","BorjaMerino","Ph4l4nx","Vdgonc","tonghuaroot","hibensonman","Gyerann","mgeeky","jiaohoping","Ghost53574","nadav-ram","wynnchel","Dareh123","michaelyamout","dur4ng","bayvalli","tanm-sys","donesh","Nurdich","citharus","mlkjjkclsdcsd","buchbuch123","lthon09","szerookii","kunpen","Karl233","malc0des","Quasolaris","broomd0g","aniko33","zeze-zeze","jasoneterry","oalieno","mrpentest","cbyt3","MVG47","xiaoyaoyuanbie","BlackTrace","aoikirito","youngifif","Mercury0"],"watchers_count":406,"watchers":["Arrnitage","0xsyr0","hellisabove","natesubra","senzee1984","SWORDIntel","hyperware1337","yj94","INotGreen","liangzai-ff","niaojin","ix111","daxixi","Mamor5409","boringthegod","ZephrFish","invokethreatguy","sh4hin","fuzzlove","xzxxzzzz000","Ly4hm","wisdark","1N73LL1G3NC3x","tdyj","huiliuchuan","guguguhaitian","1203731177","OffensiveBrute","zhanyiyi","moonflowersl","Guillrmo","killvxk","4l3x777","VoldeSec","Mrhax0rr","jackson5sec","BlackSnufkin","willemdh","itaymigdal","evildrummer","mwatkins-leviathan","clod81","FZKiritsugu","0xflagplz","bravery9","aleenzz","Acidicorange","DummyKitty","wgetnz","xiaofghd893","xiaoyueguang-hub","VmwarePro","sh1xo","youcannotseemeagain","zhzyker","allennic","peiqiF4ck","freeNuomi","outmansec","tingtho","proletarian1966","famasoon","winezer0","reloc2","ro0tmylove","Bishopf7","timwhitez","gsmith257-cyber","Tripse","EvilBytecode","0xvm","S9MF","askme765cs","yutianqaq","Ivan-Markovic","tuna1999","1rm","Swifto0","saadazghour","k0sf","c4nc","TTP-Xtian","guguyu1","Pei4AN","luxcupitor","omaramin17","taishangshuhu","gelven4sec","ScriptIdiot","0x5844","S3lrius","Aquilao","D3vKn1ght","4627488","jimmyleocn","MiroKaku","gokupwn","Hamid-K","Iamgublin","IOKernel","dreezysec","vxshellew","Stankye","d0gkiller87","panosdimitrellos","sunnyc7","Ptkatz","tzf-omkey","BambiZombie","UnknowSec","XTeam-Wing","wonderzdh","Kilroy1337","theLSA","evilashz","aptkid","Ciyfly","zhe6652","y0ug","malipense","ll11l1lIllIl1lll","octetstream","V1rtu0l","c2tsh4rk","rn0ch4","julienoh","xcalibure2","cxm437","RalphDesmangles","TheGreatestGgoat","liu1998-yowu","TomTom18-eng","jcdex69","aw220","Zeng-aN","Ridter","Spambustas","FunnyWolf","Neo-Maoku","Dliv3","Siegelcpp","Ringx3","SecStarBot","chibd2000","kernel-sanders","chengongpp","wugedz","Abbbbbqvq","nek0y4nsu","qwqdanchun","wuyoukm","1moaomoao1","nanderh","amjcyber","jiangdada6","Taius","SolomonSklash","jstuif","KeyStrOke95","ryanbaxendale","sorabug","shinegod","S3cur3Th1sSh1t","Lz1y","winterknife","lefayjey","FreeZeroDays","PassingFoam","JBalanza","dust-life","sjC5qiX","assarbad","binarytrails","loseyourself1","bond00","lowSoA","lyx744","nclv","an00byss","Hello-xBugs","Nyx2022","sheepdog0x3e","dan-bolsun","Novatamoffat","DBB-pro","wanf3ng","xhd4","CDotNightHawk","danzek","lihnux","koushui","NakNak669","Saltinbank-SyS","nyacat","flyc05","TheLosingEdge","Yeah9782","kapiushion","hirak0","habib26-14","NoobCat2000","WeissCatWithHat","OneOnOneOff","iccugs","mickygough","a05110511t","CCCougar","0ldbaby","5y5tem5","th3k3ymak3r","0r3ak","mrbin-99","j0nh4t","ATAschert","Marshall-Hallenbeck","hulto","come2darkside","M0chae1","XiaoliChan","No-Github","howmp","HenryChanDC","xrkk","yanghaoi","haoami","BenjiTrapp","JeremyNGalloway","me009","illera88","zwni","lukasrdarev","T-RN-R","Iveco","Shreya12devops","boh","gh-fml","newsoft","tillstuder","ConsT27","jmarie911","ik5","kensh1ro","joker88","healtheedom","r4mos","banananananana","netero1010","spumon1","fiddyschmitt","sgf","sere574","v4resk","Zab-an","Nariod","Babidiii","BlWasp","aqartah","orscohen","KlinKlinKlin","tracure1337","lw8192","F4nZzz","iojymbo","unkvolism","Sukooo","tommiionfire","lkys37en","Vith0r","EclipseX270","4b75726169736859","superuser5","JanielDary","fckoo","bannsec","idafchev","cmndcntrlcyber","oldkingcone","cr-orcohen","achrinza","0xROOTPLS","Juoelenis","czm23333","iceBear67","florianamette","greek0x0","6dlz","RandomCyberM","GrapeFruitWolfs","mssky9527","mwnickerson","nodauf","6t2","DevanshuNagpal","paranoidrookie","pminnebach","onurcangnc","emilaxmdv","Digisilient","oakkaya","sk3l10x1ng","Thauza","voidvxvt","AlperenY-cs","kleiton0x00","lalaP4S4","SanjP97","f3nrir197x","yukaFUNAMI","steepcloud","S12cybersecurity","lsr00ter","chr0n1k","hastalamuerte","je5442804","ka1nsha","Jasso79","vay3t","ehabhussein","santheepK","keeganparr1","faisalfs10x","Whimmery","craigsmooth","yangfan6888","Dump-GUY","8l1NKY","AndyPTMak","Tx0actical","whindsaks","cbbn00","CausticKirbyZ","kaIIsyms","dinosn","sp1d3rb0y","senabuse","LeDav1","moon2l","lifa123","FurkanKAYAPINAR","rafifdna","nezha0583","Deranged0tter","startagain2016","baigae","krystianbajno","jbfuzier","d3f0x0","changheluor007","getcode2git","nt0xa","N1ckZ3ng","mokeneto","xe6077","Bowen-n","matruane","Vasco0x4","kc0sm0s","ccollins77","Philogex","Patrick-DE","duqqqq","jimdi","ebatelchyrok","ParAmbula","nickvourd","yenick514","BorjaMerino","Ph4l4nx","Vdgonc","tonghuaroot","hibensonman","Gyerann","mgeeky","jiaohoping","Ghost53574","nadav-ram","wynnchel","Dareh123","michaelyamout","dur4ng","bayvalli","tanm-sys","donesh","Nurdich","citharus","mlkjjkclsdcsd","buchbuch123","lthon09","szerookii","kunpen","Karl233","malc0des","Quasolaris","broomd0g","aniko33","zeze-zeze","jasoneterry","oalieno","mrpentest","cbyt3","MVG47","xiaoyaoyuanbie","BlackTrace","aoikirito","youngifif","Mercury0"],"contributor_count":1,"contributors":["senzee1984"],"open_pull_request_count":2,"open_pull_requests":["Update URL for WFPExplorer repo","strPort may be in UdpHeader"],"label_count":9,"labels":["bug","documentation","duplicate","enhancement","good first issue","help wanted","invalid","question","wontfix"],"subscribers":["senzee1984","solidrocks","disassembleblog","Shreya12devops","donesh"],"subscribers_count":5,"committers":["web-flow","web-flow","web-flow","web-flow","web-flow","web-flow","web-flow","web-flow","web-flow","web-flow","web-flow","web-flow","web-flow","web-flow","web-flow","web-flow","web-flow","web-flow","web-flow","web-flow","web-flow","web-flow","web-flow","web-flow","web-flow","web-flow","web-flow"],"committers_count":1,"committers_emails":["33692631+senzee1984@users.noreply.github.com","33692631+senzee1984@users.noreply.github.com","33692631+senzee1984@users.noreply.github.com","33692631+senzee1984@users.noreply.github.com","33692631+senzee1984@users.noreply.github.com","33692631+senzee1984@users.noreply.github.com","33692631+senzee1984@users.noreply.github.com","33692631+senzee1984@users.noreply.github.com","33692631+senzee1984@users.noreply.github.com","33692631+senzee1984@users.noreply.github.com","33692631+senzee1984@users.noreply.github.com","33692631+senzee1984@users.noreply.github.com","33692631+senzee1984@users.noreply.github.com","33692631+senzee1984@users.noreply.github.com","33692631+senzee1984@users.noreply.github.com","33692631+senzee1984@users.noreply.github.com","33692631+senzee1984@users.noreply.github.com","33692631+senzee1984@users.noreply.github.com","33692631+senzee1984@users.noreply.github.com","33692631+senzee1984@users.noreply.github.com","33692631+senzee1984@users.noreply.github.com","33692631+senzee1984@users.noreply.github.com","33692631+senzee1984@users.noreply.github.com","33692631+senzee1984@users.noreply.github.com","33692631+senzee1984@users.noreply.github.com","33692631+senzee1984@users.noreply.github.com","33692631+senzee1984@users.noreply.github.com"],"committers_emails_count":1,"authors":["senzee1984","senzee1984","senzee1984","senzee1984","senzee1984","senzee1984","senzee1984","senzee1984","senzee1984","senzee1984","senzee1984","senzee1984","senzee1984","senzee1984","senzee1984","senzee1984","senzee1984","senzee1984","senzee1984","senzee1984","senzee1984","senzee1984","senzee1984","senzee1984","senzee1984","senzee1984","senzee1984"],"authors_count":1,"assignees":["senzee1984"],"assignees_count":1}