{
    "forks_count": 18,
    "forkers": [
        "fulanah-binti-fulanah",
        "RedTeams",
        "jabdy86",
        "Simeon423",
        "jermainlaforce",
        "KcanCurly",
        "django-88",
        "nil-ref",
        "V33RU",
        "ALi3nW3rX",
        "gavz",
        "dmore",
        "mukarramkhalid",
        "thiagomayllart",
        "fckoo",
        "emdnaia",
        "m00zh33",
        "cvlabsio"
    ],
    "stargazers_count": 238,
    "stargazers": [
        "chengjianshia",
        "zyn3rgy",
        "icyguider",
        "Yeeb1",
        "ifbitcoinsupimup",
        "RalphDesmangles",
        "tehstoni",
        "itaymigdal",
        "tmoney11",
        "vay3t",
        "ryanbaxendale",
        "secfb",
        "Mayyhem",
        "yrjo",
        "HarmJ0y",
        "syndrowm",
        "whitfieldsdad",
        "blake774D",
        "seriotonctf",
        "D00Movenok",
        "swtornio",
        "profintegra",
        "gitgotgitgotit",
        "LasCC",
        "puzzlepeaches",
        "mattreduce",
        "DrMeosch",
        "byt3bl33d3r",
        "pqcfox",
        "famasoon",
        "MartinPSDev",
        "D4rkSh1ft",
        "TechThupport",
        "ycaedes",
        "tristanp299",
        "password-reset",
        "S3lrius",
        "joshualouden",
        "fckoo",
        "AptAmoeba",
        "kernel-sanders",
        "energyadj",
        "thiagomayllart",
        "0xsyr0",
        "kleiton0x00",
        "najashark",
        "davehardy20",
        "akhomlyuk",
        "enj5oy",
        "ayaz-z",
        "Veids",
        "mukarramkhalid",
        "ximerus",
        "ParAmbula",
        "embargod",
        "ByAndrey",
        "FlyingPhish",
        "Bishopf7",
        "MzHmO",
        "anbdummy",
        "Donovoi",
        "che904",
        "moonflowersl",
        "cmjlove1",
        "zimnyaa",
        "4l3x777",
        "luxcupitor",
        "cocoonkid",
        "zblurx",
        "XTeam-Wing",
        "PwntestLab",
        "0xDECEA5ED",
        "Hamid-K",
        "bewniac",
        "rootjaxk",
        "dmt-space",
        "logangoins",
        "edermi",
        "oldkingcone",
        "1N73LL1G3NC3x",
        "zwned",
        "threeskimo",
        "geeknik",
        "mqxmm",
        "Taius",
        "InfiniteSuns",
        "hastalamuerte",
        "chr0n1k",
        "BANANAMAGIC",
        "dottorvenom",
        "nickvourd",
        "ice-wzl",
        "d0gkiller87",
        "nclv",
        "OffensiveBrute",
        "dinosn",
        "shashinma",
        "BenjiTrapp",
        "sean1001",
        "SamDinkelman",
        "xrkk",
        "bridge-four",
        "m3rcer",
        "k3nundrum",
        "iccugs",
        "bsthreatcom",
        "zjicmDarkWing",
        "zaneGittins",
        "xzxxzzzz000",
        "jsdysq",
        "exord66",
        "werdhaihai",
        "Naruto0o",
        "rsherstnev",
        "loecho-sec",
        "eladyesh",
        "habib26-14",
        "DummyKitty",
        "5udoki77y",
        "Kr0ff",
        "sahruldotid",
        "lefayjey",
        "kost",
        "NakNak669",
        "cmndcntrlcyber",
        "jimlaw",
        "Esonhugh",
        "owensan",
        "chosenonehacks",
        "Keramas",
        "aN0mad",
        "hoaazz",
        "ajmeese7",
        "matthew-hollick",
        "mgeeky",
        "Nero22k",
        "HockeyInJune",
        "x981ux993n",
        "malwareuniversity",
        "nadav-ram",
        "c-bless",
        "meganerd",
        "sha174n",
        "ALi3nW3rX",
        "FZKiritsugu",
        "NinjaStyle82",
        "lkys37en",
        "gmh5225",
        "tututu-patch",
        "ba0f3",
        "linux-ksa",
        "YoruYagami",
        "Barriuso",
        "apt-0",
        "esurharun",
        "Millerkjc",
        "onSec-fr",
        "daSk1d",
        "cudd1y",
        "dust-life",
        "EclipseX270",
        "subkryl",
        "Saltinbank-SyS",
        "fiercebrute",
        "stultitiophobia",
        "KlinKlinKlin",
        "plisskien",
        "purpl3horse",
        "angelopassaro",
        "gr0s4b1",
        "garrettfoster13",
        "dehuman1zer",
        "ilays",
        "cmprmsd",
        "nullbind",
        "sadhuroot",
        "ElJoker63",
        "Anthirian",
        "DarkInnocence",
        "MrRobotsAA",
        "clock-workorange",
        "sh4hin",
        "1A7V9A",
        "rmusser01",
        "NoobCat2000",
        "orsoto",
        "MilleniumSpark",
        "endymi",
        "root-gith",
        "wisdark",
        "come2darkside",
        "ik5",
        "m-hatta",
        "WhyWolfie",
        "Stick-of-WuKong",
        "senderend",
        "bryanmcnulty",
        "rkruso",
        "florianamette",
        "LeHackerman",
        "CaptainBoggle",
        "matvey140297",
        "Aior01",
        "theztefan",
        "saberzaid",
        "Assov23",
        "otterpwn",
        "tmcr00ze",
        "Mrhax0rr",
        "supadumb",
        "geralt",
        "RajChowdhury240",
        "its0x08",
        "protrading104",
        "jivoi",
        "sumitvgithub",
        "lpg127",
        "1njected",
        "EverythingLLM",
        "Mag1cByt3s",
        "Manouweb",
        "Tx0actical",
        "POuria25",
        "jabdy86",
        "VasilisKosto",
        "xhuaix",
        "BennetThorpe",
        "0xw0rm",
        "cabrapasao",
        "fuzzylumpkinz",
        "secjo",
        "presianbg",
        "pikpikcu",
        "ArchiMoebius",
        "peiqiF4ck",
        "startagain2016",
        "arcaine2",
        "kaIIsyms"
    ],
    "watchers_count": 238,
    "watchers": [
        "chengjianshia",
        "zyn3rgy",
        "icyguider",
        "Yeeb1",
        "ifbitcoinsupimup",
        "RalphDesmangles",
        "tehstoni",
        "itaymigdal",
        "tmoney11",
        "vay3t",
        "ryanbaxendale",
        "secfb",
        "Mayyhem",
        "yrjo",
        "HarmJ0y",
        "syndrowm",
        "whitfieldsdad",
        "blake774D",
        "seriotonctf",
        "D00Movenok",
        "swtornio",
        "profintegra",
        "gitgotgitgotit",
        "LasCC",
        "puzzlepeaches",
        "mattreduce",
        "DrMeosch",
        "byt3bl33d3r",
        "pqcfox",
        "famasoon",
        "MartinPSDev",
        "D4rkSh1ft",
        "TechThupport",
        "ycaedes",
        "tristanp299",
        "password-reset",
        "S3lrius",
        "joshualouden",
        "fckoo",
        "AptAmoeba",
        "kernel-sanders",
        "energyadj",
        "thiagomayllart",
        "0xsyr0",
        "kleiton0x00",
        "najashark",
        "davehardy20",
        "akhomlyuk",
        "enj5oy",
        "ayaz-z",
        "Veids",
        "mukarramkhalid",
        "ximerus",
        "ParAmbula",
        "embargod",
        "ByAndrey",
        "FlyingPhish",
        "Bishopf7",
        "MzHmO",
        "anbdummy",
        "Donovoi",
        "che904",
        "moonflowersl",
        "cmjlove1",
        "zimnyaa",
        "4l3x777",
        "luxcupitor",
        "cocoonkid",
        "zblurx",
        "XTeam-Wing",
        "PwntestLab",
        "0xDECEA5ED",
        "Hamid-K",
        "bewniac",
        "rootjaxk",
        "dmt-space",
        "logangoins",
        "edermi",
        "oldkingcone",
        "1N73LL1G3NC3x",
        "zwned",
        "threeskimo",
        "geeknik",
        "mqxmm",
        "Taius",
        "InfiniteSuns",
        "hastalamuerte",
        "chr0n1k",
        "BANANAMAGIC",
        "dottorvenom",
        "nickvourd",
        "ice-wzl",
        "d0gkiller87",
        "nclv",
        "OffensiveBrute",
        "dinosn",
        "shashinma",
        "BenjiTrapp",
        "sean1001",
        "SamDinkelman",
        "xrkk",
        "bridge-four",
        "m3rcer",
        "k3nundrum",
        "iccugs",
        "bsthreatcom",
        "zjicmDarkWing",
        "zaneGittins",
        "xzxxzzzz000",
        "jsdysq",
        "exord66",
        "werdhaihai",
        "Naruto0o",
        "rsherstnev",
        "loecho-sec",
        "eladyesh",
        "habib26-14",
        "DummyKitty",
        "5udoki77y",
        "Kr0ff",
        "sahruldotid",
        "lefayjey",
        "kost",
        "NakNak669",
        "cmndcntrlcyber",
        "jimlaw",
        "Esonhugh",
        "owensan",
        "chosenonehacks",
        "Keramas",
        "aN0mad",
        "hoaazz",
        "ajmeese7",
        "matthew-hollick",
        "mgeeky",
        "Nero22k",
        "HockeyInJune",
        "x981ux993n",
        "malwareuniversity",
        "nadav-ram",
        "c-bless",
        "meganerd",
        "sha174n",
        "ALi3nW3rX",
        "FZKiritsugu",
        "NinjaStyle82",
        "lkys37en",
        "gmh5225",
        "tututu-patch",
        "ba0f3",
        "linux-ksa",
        "YoruYagami",
        "Barriuso",
        "apt-0",
        "esurharun",
        "Millerkjc",
        "onSec-fr",
        "daSk1d",
        "cudd1y",
        "dust-life",
        "EclipseX270",
        "subkryl",
        "Saltinbank-SyS",
        "fiercebrute",
        "stultitiophobia",
        "KlinKlinKlin",
        "plisskien",
        "purpl3horse",
        "angelopassaro",
        "gr0s4b1",
        "garrettfoster13",
        "dehuman1zer",
        "ilays",
        "cmprmsd",
        "nullbind",
        "sadhuroot",
        "ElJoker63",
        "Anthirian",
        "DarkInnocence",
        "MrRobotsAA",
        "clock-workorange",
        "sh4hin",
        "1A7V9A",
        "rmusser01",
        "NoobCat2000",
        "orsoto",
        "MilleniumSpark",
        "endymi",
        "root-gith",
        "wisdark",
        "come2darkside",
        "ik5",
        "m-hatta",
        "WhyWolfie",
        "Stick-of-WuKong",
        "senderend",
        "bryanmcnulty",
        "rkruso",
        "florianamette",
        "LeHackerman",
        "CaptainBoggle",
        "matvey140297",
        "Aior01",
        "theztefan",
        "saberzaid",
        "Assov23",
        "otterpwn",
        "tmcr00ze",
        "Mrhax0rr",
        "supadumb",
        "geralt",
        "RajChowdhury240",
        "its0x08",
        "protrading104",
        "jivoi",
        "sumitvgithub",
        "lpg127",
        "1njected",
        "EverythingLLM",
        "Mag1cByt3s",
        "Manouweb",
        "Tx0actical",
        "POuria25",
        "jabdy86",
        "VasilisKosto",
        "xhuaix",
        "BennetThorpe",
        "0xw0rm",
        "cabrapasao",
        "fuzzylumpkinz",
        "secjo",
        "presianbg",
        "pikpikcu",
        "ArchiMoebius",
        "peiqiF4ck",
        "startagain2016",
        "arcaine2",
        "kaIIsyms"
    ],
    "contributor_count": 1,
    "contributors": [
        "0xthirteen"
    ],
    "open_pull_request_count": 0,
    "open_pull_requests": [],
    "label_count": 9,
    "labels": [
        "bug",
        "documentation",
        "duplicate",
        "enhancement",
        "good first issue",
        "help wanted",
        "invalid",
        "question",
        "wontfix"
    ],
    "subscribers": [
        "0xthirteen",
        "jimlaw",
        "simasj"
    ],
    "subscribers_count": 3,
    "committers": [
        "0xthirteen",
        "0xthirteen"
    ],
    "committers_count": 1,
    "committers_emails": [
        "9096315+0xthirteen@users.noreply.github.com",
        "9096315+0xthirteen@users.noreply.github.com"
    ],
    "committers_emails_count": 1,
    "assignees": [
        "0xthirteen"
    ],
    "assignees_count": 1
}