{
    "forks_count": 29,
    "forkers": [
        "bravery9",
        "axax002",
        "SUP3RM4N73",
        "hotelzululima",
        "blueDeath3301",
        "FutureBody",
        "zpaav",
        "offsoc",
        "Droid-MAX",
        "princeleonal",
        "opensesamedoors",
        "wisdark",
        "TechThupport",
        "Nosferatuvjr",
        "mdiqbalahmad",
        "apkc",
        "manisheretostay",
        "3z57uff",
        "killvxk",
        "mukarramkhalid",
        "Passw",
        "V1rtu0l",
        "emdnaia",
        "ASkyeye",
        "epichoxha",
        "FZKiritsugu",
        "RobinFassinaMoschiniForks",
        "gavz",
        "gmh5225"
    ],
    "stargazers_count": 229,
    "stargazers": [
        "0xTriboulet",
        "cwinfosec",
        "chucksploit",
        "HZzz2",
        "FZKiritsugu",
        "gi0cann",
        "epichoxha",
        "hulto",
        "th3k3ymak3r",
        "d3vobed",
        "Ptkatz",
        "RagingRedRiot",
        "atimetowait",
        "silentEAG",
        "V1rtu0l",
        "1Gould",
        "MuzukashiMkJin",
        "reloc2",
        "fdx-xdf",
        "rs0d",
        "kyjybx",
        "chengongpp",
        "chr0n1k",
        "Hamid-K",
        "Jaxii",
        "GerhardBotha97",
        "Passw",
        "mukarramkhalid",
        "geobour98",
        "6t2",
        "0736b",
        "aleenzz",
        "yeshuibo",
        "moon2l",
        "mssky9527",
        "WildPasta",
        "PolarPeak",
        "S1ckB0y1337",
        "u-sam",
        "mmutj",
        "hoaazz",
        "qi4L",
        "0x5826",
        "dwisiswant0",
        "iotjiejie1",
        "akobdhke",
        "Vasco0x4",
        "reveng007",
        "BlackSnufkin",
        "Nariod",
        "gelven4sec",
        "LuckyPancake",
        "killvxk",
        "p4yl0ad",
        "chutuananh2k",
        "luxcupitor",
        "zibra-hash",
        "BaRuBeLaJaRr",
        "ms3c",
        "nclv",
        "Atsika",
        "Sh0ckFR",
        "wugedz",
        "naliferopoulos",
        "silverskyvicto",
        "king-wong",
        "0r3ak",
        "OffensiveBrute",
        "alijnclarke",
        "HenryChanDC",
        "eksperience",
        "m3rcer",
        "rahuldhalla",
        "operatorequals",
        "hastalamuerte",
        "C0C0red",
        "b3nns",
        "omaramin17",
        "klezVirus",
        "swtornio",
        "ryanbaxendale",
        "anbdummy",
        "HackMogador",
        "din4e",
        "famasoon",
        "badboycxcc",
        "6dlz",
        "pwn2ooown",
        "Crims-on",
        "dust-life",
        "yamakadi",
        "yj94",
        "XiaoliChan",
        "KeyStrOke95",
        "yige666",
        "dinosn",
        "tututu-patch",
        "yigitemres",
        "g00dfe11ow",
        "ptrac3",
        "BenjiTrapp",
        "UnT7",
        "rsherstnev",
        "LsvanDarko",
        "Lz1y",
        "imadsvx",
        "Hello-xBugs",
        "Yeah9782",
        "5y5tem5",
        "S3lrius",
        "goffinet",
        "Kr0ff",
        "ShingareOm",
        "TheRedOperator",
        "davey64",
        "ayaz-z",
        "byt3bl33d3r",
        "xrkk",
        "shrek3n",
        "gmh5225",
        "niaojin",
        "uknowsec",
        "LordCasser",
        "ba0f3",
        "1amfine2333",
        "rx4lq6",
        "sv3nbeast",
        "helloyw",
        "FreeZeroDays",
        "zerdnem",
        "bcdlbgm",
        "Nosferatuvjr",
        "Abbbbbqvq",
        "steepcloud",
        "TomTom18-eng",
        "1013503897",
        "0xsyr0",
        "0xvm",
        "ode1esse",
        "smallsun107",
        "blacktraffic",
        "Mikehho",
        "invokethreatguy",
        "itaymigdal",
        "congtrung2k1",
        "Lengso",
        "socketz",
        "MicrobBlue",
        "eladyesh",
        "itSssm3",
        "TTP-Xtian",
        "DummyKitty",
        "NyxKazuya",
        "2867a0",
        "gsmith257-cyber",
        "flyingllama87",
        "zhourong245",
        "ensyn",
        "zclfly",
        "cornerbrooke",
        "terry6020",
        "tais9",
        "sh4hin",
        "moonD4rk",
        "krystianbajno",
        "oldkingcone",
        "wisdark",
        "breachlabs-org",
        "W0rldSeeker",
        "kernel-sanders",
        "idfp",
        "syndrowm",
        "jeffmcjunkin",
        "superuser5",
        "zhangding222",
        "leftp",
        "an0x03e8",
        "JBalanza",
        "53845714nF",
        "realCheesyQuesadilla",
        "moonflowersl",
        "davehardy20",
        "j0nh4t",
        "che0one",
        "Droid-MAX",
        "Taius",
        "g0h4n",
        "princeleonal",
        "JeremyNGalloway",
        "zpaav",
        "tylerrobinson",
        "cocoonkid",
        "beratgisler",
        "hljdqwxq",
        "H1ghC0ntr4sT",
        "Logan-Elliott",
        "cl3a2",
        "whiterabb17",
        "Code-ish",
        "0xyy66",
        "bridge-four",
        "come2darkside",
        "Answerr",
        "Alchemyst0x",
        "kpa1on",
        "jxlambda",
        "thesubtlety",
        "Vulnpire",
        "match-markhattarki",
        "fhlip0",
        "WebKmn",
        "128jku9j",
        "andrescastro1100100",
        "cxm437",
        "cakebomb999",
        "daSk1d",
        "chosenonehacks",
        "samyk",
        "FutureBody",
        "shreyash2002",
        "yo870",
        "grim3",
        "YousefNein",
        "newsoft",
        "dlescos",
        "cammclain",
        "bravery9",
        "chryzsh",
        "boh"
    ],
    "watchers_count": 229,
    "watchers": [
        "0xTriboulet",
        "cwinfosec",
        "chucksploit",
        "HZzz2",
        "FZKiritsugu",
        "gi0cann",
        "epichoxha",
        "hulto",
        "th3k3ymak3r",
        "d3vobed",
        "Ptkatz",
        "RagingRedRiot",
        "atimetowait",
        "silentEAG",
        "V1rtu0l",
        "1Gould",
        "MuzukashiMkJin",
        "reloc2",
        "fdx-xdf",
        "rs0d",
        "kyjybx",
        "chengongpp",
        "chr0n1k",
        "Hamid-K",
        "Jaxii",
        "GerhardBotha97",
        "Passw",
        "mukarramkhalid",
        "geobour98",
        "6t2",
        "0736b",
        "aleenzz",
        "yeshuibo",
        "moon2l",
        "mssky9527",
        "WildPasta",
        "PolarPeak",
        "S1ckB0y1337",
        "u-sam",
        "mmutj",
        "hoaazz",
        "qi4L",
        "0x5826",
        "dwisiswant0",
        "iotjiejie1",
        "akobdhke",
        "Vasco0x4",
        "reveng007",
        "BlackSnufkin",
        "Nariod",
        "gelven4sec",
        "LuckyPancake",
        "killvxk",
        "p4yl0ad",
        "chutuananh2k",
        "luxcupitor",
        "zibra-hash",
        "BaRuBeLaJaRr",
        "ms3c",
        "nclv",
        "Atsika",
        "Sh0ckFR",
        "wugedz",
        "naliferopoulos",
        "silverskyvicto",
        "king-wong",
        "0r3ak",
        "OffensiveBrute",
        "alijnclarke",
        "HenryChanDC",
        "eksperience",
        "m3rcer",
        "rahuldhalla",
        "operatorequals",
        "hastalamuerte",
        "C0C0red",
        "b3nns",
        "omaramin17",
        "klezVirus",
        "swtornio",
        "ryanbaxendale",
        "anbdummy",
        "HackMogador",
        "din4e",
        "famasoon",
        "badboycxcc",
        "6dlz",
        "pwn2ooown",
        "Crims-on",
        "dust-life",
        "yamakadi",
        "yj94",
        "XiaoliChan",
        "KeyStrOke95",
        "yige666",
        "dinosn",
        "tututu-patch",
        "yigitemres",
        "g00dfe11ow",
        "ptrac3",
        "BenjiTrapp",
        "UnT7",
        "rsherstnev",
        "LsvanDarko",
        "Lz1y",
        "imadsvx",
        "Hello-xBugs",
        "Yeah9782",
        "5y5tem5",
        "S3lrius",
        "goffinet",
        "Kr0ff",
        "ShingareOm",
        "TheRedOperator",
        "davey64",
        "ayaz-z",
        "byt3bl33d3r",
        "xrkk",
        "shrek3n",
        "gmh5225",
        "niaojin",
        "uknowsec",
        "LordCasser",
        "ba0f3",
        "1amfine2333",
        "rx4lq6",
        "sv3nbeast",
        "helloyw",
        "FreeZeroDays",
        "zerdnem",
        "bcdlbgm",
        "Nosferatuvjr",
        "Abbbbbqvq",
        "steepcloud",
        "TomTom18-eng",
        "1013503897",
        "0xsyr0",
        "0xvm",
        "ode1esse",
        "smallsun107",
        "blacktraffic",
        "Mikehho",
        "invokethreatguy",
        "itaymigdal",
        "congtrung2k1",
        "Lengso",
        "socketz",
        "MicrobBlue",
        "eladyesh",
        "itSssm3",
        "TTP-Xtian",
        "DummyKitty",
        "NyxKazuya",
        "2867a0",
        "gsmith257-cyber",
        "flyingllama87",
        "zhourong245",
        "ensyn",
        "zclfly",
        "cornerbrooke",
        "terry6020",
        "tais9",
        "sh4hin",
        "moonD4rk",
        "krystianbajno",
        "oldkingcone",
        "wisdark",
        "breachlabs-org",
        "W0rldSeeker",
        "kernel-sanders",
        "idfp",
        "syndrowm",
        "jeffmcjunkin",
        "superuser5",
        "zhangding222",
        "leftp",
        "an0x03e8",
        "JBalanza",
        "53845714nF",
        "realCheesyQuesadilla",
        "moonflowersl",
        "davehardy20",
        "j0nh4t",
        "che0one",
        "Droid-MAX",
        "Taius",
        "g0h4n",
        "princeleonal",
        "JeremyNGalloway",
        "zpaav",
        "tylerrobinson",
        "cocoonkid",
        "beratgisler",
        "hljdqwxq",
        "H1ghC0ntr4sT",
        "Logan-Elliott",
        "cl3a2",
        "whiterabb17",
        "Code-ish",
        "0xyy66",
        "bridge-four",
        "come2darkside",
        "Answerr",
        "Alchemyst0x",
        "kpa1on",
        "jxlambda",
        "thesubtlety",
        "Vulnpire",
        "match-markhattarki",
        "fhlip0",
        "WebKmn",
        "128jku9j",
        "andrescastro1100100",
        "cxm437",
        "cakebomb999",
        "daSk1d",
        "chosenonehacks",
        "samyk",
        "FutureBody",
        "shreyash2002",
        "yo870",
        "grim3",
        "YousefNein",
        "newsoft",
        "dlescos",
        "cammclain",
        "bravery9",
        "chryzsh",
        "boh"
    ],
    "contributor_count": 1,
    "contributors": [
        "trickster0"
    ],
    "open_pull_request_count": 0,
    "open_pull_requests": [],
    "label_count": 9,
    "labels": [
        "bug",
        "documentation",
        "duplicate",
        "enhancement",
        "good first issue",
        "help wanted",
        "invalid",
        "question",
        "wontfix"
    ],
    "subscribers": [
        "trickster0",
        "goodluck4you"
    ],
    "subscribers_count": 2,
    "committers": [
        "web-flow",
        "web-flow",
        "web-flow",
        "trickster0"
    ],
    "committers_count": 2,
    "committers_emails": [
        "tserpthanasis@gmail.com",
        "tserpthanasis@gmail.com",
        "tserpthanasis@gmail.com",
        "tserpthanasis@gmail.com"
    ],
    "committers_emails_count": 1,
    "assignees": [
        "trickster0"
    ],
    "assignees_count": 1
}