{
    "forks_count": 24,
    "forkers": [
        "RedTeams",
        "sec-tools-repo",
        "killvxk",
        "fengjixuchui",
        "virgilcj",
        "xcalibure2",
        "cossinadevil2k",
        "Sec-Fork",
        "yeshuibo",
        "shantanu561993",
        "ricardojruiz",
        "iamasbcx",
        "0xTSR",
        "wisdark",
        "djayaGit",
        "gmh5225",
        "reiterjr",
        "dkstar11q",
        "Real0xF",
        "gavz",
        "ASkyeye",
        "fckoo",
        "mukarramkhalid",
        "53cur3M3"
    ],
    "stargazers_count": 216,
    "stargazers": [
        "Taius",
        "CodeXTF2",
        "DerAlexmeister",
        "W0rldSeeker",
        "T-RN-R",
        "kyxiaxiang",
        "edermi",
        "itaymigdal",
        "florylsk",
        "clem9669",
        "mukarramkhalid",
        "Bli5s",
        "EvilBytecode",
        "jeffmcjunkin",
        "dottorvenom",
        "ChoiSG",
        "fckoo",
        "rickridgley",
        "kleiton0x00",
        "cmjlove1",
        "chr0n1k",
        "S3cur3Th1sSh1t",
        "boringthegod",
        "FZKiritsugu",
        "lukepatterson31",
        "funnybananas",
        "k3nundrum",
        "binarytrails",
        "moon2l",
        "sh4hin",
        "ypsehlig",
        "epichoxha",
        "OffensiveBrute",
        "spv00",
        "KyanHexagon",
        "VoldeSec",
        "shrek3n",
        "rvizx",
        "The-Viper-One",
        "gsmith257-cyber",
        "voidvxvt",
        "Thauza",
        "Lagrosmi",
        "invokethreatguy",
        "Genbox",
        "clod81",
        "Yeeb1",
        "Kr0ff",
        "hastalamuerte",
        "ndanilo8",
        "S4CH",
        "th3k3ymak3r",
        "embargod",
        "kapiushion",
        "TechThupport",
        "iccugs",
        "spyr0-sec",
        "evildrummer",
        "tdsbs",
        "0xvm",
        "Real0xF",
        "duqqqq",
        "fuzzlove",
        "BenjiTrapp",
        "ghost5683",
        "ricardojoserf",
        "Darktortue",
        "famasoon",
        "DummyKitty",
        "florianamette",
        "JinBaiWansec",
        "d3adzo",
        "NoobCat2000",
        "tuna1999",
        "dust-life",
        "d0gkiller87",
        "reiterjr",
        "V1rtu0l",
        "netero1010",
        "2867a0",
        "catmandx",
        "tehstoni",
        "INotGreen",
        "No-Github",
        "bond00",
        "yuyan-sec",
        "Pei4AN",
        "TaxMachine",
        "sgf",
        "AdrienIT",
        "WilleLX1",
        "verydeveloper-byte",
        "WS-G",
        "bvtuhan",
        "stroblite",
        "safedv",
        "KIMBIBLE",
        "anghiammk",
        "xe6077",
        "Cr4sh",
        "0xPrimo",
        "moonflowersl",
        "jmconway",
        "cmprmsd",
        "wisdark",
        "luxcupitor",
        "6661620a",
        "brucod",
        "TypicalUser0",
        "LaRancion",
        "chryzsh",
        "faraoman",
        "puzzithinker",
        "lefayjey",
        "nickvourd",
        "Ptkatz",
        "Mrhax0rr",
        "pwnlog",
        "TH3P1T",
        "heromantf",
        "nclv",
        "jcg5",
        "fin3ss3g0d",
        "match-markhattarki",
        "FreeZeroDays",
        "shantanu561993",
        "furax124",
        "xrkk",
        "hashtaginfosec",
        "KeyStrOke95",
        "yeshuibo",
        "vaycore",
        "DerryRedjeki",
        "Offensive-Panda",
        "Renyidudumen",
        "ghecko",
        "itsallpretend",
        "wh0amitz",
        "whiterabb17",
        "ObsiFlame",
        "mssky9527",
        "Ajatars",
        "SM-Moho",
        "6t2",
        "kernel-sanders",
        "Yeah9782",
        "MartinPSDev",
        "liam-ob",
        "beerandgin",
        "zhzyker",
        "xzxxzzzz000",
        "NardsNoids",
        "Swifto0",
        "arsium",
        "ademkanat",
        "choonarine",
        "kaIIsyms",
        "Spez77777",
        "killvxk",
        "macint0sh",
        "febinrev",
        "xcalibure2",
        "w9925",
        "AnalystM",
        "sh1xo",
        "Lz1y",
        "thecybermafia",
        "Robiinn",
        "ronen1n",
        "oliv4s",
        "Dreyvor",
        "lekosbelas",
        "assarbad",
        "kaliworld",
        "linkinpark320",
        "TomTom18-eng",
        "For-ACGN",
        "1A7V9A",
        "corrupt3k",
        "1rm",
        "Saltinbank-SyS",
        "ringring123973",
        "EclipseX270",
        "blaisebits",
        "milldwagydawg",
        "st3rven",
        "OneOnOneOff",
        "fahid5055",
        "ongyuann",
        "1njected",
        "aionman",
        "DevanshuNagpal",
        "yangfan6888",
        "Iamgublin",
        "d4wu",
        "ChenHuge",
        "startagain2016",
        "timberlanm",
        "factoffer66",
        "changheluor007",
        "jivoi",
        "yicong1352013",
        "Tx0actical",
        "darkmacheken",
        "DarkInnocence",
        "didn0t",
        "sec-tools-repo",
        "icheernoom",
        "zavke",
        "sechvn",
        "funnymaker",
        "ricardojruiz",
        "koreancoco",
        "cmndcntrlcyber",
        "iliopoul",
        "byinarie"
    ],
    "watchers_count": 216,
    "watchers": [
        "Taius",
        "CodeXTF2",
        "DerAlexmeister",
        "W0rldSeeker",
        "T-RN-R",
        "kyxiaxiang",
        "edermi",
        "itaymigdal",
        "florylsk",
        "clem9669",
        "mukarramkhalid",
        "Bli5s",
        "EvilBytecode",
        "jeffmcjunkin",
        "dottorvenom",
        "ChoiSG",
        "fckoo",
        "rickridgley",
        "kleiton0x00",
        "cmjlove1",
        "chr0n1k",
        "S3cur3Th1sSh1t",
        "boringthegod",
        "FZKiritsugu",
        "lukepatterson31",
        "funnybananas",
        "k3nundrum",
        "binarytrails",
        "moon2l",
        "sh4hin",
        "ypsehlig",
        "epichoxha",
        "OffensiveBrute",
        "spv00",
        "KyanHexagon",
        "VoldeSec",
        "shrek3n",
        "rvizx",
        "The-Viper-One",
        "gsmith257-cyber",
        "voidvxvt",
        "Thauza",
        "Lagrosmi",
        "invokethreatguy",
        "Genbox",
        "clod81",
        "Yeeb1",
        "Kr0ff",
        "hastalamuerte",
        "ndanilo8",
        "S4CH",
        "th3k3ymak3r",
        "embargod",
        "kapiushion",
        "TechThupport",
        "iccugs",
        "spyr0-sec",
        "evildrummer",
        "tdsbs",
        "0xvm",
        "Real0xF",
        "duqqqq",
        "fuzzlove",
        "BenjiTrapp",
        "ghost5683",
        "ricardojoserf",
        "Darktortue",
        "famasoon",
        "DummyKitty",
        "florianamette",
        "JinBaiWansec",
        "d3adzo",
        "NoobCat2000",
        "tuna1999",
        "dust-life",
        "d0gkiller87",
        "reiterjr",
        "V1rtu0l",
        "netero1010",
        "2867a0",
        "catmandx",
        "tehstoni",
        "INotGreen",
        "No-Github",
        "bond00",
        "yuyan-sec",
        "Pei4AN",
        "TaxMachine",
        "sgf",
        "AdrienIT",
        "WilleLX1",
        "verydeveloper-byte",
        "WS-G",
        "bvtuhan",
        "stroblite",
        "safedv",
        "KIMBIBLE",
        "anghiammk",
        "xe6077",
        "Cr4sh",
        "0xPrimo",
        "moonflowersl",
        "jmconway",
        "cmprmsd",
        "wisdark",
        "luxcupitor",
        "6661620a",
        "brucod",
        "TypicalUser0",
        "LaRancion",
        "chryzsh",
        "faraoman",
        "puzzithinker",
        "lefayjey",
        "nickvourd",
        "Ptkatz",
        "Mrhax0rr",
        "pwnlog",
        "TH3P1T",
        "heromantf",
        "nclv",
        "jcg5",
        "fin3ss3g0d",
        "match-markhattarki",
        "FreeZeroDays",
        "shantanu561993",
        "furax124",
        "xrkk",
        "hashtaginfosec",
        "KeyStrOke95",
        "yeshuibo",
        "vaycore",
        "DerryRedjeki",
        "Offensive-Panda",
        "Renyidudumen",
        "ghecko",
        "itsallpretend",
        "wh0amitz",
        "whiterabb17",
        "ObsiFlame",
        "mssky9527",
        "Ajatars",
        "SM-Moho",
        "6t2",
        "kernel-sanders",
        "Yeah9782",
        "MartinPSDev",
        "liam-ob",
        "beerandgin",
        "zhzyker",
        "xzxxzzzz000",
        "NardsNoids",
        "Swifto0",
        "arsium",
        "ademkanat",
        "choonarine",
        "kaIIsyms",
        "Spez77777",
        "killvxk",
        "macint0sh",
        "febinrev",
        "xcalibure2",
        "w9925",
        "AnalystM",
        "sh1xo",
        "Lz1y",
        "thecybermafia",
        "Robiinn",
        "ronen1n",
        "oliv4s",
        "Dreyvor",
        "lekosbelas",
        "assarbad",
        "kaliworld",
        "linkinpark320",
        "TomTom18-eng",
        "For-ACGN",
        "1A7V9A",
        "corrupt3k",
        "1rm",
        "Saltinbank-SyS",
        "ringring123973",
        "EclipseX270",
        "blaisebits",
        "milldwagydawg",
        "st3rven",
        "OneOnOneOff",
        "fahid5055",
        "ongyuann",
        "1njected",
        "aionman",
        "DevanshuNagpal",
        "yangfan6888",
        "Iamgublin",
        "d4wu",
        "ChenHuge",
        "startagain2016",
        "timberlanm",
        "factoffer66",
        "changheluor007",
        "jivoi",
        "yicong1352013",
        "Tx0actical",
        "darkmacheken",
        "DarkInnocence",
        "didn0t",
        "sec-tools-repo",
        "icheernoom",
        "zavke",
        "sechvn",
        "funnymaker",
        "ricardojruiz",
        "koreancoco",
        "cmndcntrlcyber",
        "iliopoul",
        "byinarie"
    ],
    "contributor_count": 1,
    "contributors": [
        "ricardojoserf"
    ],
    "open_pull_request_count": 0,
    "open_pull_requests": [],
    "label_count": 9,
    "labels": [
        "bug",
        "documentation",
        "duplicate",
        "enhancement",
        "good first issue",
        "help wanted",
        "invalid",
        "question",
        "wontfix"
    ],
    "subscribers": [
        "ricardojoserf",
        "liam-ob",
        "fengjixuchui"
    ],
    "subscribers_count": 3,
    "committers": [
        "web-flow",
        "web-flow",
        "web-flow",
        "web-flow",
        "web-flow",
        "web-flow",
        "web-flow",
        "web-flow",
        "web-flow",
        "web-flow",
        "web-flow",
        "web-flow",
        "web-flow",
        "web-flow",
        "web-flow",
        "web-flow",
        "web-flow",
        "web-flow",
        "web-flow",
        "web-flow"
    ],
    "committers_count": 1,
    "committers_emails": [
        "ricardojruiz93@gmail.com",
        "ricardojruiz93@gmail.com",
        "ricardojruiz93@gmail.com",
        "ricardojruiz93@gmail.com",
        "ricardojruiz93@gmail.com",
        "ricardojruiz93@gmail.com",
        "ricardojruiz93@gmail.com",
        "ricardojruiz93@gmail.com",
        "ricardojruiz93@gmail.com",
        "ricardojruiz93@gmail.com",
        "ricardojruiz93@gmail.com",
        "ricardojruiz93@gmail.com",
        "ricardojruiz93@gmail.com",
        "ricardojruiz93@gmail.com",
        "ricardojruiz93@gmail.com",
        "ricardojruiz93@gmail.com",
        "ricardojruiz93@gmail.com",
        "ricardojruiz93@gmail.com",
        "ricardojruiz93@gmail.com",
        "ricardojruiz93@gmail.com"
    ],
    "committers_emails_count": 1,
    "assignees": [
        "ricardojoserf"
    ],
    "assignees_count": 1
}