{
    "forks_count": 3,
    "stargazers_count": 20,
    "stargazers": [
        "SanjP97",
        "TTP-Xtian",
        "SecurityAddicted",
        "sh4hin",
        "T-RN-R",
        "manship044g5",
        "cybrly",
        "mwatkins-leviathan",
        "watson0x90",
        "ongyuann",
        "xrkk",
        "yeshuibo",
        "scareing",
        "gsmith257-cyber",
        "nanaao",
        "naksyn",
        "clod81",
        "an0x03e8",
        "Kr0ff",
        "yueyeah"
    ],
    "watchers_count": 20,
    "watchers": [
        "SanjP97",
        "TTP-Xtian",
        "SecurityAddicted",
        "sh4hin",
        "T-RN-R",
        "manship044g5",
        "cybrly",
        "mwatkins-leviathan",
        "watson0x90",
        "ongyuann",
        "xrkk",
        "yeshuibo",
        "scareing",
        "gsmith257-cyber",
        "nanaao",
        "naksyn",
        "clod81",
        "an0x03e8",
        "Kr0ff",
        "yueyeah"
    ],
    "contributor_count": 1,
    "contributors": [
        "ZephrFish"
    ],
    "open_pull_request_count": 0,
    "open_pull_requests": [],
    "label_count": 9,
    "labels": [
        "bug",
        "documentation",
        "duplicate",
        "enhancement",
        "good first issue",
        "help wanted",
        "invalid",
        "question",
        "wontfix"
    ]
}