{
    "forks_count": 6,
    "forkers": [
        "ville87",
        "jabdy86",
        "dannymas",
        "s3ancascadia",
        "emdnaia",
        "gmh5225"
    ],
    "stargazers_count": 30,
    "stargazers": [
        "SanjP97",
        "SecurityAddicted",
        "sh4hin",
        "T-RN-R",
        "manship044g5",
        "cybrly",
        "mwatkins-leviathan",
        "watson0x90",
        "ongyuann",
        "xrkk",
        "yeshuibo",
        "scareing",
        "gsmith257-cyber",
        "nanaao",
        "naksyn",
        "clod81",
        "an0x03e8",
        "Kr0ff",
        "yueyeah",
        "schrodyn",
        "u1fh3dn42",
        "iccugs",
        "Thauza",
        "famasoon",
        "aubreyrs",
        "natesubra",
        "nclv",
        "ewilded",
        "hirak0",
        "jabdy86"
    ],
    "watchers_count": 30,
    "watchers": [
        "SanjP97",
        "SecurityAddicted",
        "sh4hin",
        "T-RN-R",
        "manship044g5",
        "cybrly",
        "mwatkins-leviathan",
        "watson0x90",
        "ongyuann",
        "xrkk",
        "yeshuibo",
        "scareing",
        "gsmith257-cyber",
        "nanaao",
        "naksyn",
        "clod81",
        "an0x03e8",
        "Kr0ff",
        "yueyeah",
        "schrodyn",
        "u1fh3dn42",
        "iccugs",
        "Thauza",
        "famasoon",
        "aubreyrs",
        "natesubra",
        "nclv",
        "ewilded",
        "hirak0",
        "jabdy86"
    ],
    "contributor_count": 1,
    "contributors": [
        "ZephrFish"
    ],
    "open_pull_request_count": 1,
    "open_pull_requests": [
        "Remove dependency from ActiveDirectory module"
    ],
    "label_count": 9,
    "labels": [
        "bug",
        "documentation",
        "duplicate",
        "enhancement",
        "good first issue",
        "help wanted",
        "invalid",
        "question",
        "wontfix"
    ],
    "subscribers": [
        "ZephrFish"
    ],
    "subscribers_count": 1,
    "committers": [
        "web-flow",
        "web-flow",
        "ZephrFish",
        "ZephrFish",
        "web-flow",
        "web-flow"
    ],
    "committers_count": 2,
    "committers_emails": [
        "5783068+ZephrFish@users.noreply.github.com",
        "5783068+ZephrFish@users.noreply.github.com",
        "ZephrFish@users.noreply.github.com",
        "ZephrFish@users.noreply.github.com",
        "5783068+ZephrFish@users.noreply.github.com",
        "5783068+ZephrFish@users.noreply.github.com"
    ],
    "committers_emails_count": 2,
    "assignees": [
        "ZephrFish"
    ],
    "assignees_count": 1
}