{
    "forks_count": 8,
    "forkers": [
        "meiMingle",
        "Moha-Master",
        "Ray005",
        "guoyu07",
        "cyj1995",
        "ahlfors",
        "lepig",
        "zhaoshiling1017"
    ],
    "stargazers_count": 74,
    "stargazers": [
        "Gerhut",
        "justjavac",
        "yaye729125",
        "yuyucongcong",
        "toobigdata",
        "h1994st",
        "colt365",
        "phodal",
        "duminghong",
        "Leconomy",
        "huanglizhuo",
        "benbarth",
        "rimtd",
        "lixplor",
        "fijimunkii",
        "wujunze",
        "jwma",
        "jinMaoHuiHui",
        "jony4",
        "RobertAudi",
        "hylerrix",
        "ZacksQ",
        "thinkdmeanin",
        "Filitov",
        "Cathon",
        "hucheng91",
        "justmd5",
        "wangminli",
        "cuizhennan",
        "B-C-WANG",
        "zhaoshiling1017",
        "aiokr",
        "citizenll",
        "52cik",
        "xctan",
        "lileilei",
        "sherylynn",
        "JasonYangX",
        "anna-yn",
        "hokkoo",
        "someja",
        "alessandrostone",
        "narner",
        "ouxingning",
        "geek-engineer",
        "ppx45",
        "happyday517",
        "muyinliu",
        "loadinger",
        "ThomasAtlantis",
        "Xindot",
        "ropean",
        "nenekodev",
        "9E307",
        "duguying",
        "xg33k",
        "ruzfi",
        "jjhny2a",
        "yl365",
        "dlzspb",
        "ttyS0",
        "Enter-tainer",
        "5frank",
        "Ray005",
        "jimexist",
        "auula",
        "R3d5ct3d",
        "Mr-Ao-Dragon",
        "meiMingle",
        "catecholamin",
        "mariia993",
        "huntrist",
        "coolslutguy420",
        "bugs-404"
    ],
    "watchers_count": 74,
    "watchers": [
        "Gerhut",
        "justjavac",
        "yaye729125",
        "yuyucongcong",
        "toobigdata",
        "h1994st",
        "colt365",
        "phodal",
        "duminghong",
        "Leconomy",
        "huanglizhuo",
        "benbarth",
        "rimtd",
        "lixplor",
        "fijimunkii",
        "wujunze",
        "jwma",
        "jinMaoHuiHui",
        "jony4",
        "RobertAudi",
        "hylerrix",
        "ZacksQ",
        "thinkdmeanin",
        "Filitov",
        "Cathon",
        "hucheng91",
        "justmd5",
        "wangminli",
        "cuizhennan",
        "B-C-WANG",
        "zhaoshiling1017",
        "aiokr",
        "citizenll",
        "52cik",
        "xctan",
        "lileilei",
        "sherylynn",
        "JasonYangX",
        "anna-yn",
        "hokkoo",
        "someja",
        "alessandrostone",
        "narner",
        "ouxingning",
        "geek-engineer",
        "ppx45",
        "happyday517",
        "muyinliu",
        "loadinger",
        "ThomasAtlantis",
        "Xindot",
        "ropean",
        "nenekodev",
        "9E307",
        "duguying",
        "xg33k",
        "ruzfi",
        "jjhny2a",
        "yl365",
        "dlzspb",
        "ttyS0",
        "Enter-tainer",
        "5frank",
        "Ray005",
        "jimexist",
        "auula",
        "R3d5ct3d",
        "Mr-Ao-Dragon",
        "meiMingle",
        "catecholamin",
        "mariia993",
        "huntrist",
        "coolslutguy420",
        "bugs-404"
    ],
    "contributor_count": 1,
    "contributors": [
        "justjavac"
    ],
    "open_pull_request_count": 0,
    "open_pull_requests": [],
    "label_count": 7,
    "labels": [
        "bug",
        "duplicate",
        "enhancement",
        "help wanted",
        "invalid",
        "question",
        "wontfix"
    ],
    "subscribers": [
        "justjavac",
        "lolipop99",
        "Leconomy",
        "evandrix",
        "ilizol",
        "jhcloos",
        "eemailme"
    ],
    "subscribers_count": 7,
    "committers": [
        "justjavac",
        "justjavac",
        "justjavac",
        "justjavac",
        "justjavac",
        "justjavac",
        "justjavac",
        "justjavac",
        "justjavac",
        "justjavac"
    ],
    "committers_count": 1,
    "committers_emails": [
        "justjavac@gmail.com",
        "justjavac@gmail.com",
        "justjavac@gmail.com",
        "justjavac@gmail.com",
        "justjavac@gmail.com",
        "justjavac@gmail.com",
        "justjavac@gmail.com",
        "justjavac@gmail.com",
        "justjavac@gmail.com",
        "justjavac@gmail.com"
    ],
    "committers_emails_count": 1,
    "assignees": [
        "justjavac"
    ],
    "assignees_count": 1
}